Linux 6.8.0-85-generic (raven4) 	10/24/2025 	_x86_64_	(256 CPU)

09:25:38 AM  CPU    %usr   %nice    %sys %iowait    %irq   %soft  %steal  %guest  %gnice   %idle
09:25:39 AM  all   49.67    0.00    0.23    0.00    0.00    0.00    0.00    0.00    0.00   50.09
09:25:39 AM    0   46.46    0.00   20.20    0.00    0.00    0.00    0.00    0.00    0.00   33.33
09:25:39 AM    1   36.00    0.00    0.00    0.00    0.00    0.00    0.00    0.00    0.00   64.00
09:25:39 AM    2   42.42    0.00    0.00    0.00    0.00    0.00    0.00    0.00    0.00   57.58
09:25:39 AM    3   38.61    0.00    0.00    0.00    0.00    0.00    0.00    0.00    0.00   61.39
09:25:39 AM    4   36.63    0.00    0.00    0.00    0.00    0.00    0.00    0.00    0.00   63.37
09:25:39 AM    5   42.42    0.00    0.00    0.00    0.00    0.00    0.00    0.00    0.00   57.58
09:25:39 AM    6   43.00    0.00    0.00    0.00    0.00    0.00    0.00    0.00    0.00   57.00
09:25:39 AM    7   43.00    0.00    0.00    0.00    0.00    0.00    0.00    0.00    0.00   57.00
09:25:39 AM    8   49.00    0.00    0.00    0.00    0.00    0.00    0.00    0.00    0.00   51.00
09:25:39 AM    9   35.00    0.00    0.00    0.00    0.00    0.00    0.00    0.00    0.00   65.00
09:25:39 AM   10   48.48    0.00    0.00    0.00    0.00    0.00    0.00    0.00    0.00   51.52
09:25:39 AM   11   33.00    0.00   13.00    0.00    0.00    0.00    0.00    0.00    0.00   54.00
09:25:39 AM   12   45.45    0.00    0.00    0.00    0.00    0.00    0.00    0.00    0.00   54.55
09:25:39 AM   13   48.51    0.00    0.00    0.00    0.00    0.00    0.00    0.00    0.00   51.49
09:25:39 AM   14   49.00    0.00    0.00    0.00    0.00    0.00    0.00    0.00    0.00   51.00
09:25:39 AM   15   48.51    0.00    0.00    0.00    0.00    0.00    0.00    0.00    0.00   51.49
09:25:39 AM   16   55.00    0.00    0.00    0.00    0.00    0.00    0.00    0.00    0.00   45.00
09:25:39 AM   17   33.00    0.00    0.00    0.00    0.00    0.00    0.00    0.00    0.00   67.00
09:25:39 AM   18   54.00    0.00    0.00    0.00    0.00    0.00    0.00    0.00    0.00   46.00
09:25:39 AM   19   49.00    0.00    0.00    0.00    0.00    0.00    0.00    0.00    0.00   51.00
09:25:39 AM   20   52.00    0.00    0.00    0.00    0.00    0.00    0.00    0.00    0.00   48.00
09:25:39 AM   21   54.46    0.00    0.00    0.00    0.00    0.00    0.00    0.00    0.00   45.54
09:25:39 AM   22   54.00    0.00    0.00    0.00    0.00    0.00    0.00    0.00    0.00   46.00
09:25:39 AM   23   54.00    0.00    1.00    0.00    0.00    0.00    0.00    0.00    0.00   45.00
09:25:39 AM   24   42.00    0.00    0.00    0.00    0.00    0.00    0.00    0.00    0.00   58.00
09:25:39 AM   25   36.63    0.00    0.00    0.00    0.00    0.00    0.00    0.00    0.00   63.37
09:25:39 AM   26   42.00    0.00    0.00    0.00    0.00    0.00    0.00    0.00    0.00   58.00
09:25:39 AM   27   37.00    0.00    0.00    0.00    0.00    0.00    0.00    0.00    0.00   63.00
09:25:39 AM   28   37.00    0.00    0.00    0.00    0.00    0.00    0.00    0.00    0.00   63.00
09:25:39 AM   29   42.00    0.00    0.00    0.00    0.00    0.00    0.00    0.00    0.00   58.00
09:25:39 AM   30   41.58    0.00    0.00    0.00    0.00    0.00    0.00    0.00    0.00   58.42
09:25:39 AM   31   41.41    0.00    0.00    0.00    0.00    0.00    0.00    0.00    0.00   58.59
09:25:39 AM   32   55.00    0.00    0.00    0.00    0.00    0.00    0.00    0.00    0.00   45.00
09:25:39 AM   33   34.00    0.00    0.00    0.00    0.00    0.00    0.00    0.00    0.00   66.00
09:25:39 AM   34   54.55    0.00    0.00    0.00    0.00    0.00    0.00    0.00    0.00   45.45
09:25:39 AM   35   32.00    0.00    0.00    0.00    0.00    0.00    0.00    0.00    0.00   68.00
09:25:39 AM   36   52.00    0.00    0.00    0.00    0.00    0.00    0.00    0.00    0.00   48.00
09:25:39 AM   37   55.00    0.00    0.00    0.00    0.00    0.00    0.00    0.00    0.00   45.00
09:25:39 AM   38   55.00    0.00    0.00    0.00    0.00    0.00    0.00    0.00    0.00   45.00
09:25:39 AM   39   54.00    0.00    0.00    0.00    0.00    0.00    0.00    0.00    0.00   46.00
09:25:39 AM   40   48.00    0.00    0.00    0.00    0.00    0.00    0.00    0.00    0.00   52.00
09:25:39 AM   41   42.57    0.00    1.98    0.00    0.00    0.00    0.00    0.00    0.00   55.45
09:25:39 AM   42   57.00    0.00    4.00    0.00    0.00    0.00    0.00    0.00    0.00   39.00
09:25:39 AM   43   39.00    0.00    4.00    0.00    0.00    0.00    0.00    0.00    0.00   57.00
09:25:39 AM   44   34.34    0.00    1.01    0.00    0.00    0.00    0.00    0.00    0.00   64.65
09:25:39 AM   45   47.52    0.00    0.99    0.00    0.00    0.00    0.00    0.00    0.00   51.49
09:25:39 AM   46   48.00    0.00    1.00    0.00    0.00    0.00    0.00    0.00    0.00   51.00
09:25:39 AM   47   47.47    0.00    2.02    0.00    0.00    0.00    0.00    0.00    0.00   50.51
09:25:39 AM   48   47.52    0.00    0.00    0.00    0.00    0.00    0.00    0.00    0.00   52.48
09:25:39 AM   49   32.00    0.00    0.00    0.00    0.00    0.00    0.00    0.00    0.00   68.00
09:25:39 AM   50   46.00    0.00    0.00    0.00    0.00    0.00    0.00    0.00    0.00   54.00
09:25:39 AM   51   33.00    0.00    0.00    0.00    0.00    0.00    0.00    0.00    0.00   67.00
09:25:39 AM   52   38.00    0.00    1.00    0.00    0.00    0.00    0.00    0.00    0.00   61.00
09:25:39 AM   53   47.00    0.00    0.00    0.00    0.00    0.00    0.00    0.00    0.00   53.00
09:25:39 AM   54   46.53    0.00    0.00    0.00    0.00    0.00    0.00    0.00    0.00   53.47
09:25:39 AM   55   47.00    0.00    0.00    0.00    0.00    0.00    0.00    0.00    0.00   53.00
09:25:39 AM   56   55.00    0.00    0.00    0.00    0.00    0.00    0.00    0.00    0.00   45.00
09:25:39 AM   57   38.38    0.00    0.00    0.00    0.00    0.00    0.00    0.00    0.00   61.62
09:25:39 AM   58   56.00    0.00    0.00    0.00    0.00    0.00    0.00    0.00    0.00   44.00
09:25:39 AM   59   33.66    0.00    0.99    0.00    0.00    0.00    0.00    0.00    0.00   65.35
09:25:39 AM   60   52.00    0.00    0.00    0.00    0.00    0.00    0.00    0.00    0.00   48.00
09:25:39 AM   61   56.00    0.00    0.00    0.00    0.00    0.00    0.00    0.00    0.00   44.00
09:25:39 AM   62   56.00    0.00    0.00    0.00    0.00    0.00    0.00    0.00    0.00   44.00
09:25:39 AM   63   55.56    0.00    0.00    0.00    0.00    0.00    0.00    0.00    0.00   44.44
09:25:39 AM   64   57.58    0.00    0.00    0.00    0.00    0.00    0.00    0.00    0.00   42.42
09:25:39 AM   65   35.00    0.00    0.00    0.00    0.00    0.00    0.00    0.00    0.00   65.00
09:25:39 AM   66   57.58    0.00    0.00    0.00    0.00    0.00    0.00    0.00    0.00   42.42
09:25:39 AM   67   31.68    0.00    0.00    0.00    0.00    0.00    0.00    0.00    0.00   68.32
09:25:39 AM   68   41.00    0.00    0.00    0.00    0.00    0.00    0.00    0.00    0.00   59.00
09:25:39 AM   69   58.00    0.00    0.00    0.00    0.00    0.00    0.00    0.00    0.00   42.00
09:25:39 AM   70   58.00    0.00    0.00    0.00    0.00    0.00    0.00    0.00    0.00   42.00
09:25:39 AM   71   57.00    0.00    0.00    0.00    0.00    0.00    0.00    0.00    0.00   43.00
09:25:39 AM   72   56.00    0.00    0.00    0.00    0.00    0.00    0.00    0.00    0.00   44.00
09:25:39 AM   73   36.63    0.00    0.00    0.00    0.00    0.00    0.00    0.00    0.00   63.37
09:25:39 AM   74   56.00    0.00    0.00    0.00    0.00    0.00    0.00    0.00    0.00   44.00
09:25:39 AM   75   35.00    0.00    0.00    0.00    0.00    0.00    0.00    0.00    0.00   65.00
09:25:39 AM   76   55.00    0.00    0.00    0.00    0.00    0.00    0.00    0.00    0.00   45.00
09:25:39 AM   77   56.00    0.00    0.00    0.00    0.00    0.00    0.00    0.00    0.00   44.00
09:25:39 AM   78   57.00    0.00    0.00    0.00    0.00    0.00    0.00    0.00    0.00   43.00
09:25:39 AM   79   57.00    0.00    0.00    0.00    0.00    0.00    0.00    0.00    0.00   43.00
09:25:39 AM   80   50.50    0.00    0.00    0.00    0.00    0.00    0.00    0.00    0.00   49.50
09:25:39 AM   81   44.44    0.00    0.00    0.00    0.00    0.00    0.00    0.00    0.00   55.56
09:25:39 AM   82   51.00    0.00    0.00    0.00    0.00    0.00    0.00    0.00    0.00   49.00
09:25:39 AM   83   46.00    0.00    0.00    0.00    0.00    0.00    0.00    0.00    0.00   54.00
09:25:39 AM   84   44.00    0.00    0.00    0.00    0.00    0.00    0.00    0.00    0.00   56.00
09:25:39 AM   85   51.00    0.00    0.00    0.00    0.00    0.00    0.00    0.00    0.00   49.00
09:25:39 AM   86   50.50    0.00    0.00    0.00    0.00    0.00    0.00    0.00    0.00   49.50
09:25:39 AM   87   50.00    0.00    0.00    0.00    0.00    0.00    0.00    0.00    0.00   50.00
09:25:39 AM   88   53.00    0.00    0.00    0.00    0.00    0.00    0.00    0.00    0.00   47.00
09:25:39 AM   89   49.49    0.00    0.00    0.00    0.00    0.00    0.00    0.00    0.00   50.51
09:25:39 AM   90   53.00    0.00    0.00    0.00    0.00    0.00    0.00    0.00    0.00   47.00
09:25:39 AM   91   48.00    0.00    0.00    0.00    0.00    0.00    0.00    0.00    0.00   52.00
09:25:39 AM   92   51.00    0.00    0.00    0.00    0.00    0.00    0.00    0.00    0.00   49.00
09:25:39 AM   93   53.47    0.00    0.00    0.00    0.00    0.00    0.00    0.00    0.00   46.53
09:25:39 AM   94   53.54    0.00    0.00    0.00    0.00    0.00    0.00    0.00    0.00   46.46
09:25:39 AM   95   52.53    0.00    0.00    0.00    0.00    0.00    0.00    0.00    0.00   47.47
09:25:39 AM   96   58.00    0.00    0.00    0.00    0.00    0.00    0.00    0.00    0.00   42.00
09:25:39 AM   97   56.00    0.00    0.00    0.00    0.00    0.00    0.00    0.00    0.00   44.00
09:25:39 AM   98   58.42    0.00    0.00    0.00    0.00    0.00    0.00    0.00    0.00   41.58
09:25:39 AM   99   56.00    0.00    0.00    0.00    0.00    0.00    0.00    0.00    0.00   44.00
09:25:39 AM  100   58.00    0.00    0.00    0.00    0.00    0.00    0.00    0.00    0.00   42.00
09:25:39 AM  101   58.00    0.00    0.00    0.00    0.00    0.00    0.00    0.00    0.00   42.00
09:25:39 AM  102   58.00    0.00    0.00    0.00    0.00    0.00    0.00    0.00    0.00   42.00
09:25:39 AM  103   70.30    0.00    2.97    0.00    0.00    0.00    0.00    0.00    0.00   26.73
09:25:39 AM  104   59.00    0.00    0.00    0.00    0.00    0.00    0.00    0.00    0.00   41.00
09:25:39 AM  105   58.00    0.00    0.00    0.00    0.00    0.00    0.00    0.00    0.00   42.00
09:25:39 AM  106   58.00    0.00    0.00    0.00    0.00    0.00    0.00    0.00    0.00   42.00
09:25:39 AM  107   49.00    0.00    0.00    0.00    0.00    0.00    0.00    0.00    0.00   51.00
09:25:39 AM  108   59.00    0.00    0.00    0.00    0.00    0.00    0.00    0.00    0.00   41.00
09:25:39 AM  109   59.00    0.00    0.00    0.00    0.00    0.00    0.00    0.00    0.00   41.00
09:25:39 AM  110   58.00    0.00    0.00    0.00    0.00    0.00    0.00    0.00    0.00   42.00
09:25:39 AM  111   58.42    0.00    0.00    0.00    0.00    0.00    0.00    0.00    0.00   41.58
09:25:39 AM  112   59.60    0.00    0.00    0.00    0.00    0.00    0.00    0.00    0.00   40.40
09:25:39 AM  113   59.00    0.00    0.00    0.00    0.00    0.00    0.00    0.00    0.00   41.00
09:25:39 AM  114   59.60    0.00    0.00    0.00    0.00    0.00    0.00    0.00    0.00   40.40
09:25:39 AM  115   59.00    0.00    0.00    0.00    0.00    0.00    0.00    0.00    0.00   41.00
09:25:39 AM  116   60.00    0.00    0.00    0.00    0.00    0.00    0.00    0.00    0.00   40.00
09:25:39 AM  117   60.00    0.00    0.00    0.00    0.00    0.00    0.00    0.00    0.00   40.00
09:25:39 AM  118   60.00    0.00    0.00    0.00    0.00    0.00    0.00    0.00    0.00   40.00
09:25:39 AM  119   59.60    0.00    0.00    0.00    0.00    0.00    0.00    0.00    0.00   40.40
09:25:39 AM  120   59.60    0.00    0.00    0.00    0.00    0.00    0.00    0.00    0.00   40.40
09:25:39 AM  121   59.00    0.00    0.00    0.00    0.00    0.00    0.00    0.00    0.00   41.00
09:25:39 AM  122   59.60    0.00    0.00    0.00    0.00    0.00    0.00    0.00    0.00   40.40
09:25:39 AM  123   59.00    0.00    0.00    0.00    0.00    0.00    0.00    0.00    0.00   41.00
09:25:39 AM  124   59.00    0.00    0.00    0.00    0.00    0.00    0.00    0.00    0.00   41.00
09:25:39 AM  125   59.00    0.00    0.00    0.00    0.00    0.00    0.00    0.00    0.00   41.00
09:25:39 AM  126   59.00    0.00    0.00    0.00    0.00    0.00    0.00    0.00    0.00   41.00
09:25:39 AM  127   59.00    0.00    0.00    0.00    0.00    0.00    0.00    0.00    0.00   41.00
09:25:39 AM  128   42.57    0.00    0.00    0.00    0.00    0.00    0.00    0.00    0.00   57.43
09:25:39 AM  129   33.00    0.00    0.00    0.00    0.00    0.00    0.00    0.00    0.00   67.00
09:25:39 AM  130   42.57    0.00    0.00    0.00    0.00    0.00    0.00    0.00    0.00   57.43
09:25:39 AM  131   36.63    0.00    0.99    0.00    0.00    0.00    0.00    0.00    0.00   62.38
09:25:39 AM  132   38.38    0.00    0.00    0.00    0.00    0.00    0.00    0.00    0.00   61.62
09:25:39 AM  133   43.00    0.00    0.00    0.00    0.00    0.00    0.00    0.00    0.00   57.00
09:25:39 AM  134   43.00    0.00    0.00    0.00    0.00    0.00    0.00    0.00    0.00   57.00
09:25:39 AM  135   42.00    0.00    0.00    0.00    0.00    0.00    0.00    0.00    0.00   58.00
09:25:39 AM  136   49.00    0.00    0.00    0.00    0.00    0.00    0.00    0.00    0.00   51.00
09:25:39 AM  137   35.00    0.00    1.00    0.00    0.00    0.00    0.00    0.00    0.00   64.00
09:25:39 AM  138   48.51    0.00    0.00    0.00    0.00    0.00    0.00    0.00    0.00   51.49
09:25:39 AM  139   35.00    0.00    0.00    0.00    0.00    0.00    0.00    0.00    0.00   65.00
09:25:39 AM  140   43.00    0.00    0.00    0.00    0.00    0.00    0.00    0.00    0.00   57.00
09:25:39 AM  141   49.00    0.00    0.00    0.00    0.00    0.00    0.00    0.00    0.00   51.00
09:25:39 AM  142   48.48    0.00    0.00    0.00    0.00    0.00    0.00    0.00    0.00   51.52
09:25:39 AM  143   49.00    0.00    0.00    0.00    0.00    0.00    0.00    0.00    0.00   51.00
09:25:39 AM  144   54.00    0.00    0.00    0.00    0.00    0.00    0.00    0.00    0.00   46.00
09:25:39 AM  145   34.00    0.00    0.00    0.00    0.00    0.00    0.00    0.00    0.00   66.00
09:25:39 AM  146   54.00    0.00    0.00    0.00    0.00    0.00    0.00    0.00    0.00   46.00
09:25:39 AM  147   39.00    0.00    0.00    0.00    0.00    0.00    0.00    0.00    0.00   61.00
09:25:39 AM  148   44.00    0.00    0.00    0.00    0.00    0.00    0.00    0.00    0.00   56.00
09:25:39 AM  149   54.46    0.00    0.00    0.00    0.00    0.00    0.00    0.00    0.00   45.54
09:25:39 AM  150   54.55    0.00    0.00    0.00    0.00    0.00    0.00    0.00    0.00   45.45
09:25:39 AM  151   54.00    0.00    0.00    0.00    0.00    0.00    0.00    0.00    0.00   46.00
09:25:39 AM  152   42.00    0.00    0.00    0.00    0.00    0.00    0.00    0.00    0.00   58.00
09:25:39 AM  153   30.00    0.00    0.00    0.00    0.00    0.00    0.00    0.00    0.00   70.00
09:25:39 AM  154   41.41    0.00    0.00    0.00    0.00    0.00    0.00    0.00    0.00   58.59
09:25:39 AM  155   29.29    0.00    0.00    0.00    0.00    0.00    0.00    0.00    0.00   70.71
09:25:39 AM  156   32.32    0.00    0.00    0.00    0.00    0.00    0.00    0.00    0.00   67.68
09:25:39 AM  157   42.00    0.00    0.00    0.00    0.00    0.00    0.00    0.00    0.00   58.00
09:25:39 AM  158   41.00    0.00    0.00    0.00    0.00    0.00    0.00    0.00    0.00   59.00
09:25:39 AM  159   41.00    0.00    1.00    0.00    0.00    0.00    0.00    0.00    0.00   58.00
09:25:39 AM  160   54.55    0.00    0.00    0.00    0.00    0.00    0.00    0.00    0.00   45.45
09:25:39 AM  161   32.00    0.00    0.00    0.00    0.00    0.00    0.00    0.00    0.00   68.00
09:25:39 AM  162   54.46    0.00    0.00    0.00    0.00    0.00    0.00    0.00    0.00   45.54
09:25:39 AM  163   34.00    0.00    0.00    0.00    0.00    0.00    0.00    0.00    0.00   66.00
09:25:39 AM  164   49.50    0.00    0.00    0.00    0.00    0.00    0.00    0.00    0.00   50.50
09:25:39 AM  165   55.00    0.00    0.00    0.00    0.00    0.00    0.00    0.00    0.00   45.00
09:25:39 AM  166   54.46    0.00    0.00    0.00    0.00    0.00    0.00    0.00    0.00   45.54
09:25:39 AM  167   54.55    0.00    0.00    0.00    0.00    0.00    0.00    0.00    0.00   45.45
09:25:39 AM  168   48.00    0.00    0.00    0.00    0.00    0.00    0.00    0.00    0.00   52.00
09:25:39 AM  169   34.00    0.00    0.00    0.00    0.00    0.00    0.00    0.00    0.00   66.00
09:25:39 AM  170   47.47    0.00    0.00    0.00    0.00    0.00    0.00    0.00    0.00   52.53
09:25:39 AM  171   36.63    0.00    0.99    0.00    0.00    0.00    0.00    0.00    0.00   62.38
09:25:39 AM  172   37.37    0.00    0.00    0.00    0.00    0.00    0.00    0.00    0.00   62.63
09:25:39 AM  173   48.00    0.00    0.00    0.00    0.00    0.00    0.00    0.00    0.00   52.00
09:25:39 AM  174   47.00    0.00    0.00    0.00    0.00    0.00    0.00    0.00    0.00   53.00
09:25:39 AM  175   47.00    0.00    0.00    0.00    0.00    0.00    0.00    0.00    0.00   53.00
09:25:39 AM  176   47.00    0.00    0.00    0.00    0.00    0.00    0.00    0.00    0.00   53.00
09:25:39 AM  177   32.00    0.00    1.00    0.00    0.00    0.00    0.00    0.00    0.00   67.00
09:25:39 AM  178   47.00    0.00    0.00    0.00    0.00    0.00    0.00    0.00    0.00   53.00
09:25:39 AM  179   32.00    0.00    0.00    0.00    0.00    0.00    0.00    0.00    0.00   68.00
09:25:39 AM  180   43.00    0.00    0.00    0.00    0.00    0.00    0.00    0.00    0.00   57.00
09:25:39 AM  181   47.00    0.00    0.00    0.00    0.00    0.00    0.00    0.00    0.00   53.00
09:25:39 AM  182   47.00    0.00    0.00    0.00    0.00    0.00    0.00    0.00    0.00   53.00
09:25:39 AM  183   46.53    0.00    0.00    0.00    0.00    0.00    0.00    0.00    0.00   53.47
09:25:39 AM  184   55.45    0.00    0.00    0.00    0.00    0.00    0.00    0.00    0.00   44.55
09:25:39 AM  185   36.36    0.00    0.00    0.00    0.00    0.00    0.00    0.00    0.00   63.64
09:25:39 AM  186   55.56    0.00    0.00    0.00    0.00    0.00    0.00    0.00    0.00   44.44
09:25:39 AM  187   46.00    0.00    0.00    0.00    0.00    0.00    0.00    0.00    0.00   54.00
09:25:39 AM  188   54.46    0.00    0.00    0.00    0.00    0.00    0.00    0.00    0.00   45.54
09:25:39 AM  189   56.00    0.00    0.00    0.00    0.00    0.00    0.00    0.00    0.00   44.00
09:25:39 AM  190   56.00    0.00    0.00    0.00    0.00    0.00    0.00    0.00    0.00   44.00
09:25:39 AM  191   55.00    0.00    0.00    0.00    0.00    0.00    0.00    0.00    0.00   45.00
09:25:39 AM  192   57.00    0.00    0.00    0.00    0.00    0.00    0.00    0.00    0.00   43.00
09:25:39 AM  193   56.57    0.00    0.00    0.00    0.00    0.00    0.00    0.00    0.00   43.43
09:25:39 AM  194   57.58    0.00    0.00    0.00    0.00    0.00    0.00    0.00    0.00   42.42
09:25:39 AM  195   56.57    0.00    0.00    0.00    0.00    0.00    0.00    0.00    0.00   43.43
09:25:39 AM  196   56.00    0.00    0.00    0.00    0.00    0.00    0.00    0.00    0.00   44.00
09:25:39 AM  197   57.00    0.00    0.00    0.00    0.00    0.00    0.00    0.00    0.00   43.00
09:25:39 AM  198   57.00    0.00    0.00    0.00    0.00    0.00    0.00    0.00    0.00   43.00
09:25:39 AM  199   57.00    0.00    0.00    0.00    0.00    0.00    0.00    0.00    0.00   43.00
09:25:39 AM  200   56.00    0.00    0.00    0.00    0.00    0.00    0.00    0.00    0.00   44.00
09:25:39 AM  201   35.00    0.00    0.00    0.00    0.00    0.00    0.00    0.00    0.00   65.00
09:25:39 AM  202   56.00    0.00    0.00    0.00    0.00    0.00    0.00    0.00    0.00   44.00
09:25:39 AM  203   35.00    0.00    0.00    0.00    0.00    0.00    0.00    0.00    0.00   65.00
09:25:39 AM  204   52.00    0.00    0.00    0.00    0.00    0.00    0.00    0.00    0.00   48.00
09:25:39 AM  205   56.57    0.00    0.00    0.00    0.00    0.00    0.00    0.00    0.00   43.43
09:25:39 AM  206   56.44    0.00    0.00    0.00    0.00    0.00    0.00    0.00    0.00   43.56
09:25:39 AM  207   56.00    0.00    0.00    0.00    0.00    0.00    0.00    0.00    0.00   44.00
09:25:39 AM  208   50.00    0.00    0.00    0.00    0.00    0.00    0.00    0.00    0.00   50.00
09:25:39 AM  209   33.33    0.00    0.00    0.00    0.00    0.00    0.00    0.00    0.00   66.67
09:25:39 AM  210   51.00    0.00    0.00    0.00    0.00    0.00    0.00    0.00    0.00   49.00
09:25:39 AM  211   36.00    0.00    0.00    0.00    0.00    0.00    0.00    0.00    0.00   64.00
09:25:39 AM  212   43.00    0.00    0.00    0.00    0.00    0.00    0.00    0.00    0.00   57.00
09:25:39 AM  213   50.51    0.00    0.00    0.00    0.00    0.00    0.00    0.00    0.00   49.49
09:25:39 AM  214   50.50    0.00    0.00    0.00    0.00    0.00    0.00    0.00    0.00   49.50
09:25:39 AM  215   50.00    0.00    1.00    0.00    0.00    0.00    0.00    0.00    0.00   49.00
09:25:39 AM  216   54.00    0.00    0.00    0.00    0.00    0.00    0.00    0.00    0.00   46.00
09:25:39 AM  217   36.63    0.00    0.00    0.00    0.00    0.00    0.00    0.00    0.00   63.37
09:25:39 AM  218   54.00    0.00    0.00    0.00    0.00    0.00    0.00    0.00    0.00   46.00
09:25:39 AM  219   42.00    0.00    0.00    0.00    0.00    0.00    0.00    0.00    0.00   58.00
09:25:39 AM  220   39.00    0.00    0.00    0.00    0.00    0.00    0.00    0.00    0.00   61.00
09:25:39 AM  221   53.00    0.00    0.00    0.00    0.00    0.00    0.00    0.00    0.00   47.00
09:25:39 AM  222   53.54    0.00    0.00    0.00    0.00    0.00    0.00    0.00    0.00   46.46
09:25:39 AM  223   53.00    0.00    0.00    0.00    0.00    0.00    0.00    0.00    0.00   47.00
09:25:39 AM  224   58.42    0.00    0.00    0.00    0.00    0.00    0.00    0.00    0.00   41.58
09:25:39 AM  225   40.40    0.00    0.00    0.00    0.00    0.00    0.00    0.00    0.00   59.60
09:25:39 AM  226   58.00    0.00    0.00    0.00    0.00    0.00    0.00    0.00    0.00   42.00
09:25:39 AM  227   57.00    0.00    0.00    0.00    0.00    0.00    0.00    0.00    0.00   43.00
09:25:39 AM  228   57.43    0.00    0.00    0.00    0.00    0.00    0.00    0.00    0.00   42.57
09:25:39 AM  229   58.00    0.00    0.00    0.00    0.00    0.00    0.00    0.00    0.00   42.00
09:25:39 AM  230   58.00    0.00    0.00    0.00    0.00    0.00    0.00    0.00    0.00   42.00
09:25:39 AM  231   57.58    0.00    0.00    0.00    0.00    0.00    0.00    0.00    0.00   42.42
09:25:39 AM  232   59.00    0.00    0.00    0.00    0.00    0.00    0.00    0.00    0.00   41.00
09:25:39 AM  233   57.43    0.00    0.00    0.00    0.00    0.00    0.00    0.00    0.00   42.57
09:25:39 AM  234   58.42    0.00    0.00    0.00    0.00    0.00    0.00    0.00    0.00   41.58
09:25:39 AM  235   58.00    0.00    0.00    0.00    0.00    0.00    0.00    0.00    0.00   42.00
09:25:39 AM  236   58.42    0.00    0.00    0.00    0.00    0.00    0.00    0.00    0.00   41.58
09:25:39 AM  237   59.00    0.00    0.00    0.00    0.00    0.00    0.00    0.00    0.00   41.00
09:25:39 AM  238   58.42    0.00    0.00    0.00    0.00    0.00    0.00    0.00    0.00   41.58
09:25:39 AM  239   58.59    0.00    0.00    0.00    0.00    0.00    0.00    0.00    0.00   41.41
09:25:39 AM  240   59.60    0.00    0.00    0.00    0.00    0.00    0.00    0.00    0.00   40.40
09:25:39 AM  241   59.41    0.00    0.00    0.00    0.00    0.00    0.00    0.00    0.00   40.59
09:25:39 AM  242   59.41    0.00    0.00    0.00    0.00    0.00    0.00    0.00    0.00   40.59
09:25:39 AM  243   59.00    0.00    0.00    0.00    0.00    0.00    0.00    0.00    0.00   41.00
09:25:39 AM  244   59.00    0.00    0.00    0.00    0.00    0.00    0.00    0.00    0.00   41.00
09:25:39 AM  245   60.00    0.00    0.00    0.00    0.00    0.00    0.00    0.00    0.00   40.00
09:25:39 AM  246   59.60    0.00    0.00    0.00    0.00    0.00    0.00    0.00    0.00   40.40
09:25:39 AM  247   59.41    0.00    0.00    0.00    0.00    0.00    0.00    0.00    0.00   40.59
09:25:39 AM  248   59.00    0.00    0.00    0.00    0.00    0.00    0.00    0.00    0.00   41.00
09:25:39 AM  249   59.00    0.00    0.00    0.00    0.00    0.00    0.00    0.00    0.00   41.00
09:25:39 AM  250   59.41    0.00    0.00    0.00    0.00    0.00    0.00    0.00    0.00   40.59
09:25:39 AM  251   59.00    0.00    0.00    0.00    0.00    0.00    0.00    0.00    0.00   41.00
09:25:39 AM  252   59.00    0.00    0.00    0.00    0.00    0.00    0.00    0.00    0.00   41.00
09:25:39 AM  253   59.60    0.00    0.00    0.00    0.00    0.00    0.00    0.00    0.00   40.40
09:25:39 AM  254   59.41    0.00    0.00    0.00    0.00    0.00    0.00    0.00    0.00   40.59
09:25:39 AM  255   59.00    0.00    0.00    0.00    0.00    0.00    0.00    0.00    0.00   41.00

09:25:39 AM  CPU    %usr   %nice    %sys %iowait    %irq   %soft  %steal  %guest  %gnice   %idle
09:25:40 AM  all    0.75    0.00    3.25   39.20    0.00    0.00    0.00    0.00    0.00   56.80
09:25:40 AM    0    1.30    0.00   22.08   54.55    0.00    0.00    0.00    0.00    0.00   22.08
09:25:40 AM    1    1.09    0.00    6.52   63.04    0.00    0.00    0.00    0.00    0.00   29.35
09:25:40 AM    2    2.11    0.00    5.26   53.68    0.00    0.00    0.00    0.00    0.00   38.95
09:25:40 AM    3    1.06    0.00    6.38   54.26    0.00    0.00    0.00    0.00    0.00   38.30
09:25:40 AM    4    1.05    0.00    4.21   51.58    0.00    0.00    0.00    0.00    0.00   43.16
09:25:40 AM    5    2.08    0.00    5.21   53.12    0.00    0.00    0.00    0.00    0.00   39.58
09:25:40 AM    6    1.05    0.00    4.21   57.89    0.00    0.00    0.00    0.00    0.00   36.84
09:25:40 AM    7    1.05    0.00    4.21   61.05    0.00    0.00    0.00    0.00    0.00   33.68
09:25:40 AM    8    1.04    0.00    5.21   56.25    0.00    0.00    0.00    0.00    0.00   37.50
09:25:40 AM    9    1.03    0.00    6.19   56.70    0.00    0.00    0.00    0.00    0.00   36.08
09:25:40 AM   10    1.04    0.00    4.17   50.00    0.00    0.00    0.00    0.00    0.00   44.79
09:25:40 AM   11    1.04    0.00    6.25   56.25    0.00    0.00    0.00    0.00    0.00   36.46
09:25:40 AM   12    1.03    0.00    6.19   55.67    0.00    0.00    0.00    0.00    0.00   37.11
09:25:40 AM   13    1.05    0.00    6.32   47.37    0.00    0.00    0.00    0.00    0.00   45.26
09:25:40 AM   14    2.08    0.00    6.25   56.25    0.00    0.00    0.00    0.00    0.00   35.42
09:25:40 AM   15    1.05    0.00    4.21   57.89    0.00    0.00    0.00    0.00    0.00   36.84
09:25:40 AM   16    1.05    0.00    7.37   61.05    0.00    0.00    0.00    0.00    0.00   30.53
09:25:40 AM   17    1.05    0.00    5.26   57.89    0.00    0.00    0.00    0.00    0.00   35.79
09:25:40 AM   18    2.11    0.00    6.32   57.89    0.00    0.00    0.00    0.00    0.00   33.68
09:25:40 AM   19    2.08    0.00    6.25   56.25    0.00    0.00    0.00    0.00    0.00   35.42
09:25:40 AM   20    2.06    0.00    7.22   53.61    0.00    0.00    0.00    0.00    0.00   37.11
09:25:40 AM   21    0.00    0.00    7.29   51.04    0.00    0.00    0.00    0.00    0.00   41.67
09:25:40 AM   22    2.13    0.00    6.38   59.57    0.00    0.00    0.00    0.00    0.00   31.91
09:25:40 AM   23    1.06    0.00    7.45   62.77    0.00    0.00    0.00    0.00    0.00   28.72
09:25:40 AM   24    1.06    0.00    6.38   61.70    0.00    0.00    0.00    0.00    0.00   30.85
09:25:40 AM   25    1.05    0.00    6.32   58.95    0.00    0.00    0.00    0.00    0.00   33.68
09:25:40 AM   26    1.04    0.00    6.25   58.33    0.00    0.00    0.00    0.00    0.00   34.38
09:25:40 AM   27    1.05    0.00    5.26   62.11    0.00    0.00    0.00    0.00    0.00   31.58
09:25:40 AM   28    1.04    0.00    5.21   54.17    0.00    0.00    0.00    0.00    0.00   39.58
09:25:40 AM   29    1.05    0.00    6.32   57.89    0.00    0.00    0.00    0.00    0.00   34.74
09:25:40 AM   30    1.05    0.00    5.26   54.74    0.00    0.00    0.00    0.00    0.00   38.95
09:25:40 AM   31    1.05    0.00    5.26   44.21    0.00    0.00    0.00    0.00    0.00   49.47
09:25:40 AM   32    1.04    0.00    7.29   59.38    0.00    0.00    0.00    0.00    0.00   32.29
09:25:40 AM   33    1.05    0.00    6.32   62.11    0.00    0.00    0.00    0.00    0.00   30.53
09:25:40 AM   34    2.04    0.00    6.12   61.22    0.00    0.00    0.00    0.00    0.00   30.61
09:25:40 AM   35    2.11    0.00    3.16   55.79    0.00    0.00    0.00    0.00    0.00   38.95
09:25:40 AM   36    1.04    0.00    5.21   55.21    0.00    0.00    0.00    0.00    0.00   38.54
09:25:40 AM   37    1.03    0.00    6.19   54.64    0.00    0.00    0.00    0.00    0.00   38.14
09:25:40 AM   38    2.06    0.00    5.15   62.89    0.00    0.00    0.00    0.00    0.00   29.90
09:25:40 AM   39    1.04    0.00    7.29   58.33    0.00    0.00    0.00    0.00    0.00   33.33
09:25:40 AM   40    2.11    0.00    5.26   63.16    0.00    0.00    0.00    0.00    0.00   29.47
09:25:40 AM   41    1.05    0.00    5.26   55.79    0.00    0.00    0.00    0.00    0.00   37.89
09:25:40 AM   42    1.04    0.00    5.21   45.83    0.00    0.00    0.00    0.00    0.00   47.92
09:25:40 AM   43    1.03    0.00    6.19   48.45    0.00    0.00    0.00    0.00    0.00   44.33
09:25:40 AM   44    1.04    0.00    4.17   54.17    0.00    0.00    0.00    0.00    0.00   40.62
09:25:40 AM   45    1.04    0.00    5.21   53.12    0.00    0.00    0.00    0.00    0.00   40.62
09:25:40 AM   46    1.04    0.00    4.17   60.42    0.00    0.00    0.00    0.00    0.00   34.38
09:25:40 AM   47    1.05    0.00    5.26   55.79    0.00    0.00    0.00    0.00    0.00   37.89
09:25:40 AM   48    1.05    0.00    6.32   55.79    0.00    0.00    0.00    0.00    0.00   36.84
09:25:40 AM   49    1.05    0.00    4.21   55.79    0.00    0.00    0.00    0.00    0.00   38.95
09:25:40 AM   50    2.11    0.00    4.21   47.37    0.00    0.00    0.00    0.00    0.00   46.32
09:25:40 AM   51    0.00    0.00    7.29   53.12    0.00    0.00    0.00    0.00    0.00   39.58
09:25:40 AM   52    1.05    0.00    3.16   42.11    0.00    0.00    0.00    0.00    0.00   53.68
09:25:40 AM   53    1.04    0.00    5.21   58.33    0.00    0.00    0.00    0.00    0.00   35.42
09:25:40 AM   54    2.08    0.00    5.21   53.12    0.00    0.00    0.00    0.00    0.00   39.58
09:25:40 AM   55    1.05    0.00    5.26   51.58    0.00    0.00    0.00    0.00    0.00   42.11
09:25:40 AM   56    2.11    0.00    5.26   50.53    0.00    0.00    0.00    0.00    0.00   42.11
09:25:40 AM   57    0.00    0.00    5.15   43.30    0.00    0.00    0.00    0.00    0.00   51.55
09:25:40 AM   58    1.03    0.00    5.15   45.36    0.00    0.00    0.00    0.00    0.00   48.45
09:25:40 AM   59    1.05    0.00    5.26   51.58    0.00    0.00    0.00    0.00    0.00   42.11
09:25:40 AM   60    1.03    0.00    6.19   37.11    0.00    0.00    0.00    0.00    0.00   55.67
09:25:40 AM   61    1.04    0.00    6.25   51.04    0.00    0.00    0.00    0.00    0.00   41.67
09:25:40 AM   62    1.04    0.00    5.21   45.83    0.00    0.00    0.00    0.00    0.00   47.92
09:25:40 AM   63    1.04    0.00    6.25   53.12    0.00    0.00    0.00    0.00    0.00   39.58
09:25:40 AM   64    1.06    0.00    3.19   60.64    0.00    0.00    0.00    0.00    0.00   35.11
09:25:40 AM   65    2.11    0.00    3.16   58.95    0.00    0.00    0.00    0.00    0.00   35.79
09:25:40 AM   66    1.04    0.00    2.08   54.17    0.00    0.00    0.00    0.00    0.00   42.71
09:25:40 AM   67    1.05    0.00    4.21   48.42    0.00    0.00    0.00    0.00    0.00   46.32
09:25:40 AM   68    1.03    0.00    3.09   56.70    0.00    0.00    0.00    0.00    0.00   39.18
09:25:40 AM   69    0.00    0.00    3.12   53.12    0.00    0.00    0.00    0.00    0.00   43.75
09:25:40 AM   70    1.04    0.00    2.08   40.62    0.00    0.00    0.00    0.00    0.00   56.25
09:25:40 AM   71    1.05    0.00    2.11   48.42    0.00    0.00    0.00    0.00    0.00   48.42
09:25:40 AM   72    1.04    0.00    3.12   59.38    0.00    0.00    0.00    0.00    0.00   36.46
09:25:40 AM   73    0.00    0.00    3.16   53.68    0.00    0.00    0.00    0.00    0.00   43.16
09:25:40 AM   74    1.05    0.00    1.05   51.58    0.00    0.00    0.00    0.00    0.00   46.32
09:25:40 AM   75    1.06    0.00    2.13   50.00    0.00    0.00    0.00    0.00    0.00   46.81
09:25:40 AM   76    0.00    0.00    2.11   51.58    0.00    0.00    0.00    0.00    0.00   46.32
09:25:40 AM   77    1.05    0.00    2.11   52.63    0.00    0.00    0.00    0.00    0.00   44.21
09:25:40 AM   78    1.05    0.00    1.05   53.68    0.00    0.00    0.00    0.00    0.00   44.21
09:25:40 AM   79    1.04    0.00    3.12   55.21    0.00    0.00    0.00    0.00    0.00   40.62
09:25:40 AM   80    1.04    0.00    3.12   42.71    0.00    0.00    0.00    0.00    0.00   53.12
09:25:40 AM   81    1.03    0.00    3.09   44.33    0.00    0.00    0.00    0.00    0.00   51.55
09:25:40 AM   82    1.04    0.00    4.17   42.71    0.00    0.00    0.00    0.00    0.00   52.08
09:25:40 AM   83    1.03    0.00    2.06   36.08    0.00    0.00    0.00    0.00    0.00   60.82
09:25:40 AM   84    1.02    0.00    4.08   39.80    0.00    0.00    0.00    0.00    0.00   55.10
09:25:40 AM   85    1.02    0.00    3.06   34.69    0.00    0.00    0.00    0.00    0.00   61.22
09:25:40 AM   86    1.05    0.00    4.21   56.84    0.00    0.00    0.00    0.00    0.00   37.89
09:25:40 AM   87    1.05    0.00    2.11   43.16    0.00    0.00    0.00    0.00    0.00   53.68
09:25:40 AM   88    0.00    0.00    0.00    0.00    0.00    0.00    0.00    0.00    0.00  100.00
09:25:40 AM   89    0.00    0.00    0.00    0.00    0.00    0.00    0.00    0.00    0.00  100.00
09:25:40 AM   90    0.00    0.00    0.00    0.00    0.00    0.00    0.00    0.00    0.00  100.00
09:25:40 AM   91    0.00    0.00    0.00    0.00    0.00    0.00    0.00    0.00    0.00  100.00
09:25:40 AM   92    0.00    0.00    0.00    0.00    0.00    0.00    0.00    0.00    0.00  100.00
09:25:40 AM   93    0.00    0.00    0.00    0.00    0.00    0.00    0.00    0.00    0.00  100.00
09:25:40 AM   94    0.00    0.00    0.00    0.00    0.00    0.00    0.00    0.00    0.00  100.00
09:25:40 AM   95    0.00    0.00    0.00    0.00    0.00    0.00    0.00    0.00    0.00  100.00
09:25:40 AM   96    1.05    0.00    3.16   57.89    0.00    0.00    0.00    0.00    0.00   37.89
09:25:40 AM   97    1.06    0.00    2.13   53.19    0.00    0.00    0.00    0.00    0.00   43.62
09:25:40 AM   98    0.00    0.00    1.06   51.06    0.00    0.00    0.00    0.00    0.00   47.87
09:25:40 AM   99    0.00    0.00    2.08   54.17    0.00    0.00    0.00    0.00    0.00   43.75
09:25:40 AM  100    1.03    0.00    2.06   47.42    0.00    0.00    0.00    0.00    0.00   49.48
09:25:40 AM  101    0.00    0.00    1.05   46.32    0.00    0.00    0.00    0.00    0.00   52.63
09:25:40 AM  102    1.03    0.00    2.06   38.14    0.00    0.00    0.00    0.00    0.00   58.76
09:25:40 AM  103    0.00    0.00    1.05   45.26    0.00    0.00    0.00    0.00    0.00   53.68
09:25:40 AM  104    0.00    0.00    0.00    0.00    0.00    0.00    0.00    0.00    0.00  100.00
09:25:40 AM  105    0.00    0.00    0.00    0.00    0.00    0.00    0.00    0.00    0.00  100.00
09:25:40 AM  106    0.00    0.00    0.00    0.00    0.00    0.00    0.00    0.00    0.00  100.00
09:25:40 AM  107    0.00    0.00    0.00    0.00    0.00    0.00    0.00    0.00    0.00  100.00
09:25:40 AM  108    0.00    0.00    0.00    0.00    0.00    0.00    0.00    0.00    0.00  100.00
09:25:40 AM  109    0.00    0.00    0.00    0.00    0.00    0.00    0.00    0.00    0.00  100.00
09:25:40 AM  110    0.00    0.00    0.00    0.00    0.00    0.00    0.00    0.00    0.00  100.00
09:25:40 AM  111    0.00    0.00    0.00    0.00    0.00    0.00    0.00    0.00    0.00  100.00
09:25:40 AM  112    0.00    0.00    0.00    0.00    0.00    0.00    0.00    0.00    0.00  100.00
09:25:40 AM  113    0.00    0.00    0.00    0.00    0.00    0.00    0.00    0.00    0.00  100.00
09:25:40 AM  114    0.00    0.00    0.00    0.00    0.00    0.00    0.00    0.00    0.00  100.00
09:25:40 AM  115    0.00    0.00    0.00    0.00    0.00    0.00    0.00    0.00    0.00  100.00
09:25:40 AM  116    0.00    0.00    0.00    0.00    0.00    0.00    0.00    0.00    0.00  100.00
09:25:40 AM  117    0.00    0.00    0.00    0.00    0.00    0.00    0.00    0.00    0.00  100.00
09:25:40 AM  118    0.00    0.00    0.00    0.00    0.00    0.00    0.00    0.00    0.00  100.00
09:25:40 AM  119    0.00    0.00    0.00    0.00    0.00    0.00    0.00    0.00    0.00  100.00
09:25:40 AM  120    0.00    0.00    0.00    0.00    0.00    0.00    0.00    0.00    0.00  100.00
09:25:40 AM  121    0.00    0.00    0.00    0.00    0.00    0.00    0.00    0.00    0.00  100.00
09:25:40 AM  122    0.00    0.00    0.00    0.00    0.00    0.00    0.00    0.00    0.00  100.00
09:25:40 AM  123    0.00    0.00    0.00    0.00    0.00    0.00    0.00    0.00    0.00  100.00
09:25:40 AM  124    0.00    0.00    0.00    0.00    0.00    0.00    0.00    0.00    0.00  100.00
09:25:40 AM  125    0.00    0.00    0.00    0.00    0.00    0.00    0.00    0.00    0.00  100.00
09:25:40 AM  126    0.00    0.00    0.00    0.00    0.00    0.00    0.00    0.00    0.00  100.00
09:25:40 AM  127    0.00    0.00    0.00    0.00    0.00    0.00    0.00    0.00    0.00  100.00
09:25:40 AM  128    1.05    0.00    6.32   55.79    0.00    0.00    0.00    0.00    0.00   36.84
09:25:40 AM  129    0.00    0.00    5.26   52.63    0.00    0.00    0.00    0.00    0.00   42.11
09:25:40 AM  130    1.05    0.00    5.26   56.84    0.00    0.00    0.00    0.00    0.00   36.84
09:25:40 AM  131    1.05    0.00    6.32   55.79    0.00    0.00    0.00    0.00    0.00   36.84
09:25:40 AM  132    1.05    0.00    4.21   53.68    0.00    0.00    0.00    0.00    0.00   41.05
09:25:40 AM  133    1.05    0.00    4.21   53.68    0.00    0.00    0.00    0.00    0.00   41.05
09:25:40 AM  134    1.06    0.00    5.32   55.32    0.00    0.00    0.00    0.00    0.00   38.30
09:25:40 AM  135    1.08    0.00    6.45   63.44    0.00    0.00    0.00    0.00    0.00   29.03
09:25:40 AM  136    1.06    0.00    6.38   62.77    0.00    0.00    0.00    0.00    0.00   29.79
09:25:40 AM  137    1.05    0.00    7.37   53.68    0.00    0.00    0.00    0.00    0.00   37.89
09:25:40 AM  138    1.05    0.00    3.16   54.74    0.00    0.00    0.00    0.00    0.00   41.05
09:25:40 AM  139    1.06    0.00    6.38   62.77    0.00    0.00    0.00    0.00    0.00   29.79
09:25:40 AM  140    1.04    0.00    4.17   51.04    0.00    0.00    0.00    0.00    0.00   43.75
09:25:40 AM  141    2.06    0.00    6.19   45.36    0.00    0.00    0.00    0.00    0.00   46.39
09:25:40 AM  142    1.05    0.00    3.16   46.32    0.00    0.00    0.00    0.00    0.00   49.47
09:25:40 AM  143    1.04    0.00    5.21   50.00    0.00    0.00    0.00    0.00    0.00   43.75
09:25:40 AM  144    2.13    0.00    5.32   62.77    0.00    0.00    0.00    0.00    0.00   29.79
09:25:40 AM  145    1.06    0.00    6.38   61.70    0.00    0.00    0.00    0.00    0.00   30.85
09:25:40 AM  146    2.08    0.00    7.29   56.25    0.00    0.00    0.00    0.00    0.00   34.38
09:25:40 AM  147    2.08    0.00    6.25   54.17    0.00    0.00    0.00    0.00    0.00   37.50
09:25:40 AM  148    1.05    0.00    6.32   61.05    0.00    0.00    0.00    0.00    0.00   31.58
09:25:40 AM  149    1.06    0.00    5.32   53.19    0.00    0.00    0.00    0.00    0.00   40.43
09:25:40 AM  150    1.05    0.00    6.32   55.79    0.00    0.00    0.00    0.00    0.00   36.84
09:25:40 AM  151    0.00    0.00    6.32   56.84    0.00    0.00    0.00    0.00    0.00   36.84
09:25:40 AM  152    1.05    0.00    5.26   50.53    0.00    0.00    0.00    0.00    0.00   43.16
09:25:40 AM  153    1.04    0.00    5.21   48.96    0.00    0.00    0.00    0.00    0.00   44.79
09:25:40 AM  154    1.06    0.00    4.26   53.19    0.00    0.00    0.00    0.00    0.00   41.49
09:25:40 AM  155    2.08    0.00    8.33   60.42    0.00    0.00    0.00    0.00    0.00   29.17
09:25:40 AM  156    1.05    0.00    6.32   49.47    0.00    0.00    0.00    0.00    0.00   43.16
09:25:40 AM  157    0.00    0.00    6.38   55.32    0.00    0.00    0.00    0.00    0.00   38.30
09:25:40 AM  158    1.06    0.00    5.32   54.26    0.00    0.00    0.00    0.00    0.00   39.36
09:25:40 AM  159    1.06    0.00    6.38   51.06    0.00    0.00    0.00    0.00    0.00   41.49
09:25:40 AM  160    1.06    0.00    5.32   57.45    0.00    0.00    0.00    0.00    0.00   36.17
09:25:40 AM  161    1.06    0.00    5.32   61.70    0.00    0.00    0.00    0.00    0.00   31.91
09:25:40 AM  162    1.05    0.00    5.26   54.74    0.00    0.00    0.00    0.00    0.00   38.95
09:25:40 AM  163    1.05    0.00    6.32   55.79    0.00    0.00    0.00    0.00    0.00   36.84
09:25:40 AM  164    1.04    0.00    5.21   50.00    0.00    0.00    0.00    0.00    0.00   43.75
09:25:40 AM  165    1.06    0.00    4.26   57.45    0.00    0.00    0.00    0.00    0.00   37.23
09:25:40 AM  166    1.04    0.00    5.21   61.46    0.00    0.00    0.00    0.00    0.00   32.29
09:25:40 AM  167    1.05    0.00    5.26   57.89    0.00    0.00    0.00    0.00    0.00   35.79
09:25:40 AM  168    1.08    0.00    6.45   64.52    0.00    0.00    0.00    0.00    0.00   27.96
09:25:40 AM  169    2.11    0.00    4.21   58.95    0.00    0.00    0.00    0.00    0.00   34.74
09:25:40 AM  170    1.05    0.00    5.26   50.53    0.00    0.00    0.00    0.00    0.00   43.16
09:25:40 AM  171    1.06    0.00    3.19   55.32    0.00    0.00    0.00    0.00    0.00   40.43
09:25:40 AM  172    1.05    0.00    4.21   50.53    0.00    0.00    0.00    0.00    0.00   44.21
09:25:40 AM  173    0.00    0.00    5.26   60.00    0.00    0.00    0.00    0.00    0.00   34.74
09:25:40 AM  174    1.05    0.00    5.26   61.05    0.00    0.00    0.00    0.00    0.00   32.63
09:25:40 AM  175    1.04    0.00    4.17   46.88    0.00    0.00    0.00    0.00    0.00   47.92
09:25:40 AM  176    1.08    0.00    4.30   60.22    0.00    0.00    0.00    0.00    0.00   34.41
09:25:40 AM  177    1.04    0.00    4.17   52.08    0.00    0.00    0.00    0.00    0.00   42.71
09:25:40 AM  178    1.05    0.00    4.21   43.16    0.00    0.00    0.00    0.00    0.00   51.58
09:25:40 AM  179    1.06    0.00    3.19   54.26    0.00    0.00    0.00    0.00    0.00   41.49
09:25:40 AM  180    1.04    0.00    5.21   51.04    0.00    0.00    0.00    0.00    0.00   42.71
09:25:40 AM  181    0.00    0.00    5.21   48.96    0.00    0.00    0.00    0.00    0.00   45.83
09:25:40 AM  182    1.04    0.00    4.17   47.92    0.00    0.00    0.00    0.00    0.00   46.88
09:25:40 AM  183    1.06    0.00    4.26   51.06    0.00    0.00    0.00    0.00    0.00   43.62
09:25:40 AM  184    1.06    0.00    5.32   54.26    0.00    0.00    0.00    0.00    0.00   39.36
09:25:40 AM  185    1.05    0.00    4.21   50.53    0.00    0.00    0.00    0.00    0.00   44.21
09:25:40 AM  186    1.05    0.00    4.21   54.74    0.00    0.00    0.00    0.00    0.00   40.00
09:25:40 AM  187    0.00    0.00    4.26   47.87    0.00    0.00    0.00    0.00    0.00   47.87
09:25:40 AM  188    1.04    0.00    3.12   42.71    0.00    0.00    0.00    0.00    0.00   53.12
09:25:40 AM  189    0.00    0.00    3.16   36.84    0.00    0.00    0.00    0.00    0.00   60.00
09:25:40 AM  190    1.04    0.00    4.17   47.92    0.00    0.00    0.00    0.00    0.00   46.88
09:25:40 AM  191    1.04    0.00    4.17   47.92    0.00    0.00    0.00    0.00    0.00   46.88
09:25:40 AM  192    1.06    0.00    1.06   62.77    0.00    0.00    0.00    0.00    0.00   35.11
09:25:40 AM  193    2.08    0.00    3.12   60.42    0.00    0.00    0.00    0.00    0.00   34.38
09:25:40 AM  194    1.04    0.00    2.08   56.25    0.00    0.00    0.00    0.00    0.00   40.62
09:25:40 AM  195    0.00    0.00    2.08   58.33    0.00    0.00    0.00    0.00    0.00   39.58
09:25:40 AM  196    0.00    0.00    1.05   55.79    0.00    0.00    0.00    0.00    0.00   43.16
09:25:40 AM  197    1.05    0.00    1.05   55.79    0.00    0.00    0.00    0.00    0.00   42.11
09:25:40 AM  198    1.04    0.00    2.08   55.21    0.00    0.00    0.00    0.00    0.00   41.67
09:25:40 AM  199    1.06    0.00    2.13   67.02    0.00    0.00    0.00    0.00    0.00   29.79
09:25:40 AM  200    1.04    0.00    2.08   51.04    0.00    0.00    0.00    0.00    0.00   45.83
09:25:40 AM  201    1.06    0.00    2.13   56.38    0.00    0.00    0.00    0.00    0.00   40.43
09:25:40 AM  202    1.05    0.00    1.05   51.58    0.00    0.00    0.00    0.00    0.00   46.32
09:25:40 AM  203    0.00    0.00    2.11   42.11    0.00    0.00    0.00    0.00    0.00   55.79
09:25:40 AM  204    0.00    0.00    3.16   52.63    0.00    0.00    0.00    0.00    0.00   44.21
09:25:40 AM  205    1.04    0.00    2.08   55.21    0.00    0.00    0.00    0.00    0.00   41.67
09:25:40 AM  206    0.00    0.00    1.06   61.70    0.00    0.00    0.00    0.00    0.00   37.23
09:25:40 AM  207    1.06    0.00    2.13   56.38    0.00    0.00    0.00    0.00    0.00   40.43
09:25:40 AM  208    1.04    0.00    1.04   42.71    0.00    0.00    0.00    0.00    0.00   55.21
09:25:40 AM  209    1.03    0.00    1.03   35.05    0.00    0.00    0.00    0.00    0.00   62.89
09:25:40 AM  210    0.00    0.00    3.12   31.25    0.00    0.00    0.00    0.00    0.00   65.62
09:25:40 AM  211    0.00    0.00    3.09   31.96    0.00    0.00    0.00    0.00    0.00   64.95
09:25:40 AM  212    0.00    0.00    1.05   33.68    0.00    0.00    0.00    0.00    0.00   65.26
09:25:40 AM  213    1.05    0.00    2.11   40.00    0.00    0.00    0.00    0.00    0.00   56.84
09:25:40 AM  214    1.04    0.00    2.08   47.92    0.00    0.00    0.00    0.00    0.00   48.96
09:25:40 AM  215    1.05    0.00    3.16   31.58    0.00    0.00    0.00    0.00    0.00   64.21
09:25:40 AM  216    0.00    0.00    0.00    0.00    0.00    0.00    0.00    0.00    0.00  100.00
09:25:40 AM  217    0.00    0.00    0.00    0.00    0.00    0.00    0.00    0.00    0.00  100.00
09:25:40 AM  218    0.00    0.00    0.00    0.00    0.00    0.00    0.00    0.00    0.00  100.00
09:25:40 AM  219    0.00    0.00    0.00    0.00    0.00    0.00    0.00    0.00    0.00  100.00
09:25:40 AM  220    0.00    0.00    0.00    0.00    0.00    0.00    0.00    0.00    0.00  100.00
09:25:40 AM  221    0.00    0.00    0.00    0.00    0.00    0.00    0.00    0.00    0.00  100.00
09:25:40 AM  222    0.00    0.00    0.00    0.00    0.00    0.00    0.00    0.00    0.00  100.00
09:25:40 AM  223    0.00    0.00    0.00    0.00    0.00    0.00    0.00    0.00    0.00  100.00
09:25:40 AM  224    0.00    0.00    2.08   55.21    0.00    0.00    0.00    0.00    0.00   42.71
09:25:40 AM  225    1.04    0.00    2.08   48.96    0.00    0.00    0.00    0.00    0.00   47.92
09:25:40 AM  226    0.00    0.00    1.06   57.45    0.00    0.00    0.00    0.00    0.00   41.49
09:25:40 AM  227    0.00    0.00    1.06   50.00    0.00    0.00    0.00    0.00    0.00   48.94
09:25:40 AM  228    0.00    0.00    2.13   57.45    0.00    0.00    0.00    0.00    0.00   40.43
09:25:40 AM  229    0.00    0.00    1.08   56.99    0.00    0.00    0.00    0.00    0.00   41.94
09:25:40 AM  230    1.05    0.00    1.05   58.95    0.00    0.00    0.00    0.00    0.00   38.95
09:25:40 AM  231    1.05    0.00    1.05   54.74    0.00    0.00    0.00    0.00    0.00   43.16
09:25:40 AM  232    0.00    0.00    0.00    0.00    0.00    0.00    0.00    0.00    0.00  100.00
09:25:40 AM  233    0.00    0.00    0.00    0.00    0.00    0.00    0.00    0.00    0.00  100.00
09:25:40 AM  234    0.00    0.00    0.00    0.00    0.00    0.00    0.00    0.00    0.00  100.00
09:25:40 AM  235    0.00    0.00    0.00    0.00    0.00    0.00    0.00    0.00    0.00  100.00
09:25:40 AM  236    0.00    0.00    0.00    0.00    0.00    0.00    0.00    0.00    0.00  100.00
09:25:40 AM  237    0.00    0.00    0.00    0.00    0.00    0.00    0.00    0.00    0.00  100.00
09:25:40 AM  238    0.00    0.00    0.00    0.99    0.00    0.00    0.00    0.00    0.00   99.01
09:25:40 AM  239    0.00    0.00    0.00    0.00    0.00    0.00    0.00    0.00    0.00  100.00
09:25:40 AM  240    0.00    0.00    0.00    0.00    0.00    0.00    0.00    0.00    0.00  100.00
09:25:40 AM  241    0.00    0.00    0.00    0.00    0.00    0.00    0.00    0.00    0.00  100.00
09:25:40 AM  242    0.00    0.00    0.00    0.00    0.00    0.00    0.00    0.00    0.00  100.00
09:25:40 AM  243    0.00    0.00    0.00    0.00    0.00    0.00    0.00    0.00    0.00  100.00
09:25:40 AM  244    0.00    0.00    0.00    0.00    0.00    0.00    0.00    0.00    0.00  100.00
09:25:40 AM  245    0.00    0.00    0.00    0.00    0.00    0.00    0.00    0.00    0.00  100.00
09:25:40 AM  246    0.00    0.00    0.00    0.00    0.00    0.00    0.00    0.00    0.00  100.00
09:25:40 AM  247    0.00    0.00    0.00    0.00    0.00    0.00    0.00    0.00    0.00  100.00
09:25:40 AM  248    0.00    0.00    0.00    0.00    0.00    0.00    0.00    0.00    0.00  100.00
09:25:40 AM  249    0.00    0.00    0.00    0.00    0.00    0.00    0.00    0.00    0.00  100.00
09:25:40 AM  250    0.00    0.00    0.00    0.00    0.00    0.00    0.00    0.00    0.00  100.00
09:25:40 AM  251    0.00    0.00    0.00    0.00    0.00    0.00    0.00    0.00    0.00  100.00
09:25:40 AM  252    0.00    0.00    0.00    0.00    0.00    0.00    0.00    0.00    0.00  100.00
09:25:40 AM  253    0.00    0.00    0.00    0.00    0.00    0.00    0.00    0.00    0.00  100.00
09:25:40 AM  254    0.00    0.00    0.00    0.00    0.00    0.00    0.00    0.00    0.00  100.00
09:25:40 AM  255    0.00    0.00    0.00    0.00    0.00    0.00    0.00    0.00    0.00  100.00

09:25:40 AM  CPU    %usr   %nice    %sys %iowait    %irq   %soft  %steal  %guest  %gnice   %idle
09:25:41 AM  all    0.33    0.00    0.95   59.15    0.00    0.00    0.00    0.00    0.00   39.57
09:25:41 AM    0    1.54    0.00    3.08   84.62    0.00    1.54    0.00    0.00    0.00    9.23
09:25:41 AM    1    0.00    0.00    1.08   76.34    0.00    0.00    0.00    0.00    0.00   22.58
09:25:41 AM    2    0.00    0.00    0.00   80.65    0.00    0.00    0.00    0.00    0.00   19.35
09:25:41 AM    3    0.00    0.00    1.09   81.52    0.00    0.00    0.00    0.00    0.00   17.39
09:25:41 AM    4    0.00    0.00    0.00   78.26    0.00    0.00    0.00    0.00    0.00   21.74
09:25:41 AM    5    0.00    0.00    1.06   70.21    0.00    0.00    0.00    0.00    0.00   28.72
09:25:41 AM    6    1.08    0.00    1.08   87.10    0.00    0.00    0.00    0.00    0.00   10.75
09:25:41 AM    7    0.00    0.00    2.20   80.22    0.00    0.00    0.00    0.00    0.00   17.58
09:25:41 AM    8    0.00    0.00    1.10   93.41    0.00    0.00    0.00    0.00    0.00    5.49
09:25:41 AM    9    1.09    0.00    1.09   88.04    0.00    0.00    0.00    0.00    0.00    9.78
09:25:41 AM   10    1.05    0.00    3.16   68.42    0.00    0.00    0.00    0.00    0.00   27.37
09:25:41 AM   11    1.06    0.00    1.06   72.34    0.00    0.00    0.00    0.00    0.00   25.53
09:25:41 AM   12    1.06    0.00    1.06   76.60    0.00    0.00    0.00    0.00    0.00   21.28
09:25:41 AM   13    0.00    0.00    2.13   64.89    0.00    0.00    0.00    0.00    0.00   32.98
09:25:41 AM   14    0.00    0.00    2.15   79.57    0.00    0.00    0.00    0.00    0.00   18.28
09:25:41 AM   15    1.05    0.00    2.11   72.63    0.00    0.00    0.00    0.00    0.00   24.21
09:25:41 AM   16    1.09    0.00    2.17   93.48    0.00    0.00    0.00    0.00    0.00    3.26
09:25:41 AM   17    1.08    0.00    2.15   93.55    0.00    0.00    0.00    0.00    0.00    3.23
09:25:41 AM   18    0.00    0.00    1.09   81.52    0.00    0.00    0.00    0.00    0.00   17.39
09:25:41 AM   19    1.08    0.00    1.08   77.42    0.00    0.00    0.00    0.00    0.00   20.43
09:25:41 AM   20    0.00    0.00    1.06   76.60    0.00    0.00    0.00    0.00    0.00   22.34
09:25:41 AM   21    1.08    0.00    1.08   86.02    0.00    0.00    0.00    0.00    0.00   11.83
09:25:41 AM   22    0.00    0.00    2.15   81.72    0.00    0.00    0.00    0.00    0.00   16.13
09:25:41 AM   23    0.00    0.00    1.09   93.48    0.00    0.00    0.00    0.00    0.00    5.43
09:25:41 AM   24    1.08    0.00    1.08   83.87    0.00    0.00    0.00    0.00    0.00   13.98
09:25:41 AM   25    0.00    0.00    1.08   79.57    0.00    0.00    0.00    0.00    0.00   19.35
09:25:41 AM   26    1.06    0.00    1.06   75.53    0.00    0.00    0.00    0.00    0.00   22.34
09:25:41 AM   27    1.08    0.00    1.08   86.02    0.00    0.00    0.00    0.00    0.00   11.83
09:25:41 AM   28    0.00    0.00    0.00   64.52    0.00    0.00    0.00    0.00    0.00   35.48
09:25:41 AM   29    1.06    0.00    1.06   77.66    0.00    0.00    0.00    0.00    0.00   20.21
09:25:41 AM   30    1.06    0.00    1.06   78.72    0.00    0.00    0.00    0.00    0.00   19.15
09:25:41 AM   31    0.00    0.00    2.15   76.34    0.00    0.00    0.00    0.00    0.00   21.51
09:25:41 AM   32    0.00    0.00    1.09   90.22    0.00    0.00    0.00    0.00    0.00    8.70
09:25:41 AM   33    1.09    0.00    1.09   91.30    0.00    0.00    0.00    0.00    0.00    6.52
09:25:41 AM   34    0.00    0.00    1.08   80.65    0.00    0.00    0.00    0.00    0.00   18.28
09:25:41 AM   35    0.00    0.00    1.09   80.43    0.00    0.00    0.00    0.00    0.00   18.48
09:25:41 AM   36    0.00    0.00    1.08   67.74    0.00    0.00    0.00    0.00    0.00   31.18
09:25:41 AM   37    1.06    0.00    1.06   64.89    0.00    0.00    0.00    0.00    0.00   32.98
09:25:41 AM   38    0.00    0.00    1.10   87.91    0.00    0.00    0.00    0.00    0.00   10.99
09:25:41 AM   39    1.05    0.00    1.05   73.68    0.00    0.00    0.00    0.00    0.00   24.21
09:25:41 AM   40    1.09    0.00    1.09   92.39    0.00    0.00    0.00    0.00    0.00    5.43
09:25:41 AM   41    1.10    0.00    1.10   94.51    0.00    0.00    0.00    0.00    0.00    3.30
09:25:41 AM   42    0.00    0.00    1.08   91.40    0.00    0.00    0.00    0.00    0.00    7.53
09:25:41 AM   43    0.00    0.00    1.09   84.78    0.00    0.00    0.00    0.00    0.00   14.13
09:25:41 AM   44    1.10    0.00    0.00   86.81    0.00    0.00    0.00    0.00    0.00   12.09
09:25:41 AM   45    0.00    0.00    1.09   86.96    0.00    0.00    0.00    0.00    0.00   11.96
09:25:41 AM   46    1.06    0.00    1.06   82.98    0.00    0.00    0.00    0.00    0.00   14.89
09:25:41 AM   47    1.06    0.00    1.06   71.28    0.00    0.00    0.00    0.00    0.00   26.60
09:25:41 AM   48    0.00    0.00    2.15   81.72    0.00    0.00    0.00    0.00    0.00   16.13
09:25:41 AM   49    1.08    0.00    1.08   78.49    0.00    0.00    0.00    0.00    0.00   19.35
09:25:41 AM   50    0.00    0.00    1.05   68.42    0.00    0.00    0.00    0.00    0.00   30.53
09:25:41 AM   51    1.06    0.00    1.06   77.66    0.00    0.00    0.00    0.00    0.00   20.21
09:25:41 AM   52    0.00    0.00    1.08   81.72    0.00    0.00    0.00    0.00    0.00   17.20
09:25:41 AM   53    1.05    0.00    1.05   73.68    0.00    0.00    0.00    0.00    0.00   24.21
09:25:41 AM   54    0.00    0.00    1.08   73.12    0.00    0.00    0.00    0.00    0.00   25.81
09:25:41 AM   55    0.00    0.00    2.17   92.39    0.00    0.00    0.00    0.00    0.00    5.43
09:25:41 AM   56    0.00    0.00    2.17   90.22    0.00    0.00    0.00    0.00    0.00    7.61
09:25:41 AM   57    1.08    0.00    1.08   76.34    0.00    0.00    0.00    0.00    0.00   21.51
09:25:41 AM   58    0.00    0.00    1.08   69.89    0.00    0.00    0.00    0.00    0.00   29.03
09:25:41 AM   59    0.00    0.00    0.00   70.65    0.00    0.00    0.00    0.00    0.00   29.35
09:25:41 AM   60    0.00    0.00    1.08   69.89    0.00    0.00    0.00    0.00    0.00   29.03
09:25:41 AM   61    0.00    0.00    1.08   60.22    0.00    0.00    0.00    0.00    0.00   38.71
09:25:41 AM   62    0.00    0.00    2.13   67.02    0.00    0.00    0.00    0.00    0.00   30.85
09:25:41 AM   63    1.06    0.00    1.06   73.40    0.00    0.00    0.00    0.00    0.00   24.47
09:25:41 AM   64    0.00    0.00    2.27   85.23    0.00    0.00    0.00    0.00    0.00   12.50
09:25:41 AM   65    0.00    0.00    2.13   86.17    0.00    0.00    0.00    0.00    0.00   11.70
09:25:41 AM   66    0.00    0.00    1.09   81.52    0.00    0.00    0.00    0.00    0.00   17.39
09:25:41 AM   67    0.00    0.00    1.06   75.53    0.00    0.00    0.00    0.00    0.00   23.40
09:25:41 AM   68    1.06    0.00    1.06   72.34    0.00    0.00    0.00    0.00    0.00   25.53
09:25:41 AM   69    1.06    0.00    0.00   72.34    0.00    0.00    0.00    0.00    0.00   26.60
09:25:41 AM   70    0.00    0.00    1.06   76.60    0.00    0.00    0.00    0.00    0.00   22.34
09:25:41 AM   71    1.04    0.00    2.08   75.00    0.00    0.00    0.00    0.00    0.00   21.88
09:25:41 AM   72    0.00    0.00    1.11   93.33    0.00    0.00    0.00    0.00    0.00    5.56
09:25:41 AM   73    1.08    0.00    1.08   77.42    0.00    0.00    0.00    0.00    0.00   20.43
09:25:41 AM   74    1.05    0.00    2.11   74.74    0.00    0.00    0.00    0.00    0.00   22.11
09:25:41 AM   75    0.00    0.00    1.08   66.67    0.00    0.00    0.00    0.00    0.00   32.26
09:25:41 AM   76    1.05    0.00    1.05   63.16    0.00    0.00    0.00    0.00    0.00   34.74
09:25:41 AM   77    1.06    0.00    1.06   87.23    0.00    0.00    0.00    0.00    0.00   10.64
09:25:41 AM   78    0.00    0.00    2.13   78.72    0.00    0.00    0.00    0.00    0.00   19.15
09:25:41 AM   79    0.00    0.00    2.17   77.17    0.00    0.00    0.00    0.00    0.00   20.65
09:25:41 AM   80    0.00    0.00    2.17   83.70    0.00    0.00    0.00    0.00    0.00   14.13
09:25:41 AM   81    1.06    0.00    2.13   80.85    0.00    0.00    0.00    0.00    0.00   15.96
09:25:41 AM   82    0.00    0.00    2.11   75.79    0.00    0.00    0.00    0.00    0.00   22.11
09:25:41 AM   83    0.00    0.00    2.13   67.02    0.00    0.00    0.00    0.00    0.00   30.85
09:25:41 AM   84    1.08    0.00    2.15   67.74    0.00    0.00    0.00    0.00    0.00   29.03
09:25:41 AM   85    0.00    0.00    0.00   67.74    0.00    0.00    0.00    0.00    0.00   32.26
09:25:41 AM   86    1.05    0.00    2.11   77.89    0.00    0.00    0.00    0.00    0.00   18.95
09:25:41 AM   87    1.04    0.00    3.12   60.42    0.00    0.00    0.00    0.00    0.00   35.42
09:25:41 AM   88    0.00    0.00    0.00    0.00    0.00    0.00    0.00    0.00    0.00  100.00
09:25:41 AM   89    0.00    0.00    0.00    0.00    0.00    0.00    0.00    0.00    0.00  100.00
09:25:41 AM   90    0.00    0.00    0.00    0.00    0.00    0.00    0.00    0.00    0.00  100.00
09:25:41 AM   91    0.00    0.00    0.00    0.00    0.00    0.00    0.00    0.00    0.00  100.00
09:25:41 AM   92    0.00    0.00    0.00    0.00    0.00    0.00    0.00    0.00    0.00  100.00
09:25:41 AM   93    0.00    0.00    0.00    0.00    0.00    0.00    0.00    0.00    0.00  100.00
09:25:41 AM   94    0.00    0.00    0.00    0.00    0.00    0.00    0.00    0.00    0.00  100.00
09:25:41 AM   95    0.00    0.00    0.00    0.00    0.00    0.00    0.00    0.00    0.00  100.00
09:25:41 AM   96    1.08    0.00    1.08   88.17    0.00    0.00    0.00    0.00    0.00    9.68
09:25:41 AM   97    0.00    0.00    2.15   86.02    0.00    0.00    0.00    0.00    0.00   11.83
09:25:41 AM   98    0.00    0.00    2.15   81.72    0.00    0.00    0.00    0.00    0.00   16.13
09:25:41 AM   99    1.09    0.00    1.09   88.04    0.00    0.00    0.00    0.00    0.00    9.78
09:25:41 AM  100    1.06    0.00    1.06   77.66    0.00    0.00    0.00    0.00    0.00   20.21
09:25:41 AM  101    1.09    0.00    1.09   83.70    0.00    0.00    0.00    0.00    0.00   14.13
09:25:41 AM  102    0.00    0.00    2.15   82.80    0.00    0.00    0.00    0.00    0.00   15.05
09:25:41 AM  103    1.05    0.00    2.11   85.26    0.00    0.00    0.00    0.00    0.00   11.58
09:25:41 AM  104    0.00    0.00    0.00    0.00    0.00    0.00    0.00    0.00    0.00  100.00
09:25:41 AM  105    0.00    0.00    0.00    0.00    0.00    0.00    0.00    0.00    0.00  100.00
09:25:41 AM  106    0.00    0.00    0.00    0.00    0.00    0.00    0.00    0.00    0.00  100.00
09:25:41 AM  107    0.00    0.00    0.00    0.00    0.00    0.00    0.00    0.00    0.00  100.00
09:25:41 AM  108    0.00    0.00    0.00    0.00    0.00    0.00    0.00    0.00    0.00  100.00
09:25:41 AM  109    0.00    0.00    0.00    0.00    0.00    0.00    0.00    0.00    0.00  100.00
09:25:41 AM  110    0.00    0.00    0.00    0.00    0.00    0.00    0.00    0.00    0.00  100.00
09:25:41 AM  111    0.00    0.00    0.00    0.00    0.00    0.00    0.00    0.00    0.00  100.00
09:25:41 AM  112    0.00    0.00    0.00    0.00    0.00    0.00    0.00    0.00    0.00  100.00
09:25:41 AM  113    0.00    0.00    0.00    0.00    0.00    0.00    0.00    0.00    0.00  100.00
09:25:41 AM  114    0.00    0.00    0.00    0.00    0.00    0.00    0.00    0.00    0.00  100.00
09:25:41 AM  115    0.00    0.00    0.00    0.00    0.00    0.00    0.00    0.00    0.00  100.00
09:25:41 AM  116    0.00    0.00    0.00    0.00    0.00    0.00    0.00    0.00    0.00  100.00
09:25:41 AM  117    0.00    0.00    0.00    0.00    0.00    0.00    0.00    0.00    0.00  100.00
09:25:41 AM  118    0.00    0.00    0.00    0.00    0.00    0.00    0.00    0.00    0.00  100.00
09:25:41 AM  119    0.00    0.00    0.00    0.00    0.00    0.00    0.00    0.00    0.00  100.00
09:25:41 AM  120    0.00    0.00    0.00    0.00    0.00    0.00    0.00    0.00    0.00  100.00
09:25:41 AM  121    0.00    0.00    0.00    0.00    0.00    0.00    0.00    0.00    0.00  100.00
09:25:41 AM  122    0.00    0.00    0.00    0.00    0.00    0.00    0.00    0.00    0.00  100.00
09:25:41 AM  123    0.00    0.00    0.00    0.00    0.00    0.00    0.00    0.00    0.00  100.00
09:25:41 AM  124    0.00    0.00    0.00    0.00    0.00    0.00    0.00    0.00    0.00  100.00
09:25:41 AM  125    0.00    0.00    0.00    0.00    0.00    0.00    0.00    0.00    0.00  100.00
09:25:41 AM  126    0.00    0.00    0.00    0.00    0.00    0.00    0.00    0.00    0.00  100.00
09:25:41 AM  127    0.00    0.00    0.00    0.00    0.00    0.00    0.00    0.00    0.00  100.00
09:25:41 AM  128    0.00    0.00    2.20   86.81    0.00    0.00    0.00    0.00    0.00   10.99
09:25:41 AM  129    1.08    0.00    1.08   88.17    0.00    0.00    0.00    0.00    0.00    9.68
09:25:41 AM  130    0.00    0.00    1.08   84.95    0.00    0.00    0.00    0.00    0.00   13.98
09:25:41 AM  131    0.00    0.00    1.08   87.10    0.00    0.00    0.00    0.00    0.00   11.83
09:25:41 AM  132    1.06    0.00    1.06   73.40    0.00    0.00    0.00    0.00    0.00   24.47
09:25:41 AM  133    0.00    0.00    1.09   86.96    0.00    0.00    0.00    0.00    0.00   11.96
09:25:41 AM  134    1.08    0.00    1.08   86.02    0.00    0.00    0.00    0.00    0.00   11.83
09:25:41 AM  135    0.00    0.00    2.17   86.96    0.00    0.00    0.00    0.00    0.00   10.87
09:25:41 AM  136    0.00    0.00    1.10   89.01    0.00    0.00    0.00    0.00    0.00    9.89
09:25:41 AM  137    1.08    0.00    1.08   82.80    0.00    0.00    0.00    0.00    0.00   15.05
09:25:41 AM  138    0.00    0.00    1.09   73.91    0.00    0.00    0.00    0.00    0.00   25.00
09:25:41 AM  139    0.00    0.00    1.06   67.02    0.00    0.00    0.00    0.00    0.00   31.91
09:25:41 AM  140    0.00    0.00    1.08   70.97    0.00    0.00    0.00    0.00    0.00   27.96
09:25:41 AM  141    0.00    0.00    0.00   73.91    0.00    0.00    0.00    0.00    0.00   26.09
09:25:41 AM  142    1.06    0.00    1.06   64.89    0.00    0.00    0.00    0.00    0.00   32.98
09:25:41 AM  143    0.00    0.00    1.08   86.02    0.00    0.00    0.00    0.00    0.00   12.90
09:25:41 AM  144    1.08    0.00    2.15   83.87    0.00    0.00    0.00    0.00    0.00   12.90
09:25:41 AM  145    0.00    0.00    2.13   86.17    0.00    0.00    0.00    0.00    0.00   11.70
09:25:41 AM  146    0.00    0.00    0.00   80.65    0.00    0.00    0.00    0.00    0.00   19.35
09:25:41 AM  147    0.00    0.00    1.08   82.80    0.00    0.00    0.00    0.00    0.00   16.13
09:25:41 AM  148    1.05    0.00    2.11   76.84    0.00    0.00    0.00    0.00    0.00   20.00
09:25:41 AM  149    0.00    0.00    1.08   88.17    0.00    0.00    0.00    0.00    0.00   10.75
09:25:41 AM  150    1.08    0.00    1.08   84.95    0.00    0.00    0.00    0.00    0.00   12.90
09:25:41 AM  151    1.08    0.00    1.08   92.47    0.00    0.00    0.00    0.00    0.00    5.38
09:25:41 AM  152    0.00    0.00    1.09   81.52    0.00    0.00    0.00    0.00    0.00   17.39
09:25:41 AM  153    0.00    0.00    1.08   82.80    0.00    0.00    0.00    0.00    0.00   16.13
09:25:41 AM  154    1.03    0.00    2.06   76.29    0.00    0.00    0.00    0.00    0.00   20.62
09:25:41 AM  155    0.00    0.00    1.08   83.87    0.00    0.00    0.00    0.00    0.00   15.05
09:25:41 AM  156    1.06    0.00    1.06   74.47    0.00    0.00    0.00    0.00    0.00   23.40
09:25:41 AM  157    0.00    0.00    1.06   76.60    0.00    0.00    0.00    0.00    0.00   22.34
09:25:41 AM  158    0.00    0.00    1.08   80.65    0.00    0.00    0.00    0.00    0.00   18.28
09:25:41 AM  159    0.00    0.00    2.15   75.27    0.00    0.00    0.00    0.00    0.00   22.58
09:25:41 AM  160    1.11    0.00    1.11   94.44    0.00    0.00    0.00    0.00    0.00    3.33
09:25:41 AM  161    1.08    0.00    2.15   94.62    0.00    0.00    0.00    0.00    0.00    2.15
09:25:41 AM  162    0.00    0.00    0.00   89.01    0.00    0.00    0.00    0.00    0.00   10.99
09:25:41 AM  163    1.09    0.00    1.09   91.30    0.00    0.00    0.00    0.00    0.00    6.52
09:25:41 AM  164    0.00    0.00    1.08   82.80    0.00    0.00    0.00    0.00    0.00   16.13
09:25:41 AM  165    0.00    0.00    1.08   88.17    0.00    0.00    0.00    0.00    0.00   10.75
09:25:41 AM  166    1.09    0.00    1.09   95.65    0.00    0.00    0.00    0.00    0.00    2.17
09:25:41 AM  167    0.00    0.00    2.11   77.89    0.00    0.00    0.00    0.00    0.00   20.00
09:25:41 AM  168    1.09    0.00    1.09   92.39    0.00    0.00    0.00    0.00    0.00    5.43
09:25:41 AM  169    0.00    0.00    1.11   94.44    0.00    0.00    0.00    0.00    0.00    4.44
09:25:41 AM  170    1.08    0.00    1.08   89.25    0.00    0.00    0.00    0.00    0.00    8.60
09:25:41 AM  171    1.06    0.00    2.13   90.43    0.00    0.00    0.00    0.00    0.00    6.38
09:25:41 AM  172    0.00    0.00    1.06   84.04    0.00    0.00    0.00    0.00    0.00   14.89
09:25:41 AM  173    0.00    0.00    1.08   74.19    0.00    0.00    0.00    0.00    0.00   24.73
09:25:41 AM  174    0.00    0.00    1.08   79.57    0.00    0.00    0.00    0.00    0.00   19.35
09:25:41 AM  175    1.08    0.00    2.15   86.02    0.00    0.00    0.00    0.00    0.00   10.75
09:25:41 AM  176    1.08    0.00    2.15   91.40    0.00    0.00    0.00    0.00    0.00    5.38
09:25:41 AM  177    0.00    0.00    1.09   79.35    0.00    0.00    0.00    0.00    0.00   19.57
09:25:41 AM  178    0.00    0.00    1.08   74.19    0.00    0.00    0.00    0.00    0.00   24.73
09:25:41 AM  179    1.05    0.00    1.05   73.68    0.00    0.00    0.00    0.00    0.00   24.21
09:25:41 AM  180    0.00    0.00    1.08   73.12    0.00    0.00    0.00    0.00    0.00   25.81
09:25:41 AM  181    1.08    0.00    0.00   80.65    0.00    0.00    0.00    0.00    0.00   18.28
09:25:41 AM  182    0.00    0.00    1.08   80.65    0.00    0.00    0.00    0.00    0.00   18.28
09:25:41 AM  183    0.00    0.00    1.09   83.70    0.00    0.00    0.00    0.00    0.00   15.22
09:25:41 AM  184    0.00    0.00    1.09   85.87    0.00    0.00    0.00    0.00    0.00   13.04
09:25:41 AM  185    1.09    0.00    1.09   79.35    0.00    0.00    0.00    0.00    0.00   18.48
09:25:41 AM  186    1.08    0.00    1.08   77.42    0.00    0.00    0.00    0.00    0.00   20.43
09:25:41 AM  187    1.08    0.00    1.08   80.65    0.00    0.00    0.00    0.00    0.00   17.20
09:25:41 AM  188    0.00    0.00    1.08   75.27    0.00    0.00    0.00    0.00    0.00   23.66
09:25:41 AM  189    1.08    0.00    1.08   80.65    0.00    0.00    0.00    0.00    0.00   17.20
09:25:41 AM  190    0.00    0.00    1.08   76.34    0.00    0.00    0.00    0.00    0.00   22.58
09:25:41 AM  191    0.00    0.00    1.09   79.35    0.00    0.00    0.00    0.00    0.00   19.57
09:25:41 AM  192    0.00    0.00    1.09   88.04    0.00    0.00    0.00    0.00    0.00   10.87
09:25:41 AM  193    0.00    0.00    1.10   87.91    0.00    0.00    0.00    0.00    0.00   10.99
09:25:41 AM  194    0.00    0.00    1.08   80.65    0.00    0.00    0.00    0.00    0.00   18.28
09:25:41 AM  195    1.08    0.00    1.08   80.65    0.00    0.00    0.00    0.00    0.00   17.20
09:25:41 AM  196    1.08    0.00    1.08   79.57    0.00    0.00    0.00    0.00    0.00   18.28
09:25:41 AM  197    0.00    0.00    1.08   73.12    0.00    0.00    0.00    0.00    0.00   25.81
09:25:41 AM  198    1.06    0.00    1.06   69.15    0.00    0.00    0.00    0.00    0.00   28.72
09:25:41 AM  199    0.00    0.00    1.09   83.70    0.00    0.00    0.00    0.00    0.00   15.22
09:25:41 AM  200    0.00    0.00    0.00   92.31    0.00    0.00    0.00    0.00    0.00    7.69
09:25:41 AM  201    1.08    0.00    1.08   76.34    0.00    0.00    0.00    0.00    0.00   21.51
09:25:41 AM  202    0.00    0.00    2.13   73.40    0.00    0.00    0.00    0.00    0.00   24.47
09:25:41 AM  203    1.06    0.00    1.06   69.15    0.00    0.00    0.00    0.00    0.00   28.72
09:25:41 AM  204    0.00    0.00    1.08   75.27    0.00    0.00    0.00    0.00    0.00   23.66
09:25:41 AM  205    0.00    0.00    1.09   72.83    0.00    0.00    0.00    0.00    0.00   26.09
09:25:41 AM  206    0.00    0.00    1.09   78.26    0.00    0.00    0.00    0.00    0.00   20.65
09:25:41 AM  207    0.00    0.00    1.08   83.87    0.00    0.00    0.00    0.00    0.00   15.05
09:25:41 AM  208    1.10    0.00    1.10   90.11    0.00    0.00    0.00    0.00    0.00    7.69
09:25:41 AM  209    0.00    0.00    1.08   77.42    0.00    0.00    0.00    0.00    0.00   21.51
09:25:41 AM  210    0.00    0.00    1.08   80.65    0.00    0.00    0.00    0.00    0.00   18.28
09:25:41 AM  211    1.08    0.00    1.08   77.42    0.00    0.00    0.00    0.00    0.00   20.43
09:25:41 AM  212    0.00    0.00    1.06   63.83    0.00    0.00    0.00    0.00    0.00   35.11
09:25:41 AM  213    0.00    0.00    2.15   72.04    0.00    0.00    0.00    0.00    0.00   25.81
09:25:41 AM  214    0.00    0.00    2.15   68.82    0.00    0.00    0.00    0.00    0.00   29.03
09:25:41 AM  215    1.08    0.00    2.15   81.72    0.00    0.00    0.00    0.00    0.00   15.05
09:25:41 AM  216    0.00    0.00    0.00    0.00    0.00    0.00    0.00    0.00    0.00  100.00
09:25:41 AM  217    0.00    0.00    0.00    0.00    0.00    0.00    0.00    0.00    0.00  100.00
09:25:41 AM  218    0.00    0.00    0.00    0.00    0.00    0.00    0.00    0.00    0.00  100.00
09:25:41 AM  219    0.00    0.00    0.00    0.00    0.00    0.00    0.00    0.00    0.00  100.00
09:25:41 AM  220    0.00    0.00    0.00    0.00    0.00    0.00    0.00    0.00    0.00  100.00
09:25:41 AM  221    0.00    0.00    0.00    0.00    0.00    0.00    0.00    0.00    0.00  100.00
09:25:41 AM  222    0.00    0.00    0.00    0.00    0.00    0.00    0.00    0.00    0.00  100.00
09:25:41 AM  223    0.00    0.00    0.00    0.00    0.00    0.00    0.00    0.00    0.00  100.00
09:25:41 AM  224    0.00    0.00    1.11   86.67    0.00    0.00    0.00    0.00    0.00   12.22
09:25:41 AM  225    0.00    0.00    1.09   84.78    0.00    0.00    0.00    0.00    0.00   14.13
09:25:41 AM  226    0.00    0.00    1.10   87.91    0.00    0.00    0.00    0.00    0.00   10.99
09:25:41 AM  227    0.00    0.00    2.13   76.60    0.00    0.00    0.00    0.00    0.00   21.28
09:25:41 AM  228    1.06    0.00    1.06   84.04    0.00    0.00    0.00    0.00    0.00   13.83
09:25:41 AM  229    0.00    0.00    0.00   74.19    0.00    0.00    0.00    0.00    0.00   25.81
09:25:41 AM  230    0.00    0.00    1.09   72.83    0.00    0.00    0.00    0.00    0.00   26.09
09:25:41 AM  231    0.00    0.00    1.09   85.87    0.00    0.00    0.00    0.00    0.00   13.04
09:25:41 AM  232    0.00    0.00    0.00   49.49    0.00    0.00    0.00    0.00    0.00   50.51
09:25:41 AM  233    0.00    0.00    0.00    0.00    0.00    0.00    0.00    0.00    0.00  100.00
09:25:41 AM  234    0.00    0.00    0.00    0.00    0.00    0.00    0.00    0.00    0.00  100.00
09:25:41 AM  235    0.00    0.00    0.00    0.00    0.00    0.00    0.00    0.00    0.00  100.00
09:25:41 AM  236    0.00    0.00    0.00    0.00    0.00    0.00    0.00    0.00    0.00  100.00
09:25:41 AM  237    0.00    0.00    0.00    0.00    0.00    0.00    0.00    0.00    0.00  100.00
09:25:41 AM  238    0.00    0.00    0.00    0.00    0.00    0.00    0.00    0.00    0.00  100.00
09:25:41 AM  239    0.00    0.00    0.00    0.00    0.00    0.00    0.00    0.00    0.00  100.00
09:25:41 AM  240    0.00    0.00    0.00    0.00    0.00    0.00    0.00    0.00    0.00  100.00
09:25:41 AM  241    0.00    0.00    0.00    0.00    0.00    0.00    0.00    0.00    0.00  100.00
09:25:41 AM  242    0.00    0.00    0.00    0.00    0.00    0.00    0.00    0.00    0.00  100.00
09:25:41 AM  243    0.00    0.00    0.00    0.00    0.00    0.00    0.00    0.00    0.00  100.00
09:25:41 AM  244    0.00    0.00    0.00    0.00    0.00    0.00    0.00    0.00    0.00  100.00
09:25:41 AM  245    0.00    0.00    0.00    0.00    0.00    0.00    0.00    0.00    0.00  100.00
09:25:41 AM  246    0.00    0.00    0.00    0.00    0.00    0.00    0.00    0.00    0.00  100.00
09:25:41 AM  247    0.00    0.00    0.00    0.00    0.00    0.00    0.00    0.00    0.00  100.00
09:25:41 AM  248    0.00    0.00    0.00    0.00    0.00    0.00    0.00    0.00    0.00  100.00
09:25:41 AM  249    0.00    0.00    0.00    0.00    0.00    0.00    0.00    0.00    0.00  100.00
09:25:41 AM  250    0.00    0.00    0.00    0.00    0.00    0.00    0.00    0.00    0.00  100.00
09:25:41 AM  251    0.00    0.00    0.00    0.00    0.00    0.00    0.00    0.00    0.00  100.00
09:25:41 AM  252    0.00    0.00    0.00    0.00    0.00    0.00    0.00    0.00    0.00  100.00
09:25:41 AM  253    0.00    0.00    0.00    0.00    0.00    0.00    0.00    0.00    0.00  100.00
09:25:41 AM  254    0.00    0.00    0.00    0.00    0.00    0.00    0.00    0.00    0.00  100.00
09:25:41 AM  255    0.00    0.00    0.00    0.00    0.00    0.00    0.00    0.00    0.00  100.00

09:25:41 AM  CPU    %usr   %nice    %sys %iowait    %irq   %soft  %steal  %guest  %gnice   %idle
09:25:42 AM  all    0.25    0.00    0.68   58.84    0.00    0.00    0.00    0.00    0.00   40.22
09:25:42 AM    0    1.49    0.00    1.49   89.55    0.00    1.49    0.00    0.00    0.00    5.97
09:25:42 AM    1    1.09    0.00    1.09   81.52    0.00    0.00    0.00    0.00    0.00   16.30
09:25:42 AM    2    1.06    0.00    1.06   71.28    0.00    0.00    0.00    0.00    0.00   26.60
09:25:42 AM    3    0.00    0.00    1.06   76.60    0.00    0.00    0.00    0.00    0.00   22.34
09:25:42 AM    4    1.05    0.00    1.05   64.21    0.00    0.00    0.00    0.00    0.00   33.68
09:25:42 AM    5    0.00    0.00    1.06   68.09    0.00    0.00    0.00    0.00    0.00   30.85
09:25:42 AM    6    0.00    0.00    1.06   73.40    0.00    0.00    0.00    0.00    0.00   25.53
09:25:42 AM    7    0.00    0.00    1.05   72.63    0.00    0.00    0.00    0.00    0.00   26.32
09:25:42 AM    8    1.09    0.00    1.09   86.96    0.00    0.00    0.00    0.00    0.00   10.87
09:25:42 AM    9    0.00    0.00    1.06   75.53    0.00    0.00    0.00    0.00    0.00   23.40
09:25:42 AM   10    0.00    0.00    2.15   62.37    0.00    0.00    0.00    0.00    0.00   35.48
09:25:42 AM   11    0.00    0.00    1.06   62.77    0.00    0.00    0.00    0.00    0.00   36.17
09:25:42 AM   12    0.00    0.00    0.00   61.29    0.00    0.00    0.00    0.00    0.00   38.71
09:25:42 AM   13    1.05    0.00    0.00   62.11    0.00    0.00    0.00    0.00    0.00   36.84
09:25:42 AM   14    1.05    0.00    1.05   87.37    0.00    0.00    0.00    0.00    0.00   10.53
09:25:42 AM   15    0.00    0.00    0.00   69.89    0.00    0.00    0.00    0.00    0.00   30.11
09:25:42 AM   16    1.09    0.00    1.09   96.74    0.00    0.00    0.00    0.00    0.00    1.09
09:25:42 AM   17    0.00    0.00    1.08   90.32    0.00    0.00    0.00    0.00    0.00    8.60
09:25:42 AM   18    0.00    0.00    1.08   82.80    0.00    0.00    0.00    0.00    0.00   16.13
09:25:42 AM   19    0.00    0.00    1.04   73.96    0.00    0.00    0.00    0.00    0.00   25.00
09:25:42 AM   20    0.00    0.00    0.00   76.09    0.00    0.00    0.00    0.00    0.00   23.91
09:25:42 AM   21    0.00    0.00    1.08   72.04    0.00    0.00    0.00    0.00    0.00   26.88
09:25:42 AM   22    1.05    0.00    1.05   90.53    0.00    0.00    0.00    0.00    0.00    7.37
09:25:42 AM   23    0.00    0.00    0.00   81.72    0.00    0.00    0.00    0.00    0.00   18.28
09:25:42 AM   24    0.00    0.00    1.09   88.04    0.00    0.00    0.00    0.00    0.00   10.87
09:25:42 AM   25    1.08    0.00    1.08   84.95    0.00    0.00    0.00    0.00    0.00   12.90
09:25:42 AM   26    0.00    0.00    0.00   70.21    0.00    0.00    0.00    0.00    0.00   29.79
09:25:42 AM   27    0.00    0.00    1.06   69.15    0.00    0.00    0.00    0.00    0.00   29.79
09:25:42 AM   28    0.00    0.00    1.06   63.83    0.00    0.00    0.00    0.00    0.00   35.11
09:25:42 AM   29    0.00    0.00    1.06   79.79    0.00    0.00    0.00    0.00    0.00   19.15
09:25:42 AM   30    0.00    0.00    2.15   94.62    0.00    0.00    0.00    0.00    0.00    3.23
09:25:42 AM   31    1.06    0.00    2.13   71.28    0.00    0.00    0.00    0.00    0.00   25.53
09:25:42 AM   32    0.00    0.00    1.10   94.51    0.00    0.00    0.00    0.00    0.00    4.40
09:25:42 AM   33    0.00    0.00    2.17   93.48    0.00    0.00    0.00    0.00    0.00    4.35
09:25:42 AM   34    0.00    0.00    1.09   88.04    0.00    0.00    0.00    0.00    0.00   10.87
09:25:42 AM   35    0.00    0.00    1.08   79.57    0.00    0.00    0.00    0.00    0.00   19.35
09:25:42 AM   36    0.00    0.00    0.00   81.52    0.00    0.00    0.00    0.00    0.00   18.48
09:25:42 AM   37    0.00    0.00    1.06   69.15    0.00    0.00    0.00    0.00    0.00   29.79
09:25:42 AM   38    1.05    0.00    2.11   94.74    0.00    0.00    0.00    0.00    0.00    2.11
09:25:42 AM   39    0.00    0.00    0.00   70.33    0.00    0.00    0.00    0.00    0.00   29.67
09:25:42 AM   40    0.00    0.00    1.10   92.31    0.00    0.00    0.00    0.00    0.00    6.59
09:25:42 AM   41    0.00    0.00    1.08   94.62    0.00    0.00    0.00    0.00    0.00    4.30
09:25:42 AM   42    0.00    0.00    1.06   76.60    0.00    0.00    0.00    0.00    0.00   22.34
09:25:42 AM   43    0.00    0.00    1.08   82.80    0.00    0.00    0.00    0.00    0.00   16.13
09:25:42 AM   44    0.00    0.00    1.05   72.63    0.00    0.00    0.00    0.00    0.00   26.32
09:25:42 AM   45    0.00    0.00    1.08   64.52    0.00    0.00    0.00    0.00    0.00   34.41
09:25:42 AM   46    0.00    0.00    1.08   73.12    0.00    0.00    0.00    0.00    0.00   25.81
09:25:42 AM   47    0.00    0.00    2.13   76.60    0.00    0.00    0.00    0.00    0.00   21.28
09:25:42 AM   48    0.00    0.00    1.09   90.22    0.00    0.00    0.00    0.00    0.00    8.70
09:25:42 AM   49    0.00    0.00    0.00   73.40    0.00    0.00    0.00    0.00    0.00   26.60
09:25:42 AM   50    0.00    0.00    0.00   58.06    0.00    0.00    0.00    0.00    0.00   41.94
09:25:42 AM   51    0.00    0.00    1.06   61.70    0.00    0.00    0.00    0.00    0.00   37.23
09:25:42 AM   52    1.05    0.00    1.05   61.05    0.00    0.00    0.00    0.00    0.00   36.84
09:25:42 AM   53    0.00    0.00    1.08   61.29    0.00    0.00    0.00    0.00    0.00   37.63
09:25:42 AM   54    0.00    0.00    1.06   71.28    0.00    0.00    0.00    0.00    0.00   27.66
09:25:42 AM   55    0.00    0.00    1.06   72.34    0.00    0.00    0.00    0.00    0.00   26.60
09:25:42 AM   56    1.06    0.00    2.13   81.91    0.00    0.00    0.00    0.00    0.00   14.89
09:25:42 AM   57    1.06    0.00    1.06   79.79    0.00    0.00    0.00    0.00    0.00   18.09
09:25:42 AM   58    1.04    0.00    1.04   65.62    0.00    0.00    0.00    0.00    0.00   32.29
09:25:42 AM   59    1.04    0.00    2.08   61.46    0.00    0.00    0.00    0.00    0.00   35.42
09:25:42 AM   60    1.06    0.00    1.06   79.79    0.00    0.00    0.00    0.00    0.00   18.09
09:25:42 AM   61    0.00    0.00    1.06   74.47    0.00    0.00    0.00    0.00    0.00   24.47
09:25:42 AM   62    1.08    0.00    1.08   86.02    0.00    0.00    0.00    0.00    0.00   11.83
09:25:42 AM   63    0.00    0.00    0.00   79.57    0.00    0.00    0.00    0.00    0.00   20.43
09:25:42 AM   64    1.10    0.00    2.20   80.22    0.00    0.00    0.00    0.00    0.00   16.48
09:25:42 AM   65    0.00    0.00    1.09   91.30    0.00    0.00    0.00    0.00    0.00    7.61
09:25:42 AM   66    0.00    0.00    1.06   75.53    0.00    0.00    0.00    0.00    0.00   23.40
09:25:42 AM   67    1.05    0.00    1.05   72.63    0.00    0.00    0.00    0.00    0.00   25.26
09:25:42 AM   68    0.00    0.00    1.06   71.28    0.00    0.00    0.00    0.00    0.00   27.66
09:25:42 AM   69    0.00    0.00    1.05   55.79    0.00    0.00    0.00    0.00    0.00   43.16
09:25:42 AM   70    1.06    0.00    1.06   85.11    0.00    0.00    0.00    0.00    0.00   12.77
09:25:42 AM   71    0.00    0.00    1.08   62.37    0.00    0.00    0.00    0.00    0.00   36.56
09:25:42 AM   72    1.08    0.00    1.08   91.40    0.00    0.00    0.00    0.00    0.00    6.45
09:25:42 AM   73    1.06    0.00    1.06   82.98    0.00    0.00    0.00    0.00    0.00   14.89
09:25:42 AM   74    0.00    0.00    1.08   74.19    0.00    0.00    0.00    0.00    0.00   24.73
09:25:42 AM   75    1.04    0.00    2.08   68.75    0.00    0.00    0.00    0.00    0.00   28.12
09:25:42 AM   76    0.00    0.00    1.08   77.42    0.00    0.00    0.00    0.00    0.00   21.51
09:25:42 AM   77    0.00    0.00    2.11   55.79    0.00    0.00    0.00    0.00    0.00   42.11
09:25:42 AM   78    0.00    0.00    1.06   60.64    0.00    0.00    0.00    0.00    0.00   38.30
09:25:42 AM   79    1.05    0.00    2.11   83.16    0.00    0.00    0.00    0.00    0.00   13.68
09:25:42 AM   80    0.00    0.00    1.06   86.17    0.00    0.00    0.00    0.00    0.00   12.77
09:25:42 AM   81    0.00    0.00    1.06   68.09    0.00    0.00    0.00    0.00    0.00   30.85
09:25:42 AM   82    0.00    0.00    1.09   86.96    0.00    0.00    0.00    0.00    0.00   11.96
09:25:42 AM   83    1.04    0.00    1.04   56.25    0.00    0.00    0.00    0.00    0.00   41.67
09:25:42 AM   84    1.04    0.00    2.08   69.79    0.00    0.00    0.00    0.00    0.00   27.08
09:25:42 AM   85    1.05    0.00    2.11   60.00    0.00    0.00    0.00    0.00    0.00   36.84
09:25:42 AM   86    0.00    0.00    1.08   62.37    0.00    0.00    0.00    0.00    0.00   36.56
09:25:42 AM   87    1.05    0.00    3.16   69.47    0.00    0.00    0.00    0.00    0.00   26.32
09:25:42 AM   88    0.00    0.00    0.00    0.00    0.00    0.00    0.00    0.00    0.00  100.00
09:25:42 AM   89    0.00    0.00    0.00    0.00    0.00    0.00    0.00    0.00    0.00  100.00
09:25:42 AM   90    0.00    0.00    0.00    0.00    0.00    0.00    0.00    0.00    0.00  100.00
09:25:42 AM   91    0.00    0.00    0.00    0.00    0.00    0.00    0.00    0.00    0.00  100.00
09:25:42 AM   92    0.00    0.00    0.00    0.00    0.00    0.00    0.00    0.00    0.00  100.00
09:25:42 AM   93    0.00    0.00    0.00    0.00    0.00    0.00    0.00    0.00    0.00  100.00
09:25:42 AM   94    0.00    0.00    0.00    0.00    0.00    0.00    0.00    0.00    0.00  100.00
09:25:42 AM   95    0.00    0.00    0.00    0.00    0.00    0.00    0.00    0.00    0.00  100.00
09:25:42 AM   96    0.00    0.00    1.09   91.30    0.00    0.00    0.00    0.00    0.00    7.61
09:25:42 AM   97    0.00    0.00    1.08   88.17    0.00    0.00    0.00    0.00    0.00   10.75
09:25:42 AM   98    1.08    0.00    0.00   92.47    0.00    0.00    0.00    0.00    0.00    6.45
09:25:42 AM   99    0.00    0.00    1.06   72.34    0.00    0.00    0.00    0.00    0.00   26.60
09:25:42 AM  100    0.00    0.00    2.13   73.40    0.00    0.00    0.00    0.00    0.00   24.47
09:25:42 AM  101    0.00    0.00    1.08   79.57    0.00    0.00    0.00    0.00    0.00   19.35
09:25:42 AM  102    1.06    0.00    1.06   88.30    0.00    0.00    0.00    0.00    0.00    9.57
09:25:42 AM  103    0.00    0.00    0.00   91.30    0.00    0.00    0.00    0.00    0.00    8.70
09:25:42 AM  104    0.00    0.00    0.00   25.77    0.00    0.00    0.00    0.00    0.00   74.23
09:25:42 AM  105    1.01    0.00    0.00   14.14    0.00    0.00    0.00    0.00    0.00   84.85
09:25:42 AM  106    0.00    0.00    0.00   16.49    0.00    0.00    0.00    0.00    0.00   83.51
09:25:42 AM  107    0.00    0.00    1.02   17.35    0.00    0.00    0.00    0.00    0.00   81.63
09:25:42 AM  108    0.00    0.00    1.00   11.00    0.00    0.00    0.00    0.00    0.00   88.00
09:25:42 AM  109    0.00    0.00    1.01   17.17    0.00    0.00    0.00    0.00    0.00   81.82
09:25:42 AM  110    1.02    0.00    0.00   19.39    0.00    0.00    0.00    0.00    0.00   79.59
09:25:42 AM  111    0.00    0.00    0.00   22.68    0.00    0.00    0.00    0.00    0.00   77.32
09:25:42 AM  112    0.00    0.00    0.00    0.00    0.00    0.00    0.00    0.00    0.00  100.00
09:25:42 AM  113    0.00    0.00    0.00    0.00    0.00    0.00    0.00    0.00    0.00  100.00
09:25:42 AM  114    0.00    0.00    0.00    0.00    0.00    0.00    0.00    0.00    0.00  100.00
09:25:42 AM  115    0.00    0.00    0.00    0.00    0.00    0.00    0.00    0.00    0.00  100.00
09:25:42 AM  116    0.00    0.00    0.00    0.00    0.00    0.00    0.00    0.00    0.00  100.00
09:25:42 AM  117    0.00    0.00    0.00    0.00    0.00    0.00    0.00    0.00    0.00  100.00
09:25:42 AM  118    0.00    0.00    0.00    0.00    0.00    0.00    0.00    0.00    0.00  100.00
09:25:42 AM  119    0.00    0.00    0.00    0.00    0.00    0.00    0.00    0.00    0.00  100.00
09:25:42 AM  120    0.00    0.00    0.00    0.00    0.00    0.00    0.00    0.00    0.00  100.00
09:25:42 AM  121    0.00    0.00    0.00    0.00    0.00    0.00    0.00    0.00    0.00  100.00
09:25:42 AM  122    0.00    0.00    0.00    0.00    0.00    0.00    0.00    0.00    0.00  100.00
09:25:42 AM  123    0.00    0.00    0.00    0.00    0.00    0.00    0.00    0.00    0.00  100.00
09:25:42 AM  124    0.00    0.00    0.00    0.00    0.00    0.00    0.00    0.00    0.00  100.00
09:25:42 AM  125    0.00    0.00    0.00    0.00    0.00    0.00    0.00    0.00    0.00  100.00
09:25:42 AM  126    0.00    0.00    0.00    0.00    0.00    0.00    0.00    0.00    0.00  100.00
09:25:42 AM  127    0.00    0.00    0.00    0.00    0.00    0.00    0.00    0.00    0.00  100.00
09:25:42 AM  128    0.00    0.00    1.11   93.33    0.00    0.00    0.00    0.00    0.00    5.56
09:25:42 AM  129    0.00    0.00    0.00   76.34    0.00    0.00    0.00    0.00    0.00   23.66
09:25:42 AM  130    0.00    0.00    1.09   71.74    0.00    0.00    0.00    0.00    0.00   27.17
09:25:42 AM  131    0.00    0.00    1.08   82.80    0.00    0.00    0.00    0.00    0.00   16.13
09:25:42 AM  132    0.00    0.00    1.06   69.15    0.00    0.00    0.00    0.00    0.00   29.79
09:25:42 AM  133    1.05    0.00    1.05   63.16    0.00    0.00    0.00    0.00    0.00   34.74
09:25:42 AM  134    0.00    0.00    1.06   82.98    0.00    0.00    0.00    0.00    0.00   15.96
09:25:42 AM  135    1.08    0.00    0.00   76.34    0.00    0.00    0.00    0.00    0.00   22.58
09:25:42 AM  136    0.00    0.00    0.00   83.33    0.00    0.00    0.00    0.00    0.00   16.67
09:25:42 AM  137    0.00    0.00    0.00   80.43    0.00    0.00    0.00    0.00    0.00   19.57
09:25:42 AM  138    0.00    0.00    1.06   75.53    0.00    0.00    0.00    0.00    0.00   23.40
09:25:42 AM  139    1.08    0.00    0.00   74.19    0.00    0.00    0.00    0.00    0.00   24.73
09:25:42 AM  140    0.00    0.00    0.00   79.57    0.00    0.00    0.00    0.00    0.00   20.43
09:25:42 AM  141    0.00    0.00    3.19   76.60    0.00    0.00    0.00    0.00    0.00   20.21
09:25:42 AM  142    0.00    0.00    1.08   75.27    0.00    0.00    0.00    0.00    0.00   23.66
09:25:42 AM  143    0.00    0.00    0.00   73.91    0.00    0.00    0.00    0.00    0.00   26.09
09:25:42 AM  144    0.00    0.00    1.10   93.41    0.00    0.00    0.00    0.00    0.00    5.49
09:25:42 AM  145    1.10    0.00    0.00   85.71    0.00    0.00    0.00    0.00    0.00   13.19
09:25:42 AM  146    0.00    0.00    1.09   91.30    0.00    0.00    0.00    0.00    0.00    7.61
09:25:42 AM  147    1.08    0.00    0.00   80.65    0.00    0.00    0.00    0.00    0.00   18.28
09:25:42 AM  148    0.00    0.00    1.08   84.95    0.00    0.00    0.00    0.00    0.00   13.98
09:25:42 AM  149    1.06    0.00    1.06   70.21    0.00    0.00    0.00    0.00    0.00   27.66
09:25:42 AM  150    0.00    0.00    1.06   93.62    0.00    0.00    0.00    0.00    0.00    5.32
09:25:42 AM  151    0.00    0.00    0.00   95.65    0.00    0.00    0.00    0.00    0.00    4.35
09:25:42 AM  152    1.08    0.00    1.08   90.32    0.00    0.00    0.00    0.00    0.00    7.53
09:25:42 AM  153    0.00    0.00    1.09   88.04    0.00    0.00    0.00    0.00    0.00   10.87
09:25:42 AM  154    0.00    0.00    0.00   78.26    0.00    0.00    0.00    0.00    0.00   21.74
09:25:42 AM  155    0.00    0.00    0.00   63.83    0.00    0.00    0.00    0.00    0.00   36.17
09:25:42 AM  156    0.00    0.00    1.08   83.87    0.00    0.00    0.00    0.00    0.00   15.05
09:25:42 AM  157    0.00    0.00    1.08   80.65    0.00    0.00    0.00    0.00    0.00   18.28
09:25:42 AM  158    0.00    0.00    1.06   79.79    0.00    0.00    0.00    0.00    0.00   19.15
09:25:42 AM  159    1.09    0.00    0.00   72.83    0.00    0.00    0.00    0.00    0.00   26.09
09:25:42 AM  160    1.09    0.00    0.00   88.04    0.00    0.00    0.00    0.00    0.00   10.87
09:25:42 AM  161    0.00    0.00    1.09   79.35    0.00    0.00    0.00    0.00    0.00   19.57
09:25:42 AM  162    1.08    0.00    1.08   88.17    0.00    0.00    0.00    0.00    0.00    9.68
09:25:42 AM  163    0.00    0.00    1.08   75.27    0.00    0.00    0.00    0.00    0.00   23.66
09:25:42 AM  164    0.00    0.00    0.00   89.01    0.00    0.00    0.00    0.00    0.00   10.99
09:25:42 AM  165    0.00    0.00    1.08   79.57    0.00    0.00    0.00    0.00    0.00   19.35
09:25:42 AM  166    0.00    0.00    1.10   94.51    0.00    0.00    0.00    0.00    0.00    4.40
09:25:42 AM  167    0.00    0.00    0.00   76.34    0.00    0.00    0.00    0.00    0.00   23.66
09:25:42 AM  168    0.00    0.00    0.00   92.22    0.00    0.00    0.00    0.00    0.00    7.78
09:25:42 AM  169    0.00    0.00    0.00   91.21    0.00    0.00    0.00    0.00    0.00    8.79
09:25:42 AM  170    0.00    0.00    1.09   92.39    0.00    0.00    0.00    0.00    0.00    6.52
09:25:42 AM  171    0.00    0.00    0.00   81.52    0.00    0.00    0.00    0.00    0.00   18.48
09:25:42 AM  172    0.00    0.00    1.10   86.81    0.00    0.00    0.00    0.00    0.00   12.09
09:25:42 AM  173    0.00    0.00    1.08   81.72    0.00    0.00    0.00    0.00    0.00   17.20
09:25:42 AM  174    1.08    0.00    1.08   73.12    0.00    0.00    0.00    0.00    0.00   24.73
09:25:42 AM  175    0.00    0.00    0.00   81.52    0.00    0.00    0.00    0.00    0.00   18.48
09:25:42 AM  176    0.00    0.00    1.08   82.80    0.00    0.00    0.00    0.00    0.00   16.13
09:25:42 AM  177    0.00    0.00    0.00   70.65    0.00    0.00    0.00    0.00    0.00   29.35
09:25:42 AM  178    0.00    0.00    0.00   65.59    0.00    0.00    0.00    0.00    0.00   34.41
09:25:42 AM  179    0.00    0.00    0.00   68.82    0.00    0.00    0.00    0.00    0.00   31.18
09:25:42 AM  180    1.06    0.00    0.00   61.70    0.00    0.00    0.00    0.00    0.00   37.23
09:25:42 AM  181    0.00    0.00    1.08   68.82    0.00    0.00    0.00    0.00    0.00   30.11
09:25:42 AM  182    0.00    0.00    1.06   65.96    0.00    0.00    0.00    0.00    0.00   32.98
09:25:42 AM  183    1.06    0.00    0.00   71.28    0.00    0.00    0.00    0.00    0.00   27.66
09:25:42 AM  184    1.09    0.00    2.17   88.04    0.00    0.00    0.00    0.00    0.00    8.70
09:25:42 AM  185    0.00    0.00    1.08   73.12    0.00    0.00    0.00    0.00    0.00   25.81
09:25:42 AM  186    0.00    0.00    1.08   87.10    0.00    0.00    0.00    0.00    0.00   11.83
09:25:42 AM  187    0.00    0.00    1.06   75.53    0.00    0.00    0.00    0.00    0.00   23.40
09:25:42 AM  188    0.00    0.00    0.00   85.71    0.00    0.00    0.00    0.00    0.00   14.29
09:25:42 AM  189    0.00    0.00    1.09   73.91    0.00    0.00    0.00    0.00    0.00   25.00
09:25:42 AM  190    1.06    0.00    1.06   70.21    0.00    0.00    0.00    0.00    0.00   27.66
09:25:42 AM  191    1.09    0.00    0.00   96.74    0.00    0.00    0.00    0.00    0.00    2.17
09:25:42 AM  192    1.09    0.00    1.09   82.61    0.00    0.00    0.00    0.00    0.00   15.22
09:25:42 AM  193    0.00    0.00    0.00   85.71    0.00    0.00    0.00    0.00    0.00   14.29
09:25:42 AM  194    0.00    0.00    0.00   86.81    0.00    0.00    0.00    0.00    0.00   13.19
09:25:42 AM  195    0.00    0.00    0.00   84.78    0.00    0.00    0.00    0.00    0.00   15.22
09:25:42 AM  196    0.00    0.00    1.09   79.35    0.00    0.00    0.00    0.00    0.00   19.57
09:25:42 AM  197    0.00    0.00    1.09   79.35    0.00    0.00    0.00    0.00    0.00   19.57
09:25:42 AM  198    0.00    0.00    1.08   62.37    0.00    0.00    0.00    0.00    0.00   36.56
09:25:42 AM  199    2.13    0.00    1.06   74.47    0.00    0.00    0.00    0.00    0.00   22.34
09:25:42 AM  200    0.00    0.00    1.10   91.21    0.00    0.00    0.00    0.00    0.00    7.69
09:25:42 AM  201    0.00    0.00    0.00   96.70    0.00    0.00    0.00    0.00    0.00    3.30
09:25:42 AM  202    1.06    0.00    0.00   84.04    0.00    0.00    0.00    0.00    0.00   14.89
09:25:42 AM  203    0.00    0.00    1.06   79.79    0.00    0.00    0.00    0.00    0.00   19.15
09:25:42 AM  204    1.05    0.00    0.00   77.89    0.00    0.00    0.00    0.00    0.00   21.05
09:25:42 AM  205    0.00    0.00    1.08   78.49    0.00    0.00    0.00    0.00    0.00   20.43
09:25:42 AM  206    0.00    0.00    1.06   75.53    0.00    0.00    0.00    0.00    0.00   23.40
09:25:42 AM  207    0.00    0.00    1.06   77.66    0.00    0.00    0.00    0.00    0.00   21.28
09:25:42 AM  208    0.00    0.00    1.10   89.01    0.00    0.00    0.00    0.00    0.00    9.89
09:25:42 AM  209    0.00    0.00    1.10   89.01    0.00    0.00    0.00    0.00    0.00    9.89
09:25:42 AM  210    0.00    0.00    1.08   86.02    0.00    0.00    0.00    0.00    0.00   12.90
09:25:42 AM  211    0.00    0.00    1.08   65.59    0.00    0.00    0.00    0.00    0.00   33.33
09:25:42 AM  212    0.00    0.00    0.00   80.22    0.00    0.00    0.00    0.00    0.00   19.78
09:25:42 AM  213    2.11    0.00    1.05   75.79    0.00    0.00    0.00    0.00    0.00   21.05
09:25:42 AM  214    0.00    0.00    0.00   66.67    0.00    0.00    0.00    0.00    0.00   33.33
09:25:42 AM  215    0.00    0.00    1.06   78.72    0.00    0.00    0.00    0.00    0.00   20.21
09:25:42 AM  216    0.00    0.00    0.00    0.00    0.00    0.00    0.00    0.00    0.00  100.00
09:25:42 AM  217    0.00    0.00    0.00    0.00    0.00    0.00    0.00    0.00    0.00  100.00
09:25:42 AM  218    0.00    0.00    0.00    0.00    0.00    0.00    0.00    0.00    0.00  100.00
09:25:42 AM  219    0.00    0.00    0.00    0.00    0.00    0.00    0.00    0.00    0.00  100.00
09:25:42 AM  220    0.00    0.00    0.00    0.00    0.00    0.00    0.00    0.00    0.00  100.00
09:25:42 AM  221    0.00    0.00    0.00    0.00    0.00    0.00    0.00    0.00    0.00  100.00
09:25:42 AM  222    0.00    0.00    0.00    0.00    0.00    0.00    0.00    0.00    0.00  100.00
09:25:42 AM  223    0.00    0.00    0.00    0.00    0.00    0.00    0.00    0.00    0.00  100.00
09:25:42 AM  224    0.00    0.00    0.00  100.00    0.00    0.00    0.00    0.00    0.00    0.00
09:25:42 AM  225    0.00    0.00    0.00   91.11    0.00    0.00    0.00    0.00    0.00    8.89
09:25:42 AM  226    1.09    0.00    1.09   84.78    0.00    0.00    0.00    0.00    0.00   13.04
09:25:42 AM  227    0.00    0.00    0.00   82.80    0.00    0.00    0.00    0.00    0.00   17.20
09:25:42 AM  228    0.00    0.00    1.08   67.74    0.00    0.00    0.00    0.00    0.00   31.18
09:25:42 AM  229    1.05    0.00    1.05   67.37    0.00    0.00    0.00    0.00    0.00   30.53
09:25:42 AM  230    0.00    0.00    1.08   75.27    0.00    0.00    0.00    0.00    0.00   23.66
09:25:42 AM  231    1.09    0.00    0.00   83.70    0.00    0.00    0.00    0.00    0.00   15.22
09:25:42 AM  232    0.00    0.00    0.00   21.21    0.00    0.00    0.00    0.00    0.00   78.79
09:25:42 AM  233    0.00    0.00    1.01   16.16    0.00    0.00    0.00    0.00    0.00   82.83
09:25:42 AM  234    0.00    0.00    0.00   12.37    0.00    0.00    0.00    0.00    0.00   87.63
09:25:42 AM  235    0.00    0.00    0.00   11.11    0.00    0.00    0.00    0.00    0.00   88.89
09:25:42 AM  236    0.00    0.00    0.00   21.43    0.00    0.00    0.00    0.00    0.00   78.57
09:25:42 AM  237    0.00    0.00    1.02   19.39    0.00    0.00    0.00    0.00    0.00   79.59
09:25:42 AM  238    0.00    0.00    0.00   21.65    0.00    0.00    0.00    0.00    0.00   78.35
09:25:42 AM  239    1.02    0.00    0.00   21.43    0.00    0.00    0.00    0.00    0.00   77.55
09:25:42 AM  240    0.00    0.00    0.00    0.00    0.00    0.00    0.00    0.00    0.00  100.00
09:25:42 AM  241    0.00    0.00    0.00    0.00    0.00    0.00    0.00    0.00    0.00  100.00
09:25:42 AM  242    0.00    0.00    0.00    0.00    0.00    0.00    0.00    0.00    0.00  100.00
09:25:42 AM  243    0.00    0.00    0.00    0.00    0.00    0.00    0.00    0.00    0.00  100.00
09:25:42 AM  244    0.00    0.00    0.00    0.00    0.00    0.00    0.00    0.00    0.00  100.00
09:25:42 AM  245    0.00    0.00    0.00    0.00    0.00    0.00    0.00    0.00    0.00  100.00
09:25:42 AM  246    0.00    0.00    0.00    0.00    0.00    0.00    0.00    0.00    0.00  100.00
09:25:42 AM  247    0.00    0.00    0.00    0.00    0.00    0.00    0.00    0.00    0.00  100.00
09:25:42 AM  248    0.00    0.00    0.00    0.00    0.00    0.00    0.00    0.00    0.00  100.00
09:25:42 AM  249    0.00    0.00    0.00    0.00    0.00    0.00    0.00    0.00    0.00  100.00
09:25:42 AM  250    0.00    0.00    0.00    0.00    0.00    0.00    0.00    0.00    0.00  100.00
09:25:42 AM  251    0.00    0.00    0.00    0.00    0.00    0.00    0.00    0.00    0.00  100.00
09:25:42 AM  252    0.00    0.00    0.00    0.00    0.00    0.00    0.00    0.00    0.00  100.00
09:25:42 AM  253    0.00    0.00    0.00    0.00    0.00    0.00    0.00    0.00    0.00  100.00
09:25:42 AM  254    0.00    0.00    0.00    0.00    0.00    0.00    0.00    0.00    0.00  100.00
09:25:42 AM  255    0.00    0.00    0.00    0.00    0.00    0.00    0.00    0.00    0.00  100.00
