Linux 6.8.0-85-generic (raven4) 	10/24/2025 	_x86_64_	(256 CPU)

avg-cpu:  %user   %nice %system %iowait  %steal   %idle
           0.01    0.00    0.00    0.01    0.00   99.98

Device            r/s     rMB/s   rrqm/s  %rrqm r_await rareq-sz     w/s     wMB/s   wrqm/s  %wrqm w_await wareq-sz     d/s     dMB/s   drqm/s  %drqm d_await dareq-sz     f/s f_await  aqu-sz  %util
dm-0             0.23      0.01     0.00   0.00   20.29    32.70    0.48      0.01     0.00   0.00   43.65    14.26    0.00      0.00     0.00   0.00    0.00     0.00    0.00    0.00    0.03   2.47
dm-1             0.00      0.00     0.00   0.00   19.33    18.43    0.02      0.00     0.00   0.00   29.26     3.65    0.00      0.00     0.00   0.00    0.00     0.00    0.00    0.00    0.00   0.05
dm-2             0.25      0.00     0.00   0.00   63.88     7.08    0.16      0.00     0.00   0.00   48.89     4.42    0.00      0.00     0.00   0.00    0.00     0.00    0.00    0.00    0.02   0.11
md0              0.03      0.00     0.00   0.00   26.67     5.08    0.00      0.00     0.00   0.00   41.00     4.00    0.00      0.00     0.00   0.00    0.00     0.00    0.00    0.00    0.00   0.02
md1             12.36      0.74     0.00   0.00    0.09    61.38   17.83      1.48     0.00   0.00    0.09    84.87    0.00      0.00     0.00   0.00    0.00     0.00    0.00    0.00    0.00   0.07
nvme0n1          3.01      0.18     0.00   0.00    0.07    62.95    4.43      0.37     0.02   0.37    0.07    85.33    0.00      0.00     0.00   0.00    0.00     0.00    0.00    0.00    0.00   0.02
nvme1n1          3.05      0.19     0.29   8.69    0.08    62.49    4.44      0.37     0.04   0.92    0.07    85.30    0.00      0.00     0.00   0.00    0.00     0.00    0.00    0.00    0.00   0.02
nvme2n1          3.01      0.18     0.00   0.00    0.07    62.95    4.43      0.37     0.02   0.38    0.07    85.33    0.00      0.00     0.00   0.00    0.00     0.00    0.00    0.00    0.00   0.02
nvme3n1          3.01      0.18     0.00   0.01    0.07    62.98    4.43      0.37     0.02   0.43    0.13    85.33    0.00      0.00     0.00   0.00    0.00     0.00    0.00    0.00    0.00   0.05
sda              0.36      0.01     0.15  29.55   21.77    26.70    0.37      0.01     0.30  44.81   52.31    20.71    0.00      0.00     0.00   0.00    0.00     0.00    0.13   80.77    0.04   1.16
sdb              0.02      0.00     0.01  18.14   30.00     6.21    0.00      0.00     0.00   0.00   41.00     4.00    0.00      0.00     0.00   0.00    0.00     0.00    0.00   40.00    0.00   0.02
sdg              0.01      0.00     0.00   2.46    1.05    13.27    0.00      0.00     0.00   0.00    1.00     0.50    0.00      0.00     0.00   0.00    0.00     0.00    0.00    0.00    0.00   0.00


avg-cpu:  %user   %nice %system %iowait  %steal   %idle
          53.38    0.00    0.09    0.00    0.00   46.53

Device            r/s     rMB/s   rrqm/s  %rrqm r_await rareq-sz     w/s     wMB/s   wrqm/s  %wrqm w_await wareq-sz     d/s     dMB/s   drqm/s  %drqm d_await dareq-sz     f/s f_await  aqu-sz  %util
dm-0             0.00      0.00     0.00   0.00    0.00     0.00    0.00      0.00     0.00   0.00    0.00     0.00    0.00      0.00     0.00   0.00    0.00     0.00    0.00    0.00    0.00   0.00
dm-1             0.00      0.00     0.00   0.00    0.00     0.00    0.00      0.00     0.00   0.00    0.00     0.00    0.00      0.00     0.00   0.00    0.00     0.00    0.00    0.00    0.00   0.00
dm-2             0.00      0.00     0.00   0.00    0.00     0.00   21.00      0.96     0.00   0.00    2.95    46.86    0.00      0.00     0.00   0.00    0.00     0.00    0.00    0.00    0.06   0.40
md0              0.00      0.00     0.00   0.00    0.00     0.00    0.00      0.00     0.00   0.00    0.00     0.00    0.00      0.00     0.00   0.00    0.00     0.00    0.00    0.00    0.00   0.00
md1              0.00      0.00     0.00   0.00    0.00     0.00  128.00     14.00     0.00   0.00    0.14   112.00    0.00      0.00     0.00   0.00    0.00     0.00    0.00    0.00    0.02   0.40
nvme0n1          0.00      0.00     0.00   0.00    0.00     0.00   19.00      2.00     1.00   5.00    0.11   107.79    0.00      0.00     0.00   0.00    0.00     0.00    0.00    0.00    0.00   0.20
nvme1n1          0.00      0.00     0.00   0.00    0.00     0.00   29.00      3.25     0.00   0.00    0.10   114.76    0.00      0.00     0.00   0.00    0.00     0.00    0.00    0.00    0.00   0.20
nvme2n1          0.00      0.00     0.00   0.00    0.00     0.00   20.00      2.00     0.00   0.00    0.10   102.40    0.00      0.00     0.00   0.00    0.00     0.00    0.00    0.00    0.00   0.10
nvme3n1          0.00      0.00     0.00   0.00    0.00     0.00   19.00      1.93     1.00   5.00    0.11   103.79    0.00      0.00     0.00   0.00    0.00     0.00    0.00    0.00    0.00   0.10
sda              0.00      0.00     0.00   0.00    0.00     0.00    4.00      0.96    17.00  80.95    3.00   246.00    0.00      0.00     0.00   0.00    0.00     0.00    0.00    0.00    0.01   0.40
sdb              0.00      0.00     0.00   0.00    0.00     0.00    0.00      0.00     0.00   0.00    0.00     0.00    0.00      0.00     0.00   0.00    0.00     0.00    0.00    0.00    0.00   0.00
sdg              0.00      0.00     0.00   0.00    0.00     0.00    0.00      0.00     0.00   0.00    0.00     0.00    0.00      0.00     0.00   0.00    0.00     0.00    0.00    0.00    0.00   0.00


avg-cpu:  %user   %nice %system %iowait  %steal   %idle
           0.03    0.00    0.43    0.00    0.00   99.54

Device            r/s     rMB/s   rrqm/s  %rrqm r_await rareq-sz     w/s     wMB/s   wrqm/s  %wrqm w_await wareq-sz     d/s     dMB/s   drqm/s  %drqm d_await dareq-sz     f/s f_await  aqu-sz  %util
dm-0             0.00      0.00     0.00   0.00    0.00     0.00    0.00      0.00     0.00   0.00    0.00     0.00    0.00      0.00     0.00   0.00    0.00     0.00    0.00    0.00    0.00   0.00
dm-1             0.00      0.00     0.00   0.00    0.00     0.00    0.00      0.00     0.00   0.00    0.00     0.00    0.00      0.00     0.00   0.00    0.00     0.00    0.00    0.00    0.00   0.00
dm-2             0.00      0.00     0.00   0.00    0.00     0.00    0.00      0.00     0.00   0.00    0.00     0.00    0.00      0.00     0.00   0.00    0.00     0.00    0.00    0.00    0.00   0.00
md0              0.00      0.00     0.00   0.00    0.00     0.00    0.00      0.00     0.00   0.00    0.00     0.00    0.00      0.00     0.00   0.00    0.00     0.00    0.00    0.00    0.00   0.00
md1              0.00      0.00     0.00   0.00    0.00     0.00 7214.00    882.30     0.00   0.00    0.15   125.24    0.00      0.00     0.00   0.00    0.00     0.00    0.00    0.00    1.11  23.40
nvme0n1          0.00      0.00     0.00   0.00    0.00     0.00 1794.00    222.00     0.00   0.00    0.13   126.72    0.00      0.00     0.00   0.00    0.00     0.00    0.00    0.00    0.24   5.10
nvme1n1          0.00      0.00     0.00   0.00    0.00     0.00 1801.00    221.05    63.00   3.38    0.14   125.68    0.00      0.00     0.00   0.00    0.00     0.00    0.00    0.00    0.25   5.50
nvme2n1          0.00      0.00     0.00   0.00    0.00     0.00 1800.00    222.00     0.00   0.00    0.14   126.29    0.00      0.00     0.00   0.00    0.00     0.00    0.00    0.00    0.25   5.40
nvme3n1          0.00      0.00     0.00   0.00    0.00     0.00 1795.00    222.07     0.00   0.00    0.23   126.69    0.00      0.00     0.00   0.00    0.00     0.00    0.00    0.00    0.42  22.80
sda              0.00      0.00     0.00   0.00    0.00     0.00    0.00      0.00     0.00   0.00    0.00     0.00    0.00      0.00     0.00   0.00    0.00     0.00    0.00    0.00    0.00   0.00
sdb              0.00      0.00     0.00   0.00    0.00     0.00    0.00      0.00     0.00   0.00    0.00     0.00    0.00      0.00     0.00   0.00    0.00     0.00    0.00    0.00    0.00   0.00
sdg              0.00      0.00     0.00   0.00    0.00     0.00    0.00      0.00     0.00   0.00    0.00     0.00    0.00      0.00     0.00   0.00    0.00     0.00    0.00    0.00    0.00   0.00


avg-cpu:  %user   %nice %system %iowait  %steal   %idle
           0.02    0.00    0.43    0.23    0.00   99.31

Device            r/s     rMB/s   rrqm/s  %rrqm r_await rareq-sz     w/s     wMB/s   wrqm/s  %wrqm w_await wareq-sz     d/s     dMB/s   drqm/s  %drqm d_await dareq-sz     f/s f_await  aqu-sz  %util
dm-0             0.00      0.00     0.00   0.00    0.00     0.00    0.00      0.00     0.00   0.00    0.00     0.00    0.00      0.00     0.00   0.00    0.00     0.00    0.00    0.00    0.00   0.00
dm-1             0.00      0.00     0.00   0.00    0.00     0.00    0.00      0.00     0.00   0.00    0.00     0.00    0.00      0.00     0.00   0.00    0.00     0.00    0.00    0.00    0.00   0.00
dm-2             0.00      0.00     0.00   0.00    0.00     0.00   26.00      0.10     0.00   0.00   23.73     3.85    0.00      0.00     0.00   0.00    0.00     0.00    0.00    0.00    0.62  59.40
md0              0.00      0.00     0.00   0.00    0.00     0.00    0.00      0.00     0.00   0.00    0.00     0.00    0.00      0.00     0.00   0.00    0.00     0.00    0.00    0.00    0.00   0.00
md1              0.00      0.00     0.00   0.00    0.00     0.00 7401.00    896.30     0.00   0.00    0.17   124.01    0.00      0.00     0.00   0.00    0.00     0.00    0.00    0.00    1.29  23.70
nvme0n1          0.00      0.00     0.00   0.00    0.00     0.00 1834.00    224.15    30.00   1.61    0.15   125.15    0.00      0.00     0.00   0.00    0.00     0.00    0.00    0.00    0.27   5.50
nvme1n1          0.00      0.00     0.00   0.00    0.00     0.00 1835.00    224.15    34.00   1.82    0.15   125.09    0.00      0.00     0.00   0.00    0.00     0.00    0.00    0.00    0.28   5.80
nvme2n1          0.00      0.00     0.00   0.00    0.00     0.00 1832.00    224.00     0.00   0.00    0.15   125.21    0.00      0.00     0.00   0.00    0.00     0.00    0.00    0.00    0.28   6.30
nvme3n1          0.00      0.00     0.00   0.00    0.00     0.00 1827.00    224.00     9.00   0.49    0.24   125.55    0.00      0.00     0.00   0.00    0.00     0.00    0.00    0.00    0.45  22.60
sda              0.00      0.00     0.00   0.00    0.00     0.00    3.00      0.10    23.00  88.46  198.00    33.33    0.00      0.00     0.00   0.00    0.00     0.00    3.00  197.67    1.19  59.40
sdb              0.00      0.00     0.00   0.00    0.00     0.00    0.00      0.00     0.00   0.00    0.00     0.00    0.00      0.00     0.00   0.00    0.00     0.00    0.00    0.00    0.00   0.00
sdg              0.00      0.00     0.00   0.00    0.00     0.00    0.00      0.00     0.00   0.00    0.00     0.00    0.00      0.00     0.00   0.00    0.00     0.00    0.00    0.00    0.00   0.00


avg-cpu:  %user   %nice %system %iowait  %steal   %idle
           0.03    0.00    0.43    0.00    0.00   99.54

Device            r/s     rMB/s   rrqm/s  %rrqm r_await rareq-sz     w/s     wMB/s   wrqm/s  %wrqm w_await wareq-sz     d/s     dMB/s   drqm/s  %drqm d_await dareq-sz     f/s f_await  aqu-sz  %util
dm-0             0.00      0.00     0.00   0.00    0.00     0.00    0.00      0.00     0.00   0.00    0.00     0.00    0.00      0.00     0.00   0.00    0.00     0.00    0.00    0.00    0.00   0.00
dm-1             0.00      0.00     0.00   0.00    0.00     0.00    0.00      0.00     0.00   0.00    0.00     0.00    0.00      0.00     0.00   0.00    0.00     0.00    0.00    0.00    0.00   0.00
dm-2             0.00      0.00     0.00   0.00    0.00     0.00    0.00      0.00     0.00   0.00    0.00     0.00    0.00      0.00     0.00   0.00    0.00     0.00    0.00    0.00    0.00   0.00
md0              0.00      0.00     0.00   0.00    0.00     0.00    0.00      0.00     0.00   0.00    0.00     0.00    0.00      0.00     0.00   0.00    0.00     0.00    0.00    0.00    0.00   0.00
md1              0.00      0.00     0.00   0.00    0.00     0.00 6912.00    832.16     0.00   0.00    0.17   123.28    0.00      0.00     0.00   0.00    0.00     0.00    0.00    0.00    1.17  22.30
nvme0n1          0.00      0.00     0.00   0.00    0.00     0.00 1720.00    208.28    60.00   3.37    0.14   124.00    0.00      0.00     0.00   0.00    0.00     0.00    0.00    0.00    0.23   5.80
nvme1n1          0.00      0.00     0.00   0.00    0.00     0.00 1706.00    208.00     0.00   0.00    0.14   124.85    0.00      0.00     0.00   0.00    0.00     0.00    0.00    0.00    0.24   6.20
nvme2n1          0.00      0.00     0.00   0.00    0.00     0.00 1716.00    208.00     0.00   0.00    0.14   124.12    0.00      0.00     0.00   0.00    0.00     0.00    0.00    0.00    0.24   5.60
nvme3n1          0.00      0.00     0.00   0.00    0.00     0.00 1709.00    207.88     1.00   0.06    0.23   124.55    0.00      0.00     0.00   0.00    0.00     0.00    0.00    0.00    0.39  20.50
sda              0.00      0.00     0.00   0.00    0.00     0.00    0.00      0.00     0.00   0.00    0.00     0.00    0.00      0.00     0.00   0.00    0.00     0.00    0.00    0.00    0.00   0.00
sdb              0.00      0.00     0.00   0.00    0.00     0.00    0.00      0.00     0.00   0.00    0.00     0.00    0.00      0.00     0.00   0.00    0.00     0.00    0.00    0.00    0.00   0.00
sdg              0.00      0.00     0.00   0.00    0.00     0.00    0.00      0.00     0.00   0.00    0.00     0.00    0.00      0.00     0.00   0.00    0.00     0.00    0.00    0.00    0.00   0.00


avg-cpu:  %user   %nice %system %iowait  %steal   %idle
           0.12    0.00    0.54    0.00    0.00   99.34

Device            r/s     rMB/s   rrqm/s  %rrqm r_await rareq-sz     w/s     wMB/s   wrqm/s  %wrqm w_await wareq-sz     d/s     dMB/s   drqm/s  %drqm d_await dareq-sz     f/s f_await  aqu-sz  %util
dm-0             0.00      0.00     0.00   0.00    0.00     0.00    0.00      0.00     0.00   0.00    0.00     0.00    0.00      0.00     0.00   0.00    0.00     0.00    0.00    0.00    0.00   0.00
dm-1             0.00      0.00     0.00   0.00    0.00     0.00    0.00      0.00     0.00   0.00    0.00     0.00    0.00      0.00     0.00   0.00    0.00     0.00    0.00    0.00    0.00   0.00
dm-2             0.00      0.00     0.00   0.00    0.00     0.00    0.00      0.00     0.00   0.00    0.00     0.00    0.00      0.00     0.00   0.00    0.00     0.00    0.00    0.00    0.00   0.00
md0              0.00      0.00     0.00   0.00    0.00     0.00    0.00      0.00     0.00   0.00    0.00     0.00    0.00      0.00     0.00   0.00    0.00     0.00    0.00    0.00    0.00   0.00
md1              0.00      0.00     0.00   0.00    0.00     0.00 6915.00    832.45     0.00   0.00    0.17   123.27    0.00      0.00     0.00   0.00    0.00     0.00    0.00    0.00    1.14  22.50
nvme0n1          0.00      0.00     0.00   0.00    0.00     0.00 1703.00    208.07    15.00   0.87    0.14   125.11    0.00      0.00     0.00   0.00    0.00     0.00    0.00    0.00    0.24   5.20
nvme1n1          0.00      0.00     0.00   0.00    0.00     0.00 1700.00    208.00     2.00   0.12    0.14   125.29    0.00      0.00     0.00   0.00    0.00     0.00    0.00    0.00    0.25   5.30
nvme2n1          0.00      0.00     0.00   0.00    0.00     0.00 1730.00    208.26    58.00   3.24    0.14   123.27    0.00      0.00     0.00   0.00    0.00     0.00    0.00    0.00    0.25   6.70
nvme3n1          0.00      0.00     0.00   0.00    0.00     0.00 1707.00    208.12     0.00   0.00    0.23   124.85    0.00      0.00     0.00   0.00    0.00     0.00    0.00    0.00    0.40  21.00
sda              0.00      0.00     0.00   0.00    0.00     0.00    0.00      0.00     0.00   0.00    0.00     0.00    0.00      0.00     0.00   0.00    0.00     0.00    0.00    0.00    0.00   0.00
sdb              0.00      0.00     0.00   0.00    0.00     0.00    0.00      0.00     0.00   0.00    0.00     0.00    0.00      0.00     0.00   0.00    0.00     0.00    0.00    0.00    0.00   0.00
sdg              0.00      0.00     0.00   0.00    0.00     0.00    0.00      0.00     0.00   0.00    0.00     0.00    0.00      0.00     0.00   0.00    0.00     0.00    0.00    0.00    0.00   0.00


avg-cpu:  %user   %nice %system %iowait  %steal   %idle
           0.04    0.00    0.45    0.00    0.00   99.52

Device            r/s     rMB/s   rrqm/s  %rrqm r_await rareq-sz     w/s     wMB/s   wrqm/s  %wrqm w_await wareq-sz     d/s     dMB/s   drqm/s  %drqm d_await dareq-sz     f/s f_await  aqu-sz  %util
dm-0             0.00      0.00     0.00   0.00    0.00     0.00    0.00      0.00     0.00   0.00    0.00     0.00    0.00      0.00     0.00   0.00    0.00     0.00    0.00    0.00    0.00   0.00
dm-1             0.00      0.00     0.00   0.00    0.00     0.00    0.00      0.00     0.00   0.00    0.00     0.00    0.00      0.00     0.00   0.00    0.00     0.00    0.00    0.00    0.00   0.00
dm-2             0.00      0.00     0.00   0.00    0.00     0.00    0.00      0.00     0.00   0.00    0.00     0.00    0.00      0.00     0.00   0.00    0.00     0.00    0.00    0.00    0.00   0.00
md0              0.00      0.00     0.00   0.00    0.00     0.00    0.00      0.00     0.00   0.00    0.00     0.00    0.00      0.00     0.00   0.00    0.00     0.00    0.00    0.00    0.00   0.00
md1              0.00      0.00     0.00   0.00    0.00     0.00 7469.00    896.33     0.00   0.00    0.17   122.89    0.00      0.00     0.00   0.00    0.00     0.00    0.00    0.00    1.30  24.70
nvme0n1          0.00      0.00     0.00   0.00    0.00     0.00 1834.00    224.00     0.00   0.00    0.13   125.07    0.00      0.00     0.00   0.00    0.00     0.00    0.00    0.00    0.24   6.40
nvme1n1          0.00      0.00     0.00   0.00    0.00     0.00 1842.00    224.00    14.00   0.75    0.14   124.53    0.00      0.00     0.00   0.00    0.00     0.00    0.00    0.00    0.25   7.70
nvme2n1          0.00      0.00     0.00   0.00    0.00     0.00 1865.00    224.24    51.00   2.66    0.13   123.12    0.00      0.00     0.00   0.00    0.00     0.00    0.00    0.00    0.25   7.30
nvme3n1          0.00      0.00     0.00   0.00    0.00     0.00 1845.00    224.09    18.00   0.97    0.22   124.37    0.00      0.00     0.00   0.00    0.00     0.00    0.00    0.00    0.41  22.30
sda              0.00      0.00     0.00   0.00    0.00     0.00    0.00      0.00     0.00   0.00    0.00     0.00    0.00      0.00     0.00   0.00    0.00     0.00    0.00    0.00    0.00   0.00
sdb              0.00      0.00     0.00   0.00    0.00     0.00    0.00      0.00     0.00   0.00    0.00     0.00    0.00      0.00     0.00   0.00    0.00     0.00    0.00    0.00    0.00   0.00
sdg              0.00      0.00     0.00   0.00    0.00     0.00    0.00      0.00     0.00   0.00    0.00     0.00    0.00      0.00     0.00   0.00    0.00     0.00    0.00    0.00    0.00   0.00


avg-cpu:  %user   %nice %system %iowait  %steal   %idle
           0.03    0.00    0.43    0.00    0.00   99.55

Device            r/s     rMB/s   rrqm/s  %rrqm r_await rareq-sz     w/s     wMB/s   wrqm/s  %wrqm w_await wareq-sz     d/s     dMB/s   drqm/s  %drqm d_await dareq-sz     f/s f_await  aqu-sz  %util
dm-0             0.00      0.00     0.00   0.00    0.00     0.00    0.00      0.00     0.00   0.00    0.00     0.00    0.00      0.00     0.00   0.00    0.00     0.00    0.00    0.00    0.00   0.00
dm-1             0.00      0.00     0.00   0.00    0.00     0.00    0.00      0.00     0.00   0.00    0.00     0.00    0.00      0.00     0.00   0.00    0.00     0.00    0.00    0.00    0.00   0.00
dm-2             0.00      0.00     0.00   0.00    0.00     0.00    0.00      0.00     0.00   0.00    0.00     0.00    0.00      0.00     0.00   0.00    0.00     0.00    0.00    0.00    0.00   0.00
md0              0.00      0.00     0.00   0.00    0.00     0.00    0.00      0.00     0.00   0.00    0.00     0.00    0.00      0.00     0.00   0.00    0.00     0.00    0.00    0.00    0.00   0.00
md1              0.00      0.00     0.00   0.00    0.00     0.00 6437.00    768.46     0.00   0.00    0.18   122.25    0.00      0.00     0.00   0.00    0.00     0.00    0.00    0.00    1.14  20.60
nvme0n1          0.00      0.00     0.00   0.00    0.00     0.00 1570.00    192.00     0.00   0.00    0.14   125.23    0.00      0.00     0.00   0.00    0.00     0.00    0.00    0.00    0.22   5.20
nvme1n1          0.00      0.00     0.00   0.00    0.00     0.00 1587.00    192.18    42.00   2.58    0.14   124.01    0.00      0.00     0.00   0.00    0.00     0.00    0.00    0.00    0.23   5.80
nvme2n1          0.00      0.00     0.00   0.00    0.00     0.00 1587.00    192.00     0.00   0.00    0.14   123.89    0.00      0.00     0.00   0.00    0.00     0.00    0.00    0.00    0.23   5.20
nvme3n1          0.00      0.00     0.00   0.00    0.00     0.00 1588.00    192.28    63.00   3.82    0.23   123.99    0.00      0.00     0.00   0.00    0.00     0.00    0.00    0.00    0.37  19.70
sda              0.00      0.00     0.00   0.00    0.00     0.00    0.00      0.00     0.00   0.00    0.00     0.00    0.00      0.00     0.00   0.00    0.00     0.00    0.00    0.00    0.00   0.00
sdb              0.00      0.00     0.00   0.00    0.00     0.00    0.00      0.00     0.00   0.00    0.00     0.00    0.00      0.00     0.00   0.00    0.00     0.00    0.00    0.00    0.00   0.00
sdg              0.00      0.00     0.00   0.00    0.00     0.00    0.00      0.00     0.00   0.00    0.00     0.00    0.00      0.00     0.00   0.00    0.00     0.00    0.00    0.00    0.00   0.00


avg-cpu:  %user   %nice %system %iowait  %steal   %idle
           0.03    0.00    0.43    0.04    0.00   99.50

Device            r/s     rMB/s   rrqm/s  %rrqm r_await rareq-sz     w/s     wMB/s   wrqm/s  %wrqm w_await wareq-sz     d/s     dMB/s   drqm/s  %drqm d_await dareq-sz     f/s f_await  aqu-sz  %util
dm-0             0.00      0.00     0.00   0.00    0.00     0.00    0.00      0.00     0.00   0.00    0.00     0.00    0.00      0.00     0.00   0.00    0.00     0.00    0.00    0.00    0.00   0.00
dm-1             0.00      0.00     0.00   0.00    0.00     0.00    0.00      0.00     0.00   0.00    0.00     0.00    0.00      0.00     0.00   0.00    0.00     0.00    0.00    0.00    0.00   0.00
dm-2             0.00      0.00     0.00   0.00    0.00     0.00    5.00      0.02     0.00   0.00   20.20     3.20    0.00      0.00     0.00   0.00    0.00     0.00    0.00    0.00    0.10   9.90
md0              0.00      0.00     0.00   0.00    0.00     0.00    0.00      0.00     0.00   0.00    0.00     0.00    0.00      0.00     0.00   0.00    0.00     0.00    0.00    0.00    0.00   0.00
md1              0.00      0.00     0.00   0.00    0.00     0.00 7455.00    896.33     0.00   0.00    0.15   123.12    0.00      0.00     0.00   0.00    0.00     0.00    0.00    0.00    1.15  24.20
nvme0n1          0.00      0.00     0.00   0.00    0.00     0.00 1835.00    224.00     0.00   0.00    0.14   125.00    0.00      0.00     0.00   0.00    0.00     0.00    0.00    0.00    0.26   5.90
nvme1n1          0.00      0.00     0.00   0.00    0.00     0.00 1844.00    224.20    47.00   2.49    0.14   124.50    0.00      0.00     0.00   0.00    0.00     0.00    0.00    0.00    0.26   5.80
nvme2n1          0.00      0.00     0.00   0.00    0.00     0.00 1847.00    224.00     6.00   0.32    0.14   124.19    0.00      0.00     0.00   0.00    0.00     0.00    0.00    0.00    0.26   6.00
nvme3n1          0.00      0.00     0.00   0.00    0.00     0.00 1847.00    224.13    29.00   1.55    0.23   124.26    0.00      0.00     0.00   0.00    0.00     0.00    0.00    0.00    0.42  22.10
sda              0.00      0.00     0.00   0.00    0.00     0.00    3.00      0.02     2.00  40.00   33.33     5.33    0.00      0.00     0.00   0.00    0.00     0.00    3.00   32.67    0.20   9.90
sdb              0.00      0.00     0.00   0.00    0.00     0.00    0.00      0.00     0.00   0.00    0.00     0.00    0.00      0.00     0.00   0.00    0.00     0.00    0.00    0.00    0.00   0.00
sdg              0.00      0.00     0.00   0.00    0.00     0.00    0.00      0.00     0.00   0.00    0.00     0.00    0.00      0.00     0.00   0.00    0.00     0.00    0.00    0.00    0.00   0.00


avg-cpu:  %user   %nice %system %iowait  %steal   %idle
           0.03    0.00    0.43    0.00    0.00   99.54

Device            r/s     rMB/s   rrqm/s  %rrqm r_await rareq-sz     w/s     wMB/s   wrqm/s  %wrqm w_await wareq-sz     d/s     dMB/s   drqm/s  %drqm d_await dareq-sz     f/s f_await  aqu-sz  %util
dm-0             0.00      0.00     0.00   0.00    0.00     0.00    0.00      0.00     0.00   0.00    0.00     0.00    0.00      0.00     0.00   0.00    0.00     0.00    0.00    0.00    0.00   0.00
dm-1             0.00      0.00     0.00   0.00    0.00     0.00    0.00      0.00     0.00   0.00    0.00     0.00    0.00      0.00     0.00   0.00    0.00     0.00    0.00    0.00    0.00   0.00
dm-2             0.00      0.00     0.00   0.00    0.00     0.00    0.00      0.00     0.00   0.00    0.00     0.00    0.00      0.00     0.00   0.00    0.00     0.00    0.00    0.00    0.00   0.00
md0              0.00      0.00     0.00   0.00    0.00     0.00    0.00      0.00     0.00   0.00    0.00     0.00    0.00      0.00     0.00   0.00    0.00     0.00    0.00    0.00    0.00   0.00
md1              0.00      0.00     0.00   0.00    0.00     0.00 7462.00    896.33     0.00   0.00    0.16   123.00    0.00      0.00     0.00   0.00    0.00     0.00    0.00    0.00    1.16  24.60
nvme0n1          0.00      0.00     0.00   0.00    0.00     0.00 1836.00    224.02     9.00   0.49    0.14   124.95    0.00      0.00     0.00   0.00    0.00     0.00    0.00    0.00    0.25   7.20
nvme1n1          0.00      0.00     0.00   0.00    0.00     0.00 1843.00    224.30    86.00   4.46    0.13   124.63    0.00      0.00     0.00   0.00    0.00     0.00    0.00    0.00    0.25   6.80
nvme2n1          0.00      0.00     0.00   0.00    0.00     0.00 1837.00    224.00     7.00   0.38    0.13   124.86    0.00      0.00     0.00   0.00    0.00     0.00    0.00    0.00    0.24   6.00
nvme3n1          0.00      0.00     0.00   0.00    0.00     0.00 1844.00    224.00     0.00   0.00    0.22   124.39    0.00      0.00     0.00   0.00    0.00     0.00    0.00    0.00    0.40  21.80
sda              0.00      0.00     0.00   0.00    0.00     0.00    0.00      0.00     0.00   0.00    0.00     0.00    0.00      0.00     0.00   0.00    0.00     0.00    0.00    0.00    0.00   0.00
sdb              0.00      0.00     0.00   0.00    0.00     0.00    0.00      0.00     0.00   0.00    0.00     0.00    0.00      0.00     0.00   0.00    0.00     0.00    0.00    0.00    0.00   0.00
sdg              0.00      0.00     0.00   0.00    0.00     0.00    0.00      0.00     0.00   0.00    0.00     0.00    0.00      0.00     0.00   0.00    0.00     0.00    0.00    0.00    0.00   0.00


avg-cpu:  %user   %nice %system %iowait  %steal   %idle
           0.04    0.00    0.42    0.00    0.00   99.54

Device            r/s     rMB/s   rrqm/s  %rrqm r_await rareq-sz     w/s     wMB/s   wrqm/s  %wrqm w_await wareq-sz     d/s     dMB/s   drqm/s  %drqm d_await dareq-sz     f/s f_await  aqu-sz  %util
dm-0             0.00      0.00     0.00   0.00    0.00     0.00    0.00      0.00     0.00   0.00    0.00     0.00    0.00      0.00     0.00   0.00    0.00     0.00    0.00    0.00    0.00   0.00
dm-1             0.00      0.00     0.00   0.00    0.00     0.00    0.00      0.00     0.00   0.00    0.00     0.00    0.00      0.00     0.00   0.00    0.00     0.00    0.00    0.00    0.00   0.00
dm-2             0.00      0.00     0.00   0.00    0.00     0.00    0.00      0.00     0.00   0.00    0.00     0.00    0.00      0.00     0.00   0.00    0.00     0.00    0.00    0.00    0.00   0.00
md0              0.00      0.00     0.00   0.00    0.00     0.00    0.00      0.00     0.00   0.00    0.00     0.00    0.00      0.00     0.00   0.00    0.00     0.00    0.00    0.00    0.00   0.00
md1              0.00      0.00     0.00   0.00    0.00     0.00 6397.00    768.28     0.00   0.00    0.15   122.98    0.00      0.00     0.00   0.00    0.00     0.00    0.00    0.00    0.99  20.80
nvme0n1          0.00      0.00     0.00   0.00    0.00     0.00 1584.00    192.28    64.00   3.88    0.14   124.30    0.00      0.00     0.00   0.00    0.00     0.00    0.00    0.00    0.22   5.50
nvme1n1          0.00      0.00     0.00   0.00    0.00     0.00 1569.00    192.00    18.00   1.13    0.14   125.31    0.00      0.00     0.00   0.00    0.00     0.00    0.00    0.00    0.22   5.70
nvme2n1          0.00      0.00     0.00   0.00    0.00     0.00 1575.00    192.00     6.00   0.38    0.13   124.83    0.00      0.00     0.00   0.00    0.00     0.00    0.00    0.00    0.21   5.40
nvme3n1          0.00      0.00     0.00   0.00    0.00     0.00 1581.00    192.00     0.00   0.00    0.22   124.36    0.00      0.00     0.00   0.00    0.00     0.00    0.00    0.00    0.34  19.20
sda              0.00      0.00     0.00   0.00    0.00     0.00    0.00      0.00     0.00   0.00    0.00     0.00    0.00      0.00     0.00   0.00    0.00     0.00    0.00    0.00    0.00   0.00
sdb              0.00      0.00     0.00   0.00    0.00     0.00    0.00      0.00     0.00   0.00    0.00     0.00    0.00      0.00     0.00   0.00    0.00     0.00    0.00    0.00    0.00   0.00
sdg              0.00      0.00     0.00   0.00    0.00     0.00    0.00      0.00     0.00   0.00    0.00     0.00    0.00      0.00     0.00   0.00    0.00     0.00    0.00    0.00    0.00   0.00


avg-cpu:  %user   %nice %system %iowait  %steal   %idle
           0.02    0.00    0.44    0.00    0.00   99.54

Device            r/s     rMB/s   rrqm/s  %rrqm r_await rareq-sz     w/s     wMB/s   wrqm/s  %wrqm w_await wareq-sz     d/s     dMB/s   drqm/s  %drqm d_await dareq-sz     f/s f_await  aqu-sz  %util
dm-0             0.00      0.00     0.00   0.00    0.00     0.00    0.00      0.00     0.00   0.00    0.00     0.00    0.00      0.00     0.00   0.00    0.00     0.00    0.00    0.00    0.00   0.00
dm-1             0.00      0.00     0.00   0.00    0.00     0.00    0.00      0.00     0.00   0.00    0.00     0.00    0.00      0.00     0.00   0.00    0.00     0.00    0.00    0.00    0.00   0.00
dm-2             0.00      0.00     0.00   0.00    0.00     0.00    0.00      0.00     0.00   0.00    0.00     0.00    0.00      0.00     0.00   0.00    0.00     0.00    0.00    0.00    0.00   0.00
md0              0.00      0.00     0.00   0.00    0.00     0.00    0.00      0.00     0.00   0.00    0.00     0.00    0.00      0.00     0.00   0.00    0.00     0.00    0.00    0.00    0.00   0.00
md1              0.00      0.00     0.00   0.00    0.00     0.00 7470.00    896.33     0.00   0.00    0.16   122.87    0.00      0.00     0.00   0.00    0.00     0.00    0.00    0.00    1.21  24.10
nvme0n1          0.00      0.00     0.00   0.00    0.00     0.00 1843.00    224.20    45.00   2.38    0.14   124.57    0.00      0.00     0.00   0.00    0.00     0.00    0.00    0.00    0.26   6.20
nvme1n1          0.00      0.00     0.00   0.00    0.00     0.00 1831.00    224.00    25.00   1.35    0.14   125.27    0.00      0.00     0.00   0.00    0.00     0.00    0.00    0.00    0.26   6.60
nvme2n1          0.00      0.00     0.00   0.00    0.00     0.00 1844.00    224.13    37.00   1.97    0.14   124.46    0.00      0.00     0.00   0.00    0.00     0.00    0.00    0.00    0.25   5.80
nvme3n1          0.00      0.00     0.00   0.00    0.00     0.00 1845.00    224.00     0.00   0.00    0.22   124.32    0.00      0.00     0.00   0.00    0.00     0.00    0.00    0.00    0.41  22.30
sda              0.00      0.00     0.00   0.00    0.00     0.00    0.00      0.00     0.00   0.00    0.00     0.00    0.00      0.00     0.00   0.00    0.00     0.00    0.00    0.00    0.00   0.00
sdb              0.00      0.00     0.00   0.00    0.00     0.00    0.00      0.00     0.00   0.00    0.00     0.00    0.00      0.00     0.00   0.00    0.00     0.00    0.00    0.00    0.00   0.00
sdg              0.00      0.00     0.00   0.00    0.00     0.00    0.00      0.00     0.00   0.00    0.00     0.00    0.00      0.00     0.00   0.00    0.00     0.00    0.00    0.00    0.00   0.00


avg-cpu:  %user   %nice %system %iowait  %steal   %idle
           0.03    0.00    0.43    0.00    0.00   99.54

Device            r/s     rMB/s   rrqm/s  %rrqm r_await rareq-sz     w/s     wMB/s   wrqm/s  %wrqm w_await wareq-sz     d/s     dMB/s   drqm/s  %drqm d_await dareq-sz     f/s f_await  aqu-sz  %util
dm-0             0.00      0.00     0.00   0.00    0.00     0.00    0.00      0.00     0.00   0.00    0.00     0.00    0.00      0.00     0.00   0.00    0.00     0.00    0.00    0.00    0.00   0.00
dm-1             0.00      0.00     0.00   0.00    0.00     0.00    0.00      0.00     0.00   0.00    0.00     0.00    0.00      0.00     0.00   0.00    0.00     0.00    0.00    0.00    0.00   0.00
dm-2             0.00      0.00     0.00   0.00    0.00     0.00    0.00      0.00     0.00   0.00    0.00     0.00    0.00      0.00     0.00   0.00    0.00     0.00    0.00    0.00    0.00   0.00
md0              0.00      0.00     0.00   0.00    0.00     0.00    0.00      0.00     0.00   0.00    0.00     0.00    0.00      0.00     0.00   0.00    0.00     0.00    0.00    0.00    0.00   0.00
md1              0.00      0.00     0.00   0.00    0.00     0.00 7471.00    896.33     0.00   0.00    0.15   122.85    0.00      0.00     0.00   0.00    0.00     0.00    0.00    0.00    1.10  24.40
nvme0n1          0.00      0.00     0.00   0.00    0.00     0.00 1834.00    224.00     0.00   0.00    0.13   125.07    0.00      0.00     0.00   0.00    0.00     0.00    0.00    0.00    0.24   5.20
nvme1n1          0.00      0.00     0.00   0.00    0.00     0.00 1830.00    224.00    35.00   1.88    0.14   125.34    0.00      0.00     0.00   0.00    0.00     0.00    0.00    0.00    0.26   6.60
nvme2n1          0.00      0.00     0.00   0.00    0.00     0.00 1851.00    224.33    77.00   3.99    0.13   124.10    0.00      0.00     0.00   0.00    0.00     0.00    0.00    0.00    0.24   6.00
nvme3n1          0.00      0.00     0.00   0.00    0.00     0.00 1844.00    224.00     0.00   0.00    0.22   124.39    0.00      0.00     0.00   0.00    0.00     0.00    0.00    0.00    0.40  22.00
sda              0.00      0.00     0.00   0.00    0.00     0.00    0.00      0.00     0.00   0.00    0.00     0.00    0.00      0.00     0.00   0.00    0.00     0.00    0.00    0.00    0.00   0.00
sdb              0.00      0.00     0.00   0.00    0.00     0.00    0.00      0.00     0.00   0.00    0.00     0.00    0.00      0.00     0.00   0.00    0.00     0.00    0.00    0.00    0.00   0.00
sdg              0.00      0.00     0.00   0.00    0.00     0.00    0.00      0.00     0.00   0.00    0.00     0.00    0.00      0.00     0.00   0.00    0.00     0.00    0.00    0.00    0.00   0.00


avg-cpu:  %user   %nice %system %iowait  %steal   %idle
           0.03    0.00    0.42    0.04    0.00   99.51

Device            r/s     rMB/s   rrqm/s  %rrqm r_await rareq-sz     w/s     wMB/s   wrqm/s  %wrqm w_await wareq-sz     d/s     dMB/s   drqm/s  %drqm d_await dareq-sz     f/s f_await  aqu-sz  %util
dm-0             0.00      0.00     0.00   0.00    0.00     0.00    0.00      0.00     0.00   0.00    0.00     0.00    0.00      0.00     0.00   0.00    0.00     0.00    0.00    0.00    0.00   0.00
dm-1             0.00      0.00     0.00   0.00    0.00     0.00    0.00      0.00     0.00   0.00    0.00     0.00    0.00      0.00     0.00   0.00    0.00     0.00    0.00    0.00    0.00   0.00
dm-2             0.00      0.00     0.00   0.00    0.00     0.00    5.00      0.02     0.00   0.00   21.20     3.20    0.00      0.00     0.00   0.00    0.00     0.00    0.00    0.00    0.11  10.40
md0              0.00      0.00     0.00   0.00    0.00     0.00    0.00      0.00     0.00   0.00    0.00     0.00    0.00      0.00     0.00   0.00    0.00     0.00    0.00    0.00    0.00   0.00
md1              0.00      0.00     0.00   0.00    0.00     0.00 6446.00    768.45     0.00   0.00    0.15   122.07    0.00      0.00     0.00   0.00    0.00     0.00    0.00    0.00    0.98  20.90
nvme0n1          0.00      0.00     0.00   0.00    0.00     0.00 1573.00    192.00     0.00   0.00    0.13   124.99    0.00      0.00     0.00   0.00    0.00     0.00    0.00    0.00    0.20   4.60
nvme1n1          0.00      0.00     0.00   0.00    0.00     0.00 1577.00    192.16    61.00   3.72    0.14   124.78    0.00      0.00     0.00   0.00    0.00     0.00    0.00    0.00    0.22   6.20
nvme2n1          0.00      0.00     0.00   0.00    0.00     0.00 1576.00    192.04    15.00   0.94    0.13   124.78    0.00      0.00     0.00   0.00    0.00     0.00    0.00    0.00    0.20   5.10
nvme3n1          0.00      0.00     0.00   0.00    0.00     0.00 1594.00    192.24    50.00   3.04    0.22   123.50    0.00      0.00     0.00   0.00    0.00     0.00    0.00    0.00    0.34  18.80
sda              0.00      0.00     0.00   0.00    0.00     0.00    3.00      0.02     2.00  40.00   34.67     5.33    0.00      0.00     0.00   0.00    0.00     0.00    3.00   34.33    0.21  10.40
sdb              0.00      0.00     0.00   0.00    0.00     0.00    0.00      0.00     0.00   0.00    0.00     0.00    0.00      0.00     0.00   0.00    0.00     0.00    0.00    0.00    0.00   0.00
sdg              0.00      0.00     0.00   0.00    0.00     0.00    0.00      0.00     0.00   0.00    0.00     0.00    0.00      0.00     0.00   0.00    0.00     0.00    0.00    0.00    0.00   0.00


avg-cpu:  %user   %nice %system %iowait  %steal   %idle
           0.03    0.00    0.46    0.00    0.00   99.51

Device            r/s     rMB/s   rrqm/s  %rrqm r_await rareq-sz     w/s     wMB/s   wrqm/s  %wrqm w_await wareq-sz     d/s     dMB/s   drqm/s  %drqm d_await dareq-sz     f/s f_await  aqu-sz  %util
dm-0             0.00      0.00     0.00   0.00    0.00     0.00    0.00      0.00     0.00   0.00    0.00     0.00    0.00      0.00     0.00   0.00    0.00     0.00    0.00    0.00    0.00   0.00
dm-1             0.00      0.00     0.00   0.00    0.00     0.00    0.00      0.00     0.00   0.00    0.00     0.00    0.00      0.00     0.00   0.00    0.00     0.00    0.00    0.00    0.00   0.00
dm-2             0.00      0.00     0.00   0.00    0.00     0.00    0.00      0.00     0.00   0.00    0.00     0.00    0.00      0.00     0.00   0.00    0.00     0.00    0.00    0.00    0.00   0.00
md0              0.00      0.00     0.00   0.00    0.00     0.00    0.00      0.00     0.00   0.00    0.00     0.00    0.00      0.00     0.00   0.00    0.00     0.00    0.00    0.00    0.00   0.00
md1              0.00      0.00     0.00   0.00    0.00     0.00 7187.00    864.91     0.00   0.00    0.16   123.23    0.00      0.00     0.00   0.00    0.00     0.00    0.00    0.00    1.17  28.20
nvme0n1          0.00      0.00     0.00   0.00    0.00     0.00 1770.00    216.00     0.00   0.00    0.13   124.96    0.00      0.00     0.00   0.00    0.00     0.00    0.00    0.00    0.22   5.20
nvme1n1          0.00      0.00     0.00   0.00    0.00     0.00 1772.00    216.02     7.00   0.39    0.13   124.84    0.00      0.00     0.00   0.00    0.00     0.00    0.00    0.00    0.23   5.90
nvme2n1          0.00      0.00     0.00   0.00    0.00     0.00 1771.00    216.00    10.00   0.56    0.13   124.89    0.00      0.00     0.00   0.00    0.00     0.00    0.00    0.00    0.24   6.20
nvme3n1          0.00      0.00     0.00   0.00    0.00     0.00 1793.00    216.13    58.00   3.13    0.24   123.44    0.00      0.00     0.00   0.00    0.00     0.00    0.00    0.00    0.44  27.00
sda              0.00      0.00     0.00   0.00    0.00     0.00    0.00      0.00     0.00   0.00    0.00     0.00    0.00      0.00     0.00   0.00    0.00     0.00    0.00    0.00    0.00   0.00
sdb              0.00      0.00     0.00   0.00    0.00     0.00    0.00      0.00     0.00   0.00    0.00     0.00    0.00      0.00     0.00   0.00    0.00     0.00    0.00    0.00    0.00   0.00
sdg              0.00      0.00     0.00   0.00    0.00     0.00    0.00      0.00     0.00   0.00    0.00     0.00    0.00      0.00     0.00   0.00    0.00     0.00    0.00    0.00    0.00   0.00


avg-cpu:  %user   %nice %system %iowait  %steal   %idle
           0.02    0.00    0.46    0.00    0.00   99.52

Device            r/s     rMB/s   rrqm/s  %rrqm r_await rareq-sz     w/s     wMB/s   wrqm/s  %wrqm w_await wareq-sz     d/s     dMB/s   drqm/s  %drqm d_await dareq-sz     f/s f_await  aqu-sz  %util
dm-0             0.00      0.00     0.00   0.00    0.00     0.00    0.00      0.00     0.00   0.00    0.00     0.00    0.00      0.00     0.00   0.00    0.00     0.00    0.00    0.00    0.00   0.00
dm-1             0.00      0.00     0.00   0.00    0.00     0.00    0.00      0.00     0.00   0.00    0.00     0.00    0.00      0.00     0.00   0.00    0.00     0.00    0.00    0.00    0.00   0.00
dm-2             0.00      0.00     0.00   0.00    0.00     0.00    0.00      0.00     0.00   0.00    0.00     0.00    0.00      0.00     0.00   0.00    0.00     0.00    0.00    0.00    0.00   0.00
md0              0.00      0.00     0.00   0.00    0.00     0.00    0.00      0.00     0.00   0.00    0.00     0.00    0.00      0.00     0.00   0.00    0.00     0.00    0.00    0.00    0.00   0.00
md1              0.00      0.00     0.00   0.00    0.00     0.00 6647.00    799.70     0.00   0.00    0.16   123.20    0.00      0.00     0.00   0.00    0.00     0.00    0.00    0.00    1.06  25.50
nvme0n1          0.00      0.00     0.00   0.00    0.00     0.00 1636.00    200.00     0.00   0.00    0.13   125.18    0.00      0.00     0.00   0.00    0.00     0.00    0.00    0.00    0.21   4.80
nvme1n1          0.00      0.00     0.00   0.00    0.00     0.00 1650.00    200.33    73.00   4.24    0.13   124.32    0.00      0.00     0.00   0.00    0.00     0.00    0.00    0.00    0.21   5.00
nvme2n1          0.00      0.00     0.00   0.00    0.00     0.00 1636.00    200.00     9.00   0.55    0.13   125.18    0.00      0.00     0.00   0.00    0.00     0.00    0.00    0.00    0.22   6.30
nvme3n1          0.00      0.00     0.00   0.00    0.00     0.00 1649.00    200.13     0.00   0.00    0.24   124.27    0.00      0.00     0.00   0.00    0.00     0.00    0.00    0.00    0.41  24.70
sda              0.00      0.00     0.00   0.00    0.00     0.00    0.00      0.00     0.00   0.00    0.00     0.00    0.00      0.00     0.00   0.00    0.00     0.00    0.00    0.00    0.00   0.00
sdb              0.00      0.00     0.00   0.00    0.00     0.00    0.00      0.00     0.00   0.00    0.00     0.00    0.00      0.00     0.00   0.00    0.00     0.00    0.00    0.00    0.00   0.00
sdg              0.00      0.00     0.00   0.00    0.00     0.00    0.00      0.00     0.00   0.00    0.00     0.00    0.00      0.00     0.00   0.00    0.00     0.00    0.00    0.00    0.00   0.00


avg-cpu:  %user   %nice %system %iowait  %steal   %idle
           0.11    0.00    0.60    0.00    0.00   99.28

Device            r/s     rMB/s   rrqm/s  %rrqm r_await rareq-sz     w/s     wMB/s   wrqm/s  %wrqm w_await wareq-sz     d/s     dMB/s   drqm/s  %drqm d_await dareq-sz     f/s f_await  aqu-sz  %util
dm-0             0.00      0.00     0.00   0.00    0.00     0.00    0.00      0.00     0.00   0.00    0.00     0.00    0.00      0.00     0.00   0.00    0.00     0.00    0.00    0.00    0.00   0.00
dm-1             0.00      0.00     0.00   0.00    0.00     0.00    0.00      0.00     0.00   0.00    0.00     0.00    0.00      0.00     0.00   0.00    0.00     0.00    0.00    0.00    0.00   0.00
dm-2             0.00      0.00     0.00   0.00    0.00     0.00   29.00      0.11     0.00   0.00    2.59     4.00    0.00      0.00     0.00   0.00    0.00     0.00    0.00    0.00    0.07   0.30
md0              0.00      0.00     0.00   0.00    0.00     0.00    0.00      0.00     0.00   0.00    0.00     0.00    0.00      0.00     0.00   0.00    0.00     0.00    0.00    0.00    0.00   0.00
md1              0.00      0.00     0.00   0.00    0.00     0.00 6397.00    768.28     0.00   0.00    0.17   122.98    0.00      0.00     0.00   0.00    0.00     0.00    0.00    0.00    1.10  24.70
nvme0n1          0.00      0.00     0.00   0.00    0.00     0.00 1580.00    192.13    28.00   1.74    0.13   124.52    0.00      0.00     0.00   0.00    0.00     0.00    0.00    0.00    0.20   5.40
nvme1n1          0.00      0.00     0.00   0.00    0.00     0.00 1579.00    192.15    34.00   2.11    0.13   124.61    0.00      0.00     0.00   0.00    0.00     0.00    0.00    0.00    0.20   5.50
nvme2n1          0.00      0.00     0.00   0.00    0.00     0.00 1573.00    192.00     9.00   0.57    0.13   124.99    0.00      0.00     0.00   0.00    0.00     0.00    0.00    0.00    0.21   6.30
nvme3n1          0.00      0.00     0.00   0.00    0.00     0.00 1584.00    192.00    10.00   0.63    0.24   124.12    0.00      0.00     0.00   0.00    0.00     0.00    0.00    0.00    0.39  23.80
sda              0.00      0.00     0.00   0.00    0.00     0.00   16.00      0.11    13.00  44.83    2.69     7.25    0.00      0.00     0.00   0.00    0.00     0.00    0.00    0.00    0.04   0.30
sdb              0.00      0.00     0.00   0.00    0.00     0.00    0.00      0.00     0.00   0.00    0.00     0.00    0.00      0.00     0.00   0.00    0.00     0.00    0.00    0.00    0.00   0.00
sdg              0.00      0.00     0.00   0.00    0.00     0.00    0.00      0.00     0.00   0.00    0.00     0.00    0.00      0.00     0.00   0.00    0.00     0.00    0.00    0.00    0.00   0.00


avg-cpu:  %user   %nice %system %iowait  %steal   %idle
           0.03    0.00    0.45    0.00    0.00   99.52

Device            r/s     rMB/s   rrqm/s  %rrqm r_await rareq-sz     w/s     wMB/s   wrqm/s  %wrqm w_await wareq-sz     d/s     dMB/s   drqm/s  %drqm d_await dareq-sz     f/s f_await  aqu-sz  %util
dm-0             0.00      0.00     0.00   0.00    0.00     0.00    0.00      0.00     0.00   0.00    0.00     0.00    0.00      0.00     0.00   0.00    0.00     0.00    0.00    0.00    0.00   0.00
dm-1             0.00      0.00     0.00   0.00    0.00     0.00    0.00      0.00     0.00   0.00    0.00     0.00    0.00      0.00     0.00   0.00    0.00     0.00    0.00    0.00    0.00   0.00
dm-2             0.00      0.00     0.00   0.00    0.00     0.00    0.00      0.00     0.00   0.00    0.00     0.00    0.00      0.00     0.00   0.00    0.00     0.00    0.00    0.00    0.00   0.00
md0              0.00      0.00     0.00   0.00    0.00     0.00    0.00      0.00     0.00   0.00    0.00     0.00    0.00      0.00     0.00   0.00    0.00     0.00    0.00    0.00    0.00   0.00
md1              0.00      0.00     0.00   0.00    0.00     0.00 6471.00    774.57     0.00   0.00    0.16   122.57    0.00      0.00     0.00   0.00    0.00     0.00    0.00    0.00    1.01  25.10
nvme0n1          0.00      0.00     0.00   0.00    0.00     0.00 1601.00    192.78    60.00   3.61    0.13   123.30    0.00      0.00     0.00   0.00    0.00     0.00    0.00    0.00    0.21   6.60
nvme1n1          0.00      0.00     0.00   0.00    0.00     0.00 1589.00    193.66     0.00   0.00    0.13   124.80    0.00      0.00     0.00   0.00    0.00     0.00    0.00    0.00    0.20   5.20
nvme2n1          0.00      0.00     0.00   0.00    0.00     0.00 1588.00    193.00    11.00   0.69    0.13   124.45    0.00      0.00     0.00   0.00    0.00     0.00    0.00    0.00    0.20   5.50
nvme3n1          0.00      0.00     0.00   0.00    0.00     0.00 1590.00    192.50     6.00   0.38    0.23   123.97    0.00      0.00     0.00   0.00    0.00     0.00    0.00    0.00    0.37  22.10
sda              0.00      0.00     0.00   0.00    0.00     0.00    0.00      0.00     0.00   0.00    0.00     0.00    0.00      0.00     0.00   0.00    0.00     0.00    0.00    0.00    0.00   0.00
sdb              0.00      0.00     0.00   0.00    0.00     0.00    0.00      0.00     0.00   0.00    0.00     0.00    0.00      0.00     0.00   0.00    0.00     0.00    0.00    0.00    0.00   0.00
sdg              0.00      0.00     0.00   0.00    0.00     0.00    0.00      0.00     0.00   0.00    0.00     0.00    0.00      0.00     0.00   0.00    0.00     0.00    0.00    0.00    0.00   0.00


avg-cpu:  %user   %nice %system %iowait  %steal   %idle
           0.02    0.00    0.47    0.02    0.00   99.49

Device            r/s     rMB/s   rrqm/s  %rrqm r_await rareq-sz     w/s     wMB/s   wrqm/s  %wrqm w_await wareq-sz     d/s     dMB/s   drqm/s  %drqm d_await dareq-sz     f/s f_await  aqu-sz  %util
dm-0             0.00      0.00     0.00   0.00    0.00     0.00    0.00      0.00     0.00   0.00    0.00     0.00    0.00      0.00     0.00   0.00    0.00     0.00    0.00    0.00    0.00   0.00
dm-1             0.00      0.00     0.00   0.00    0.00     0.00    0.00      0.00     0.00   0.00    0.00     0.00    0.00      0.00     0.00   0.00    0.00     0.00    0.00    0.00    0.00   0.00
dm-2             0.00      0.00     0.00   0.00    0.00     0.00    5.00      0.02     0.00   0.00   10.20     3.20    0.00      0.00     0.00   0.00    0.00     0.00    0.00    0.00    0.05   5.10
md0              0.00      0.00     0.00   0.00    0.00     0.00    0.00      0.00     0.00   0.00    0.00     0.00    0.00      0.00     0.00   0.00    0.00     0.00    0.00    0.00    0.00   0.00
md1              0.00      0.00     0.00   0.00    0.00     0.00 7403.00    890.00     0.00   0.00    0.17   123.11    0.00      0.00     0.00   0.00    0.00     0.00    0.00    0.00    1.22  28.70
nvme0n1          0.00      0.00     0.00   0.00    0.00     0.00 1848.00    223.59    19.00   1.02    0.14   123.89    0.00      0.00     0.00   0.00    0.00     0.00    0.00    0.00    0.26   7.80
nvme1n1          0.00      0.00     0.00   0.00    0.00     0.00 1818.00    222.34     0.00   0.00    0.14   125.23    0.00      0.00     0.00   0.00    0.00     0.00    0.00    0.00    0.25   6.30
nvme2n1          0.00      0.00     0.00   0.00    0.00     0.00 1842.00    223.20    53.00   2.80    0.13   124.08    0.00      0.00     0.00   0.00    0.00     0.00    0.00    0.00    0.25   6.70
nvme3n1          0.00      0.00     0.00   0.00    0.00     0.00 1843.00    223.50     6.00   0.32    0.24   124.18    0.00      0.00     0.00   0.00    0.00     0.00    0.00    0.00    0.45  25.40
sda              0.00      0.00     0.00   0.00    0.00     0.00    3.00      0.02     2.00  40.00   17.00     5.33    0.00      0.00     0.00   0.00    0.00     0.00    3.00   16.67    0.10   5.00
sdb              0.00      0.00     0.00   0.00    0.00     0.00    0.00      0.00     0.00   0.00    0.00     0.00    0.00      0.00     0.00   0.00    0.00     0.00    0.00    0.00    0.00   0.00
sdg              0.00      0.00     0.00   0.00    0.00     0.00    0.00      0.00     0.00   0.00    0.00     0.00    0.00      0.00     0.00   0.00    0.00     0.00    0.00    0.00    0.00   0.00


avg-cpu:  %user   %nice %system %iowait  %steal   %idle
           0.03    0.00    0.45    0.00    0.00   99.51

Device            r/s     rMB/s   rrqm/s  %rrqm r_await rareq-sz     w/s     wMB/s   wrqm/s  %wrqm w_await wareq-sz     d/s     dMB/s   drqm/s  %drqm d_await dareq-sz     f/s f_await  aqu-sz  %util
dm-0             0.00      0.00     0.00   0.00    0.00     0.00    0.00      0.00     0.00   0.00    0.00     0.00    0.00      0.00     0.00   0.00    0.00     0.00    0.00    0.00    0.00   0.00
dm-1             0.00      0.00     0.00   0.00    0.00     0.00    0.00      0.00     0.00   0.00    0.00     0.00    0.00      0.00     0.00   0.00    0.00     0.00    0.00    0.00    0.00   0.00
dm-2             0.00      0.00     0.00   0.00    0.00     0.00    0.00      0.00     0.00   0.00    0.00     0.00    0.00      0.00     0.00   0.00    0.00     0.00    0.00    0.00    0.00   0.00
md0              0.00      0.00     0.00   0.00    0.00     0.00    0.00      0.00     0.00   0.00    0.00     0.00    0.00      0.00     0.00   0.00    0.00     0.00    0.00    0.00    0.00   0.00
md1              0.00      0.00     0.00   0.00    0.00     0.00 6416.00    768.33     0.00   0.00    0.17   122.63    0.00      0.00     0.00   0.00    0.00     0.00    0.00    0.00    1.09  24.70
nvme0n1          0.00      0.00     0.00   0.00    0.00     0.00 1580.00    192.00     0.00   0.00    0.15   124.44    0.00      0.00     0.00   0.00    0.00     0.00    0.00    0.00    0.24   5.90
nvme1n1          0.00      0.00     0.00   0.00    0.00     0.00 1572.00    192.00     0.00   0.00    0.15   125.07    0.00      0.00     0.00   0.00    0.00     0.00    0.00    0.00    0.23   5.60
nvme2n1          0.00      0.00     0.00   0.00    0.00     0.00 1591.00    192.30    77.00   4.62    0.15   123.77    0.00      0.00     0.00   0.00    0.00     0.00    0.00    0.00    0.23   5.40
nvme3n1          0.00      0.00     0.00   0.00    0.00     0.00 1586.00    192.02    10.00   0.63    0.25   123.98    0.00      0.00     0.00   0.00    0.00     0.00    0.00    0.00    0.40  22.50
sda              0.00      0.00     0.00   0.00    0.00     0.00    0.00      0.00     0.00   0.00    0.00     0.00    0.00      0.00     0.00   0.00    0.00     0.00    0.00    0.00    0.00   0.00
sdb              0.00      0.00     0.00   0.00    0.00     0.00    0.00      0.00     0.00   0.00    0.00     0.00    0.00      0.00     0.00   0.00    0.00     0.00    0.00    0.00    0.00   0.00
sdg              0.00      0.00     0.00   0.00    0.00     0.00    0.00      0.00     0.00   0.00    0.00     0.00    0.00      0.00     0.00   0.00    0.00     0.00    0.00    0.00    0.00   0.00


avg-cpu:  %user   %nice %system %iowait  %steal   %idle
           0.03    0.00    0.45    0.00    0.00   99.52

Device            r/s     rMB/s   rrqm/s  %rrqm r_await rareq-sz     w/s     wMB/s   wrqm/s  %wrqm w_await wareq-sz     d/s     dMB/s   drqm/s  %drqm d_await dareq-sz     f/s f_await  aqu-sz  %util
dm-0             0.00      0.00     0.00   0.00    0.00     0.00    0.00      0.00     0.00   0.00    0.00     0.00    0.00      0.00     0.00   0.00    0.00     0.00    0.00    0.00    0.00   0.00
dm-1             0.00      0.00     0.00   0.00    0.00     0.00    0.00      0.00     0.00   0.00    0.00     0.00    0.00      0.00     0.00   0.00    0.00     0.00    0.00    0.00    0.00   0.00
dm-2             0.00      0.00     0.00   0.00    0.00     0.00    0.00      0.00     0.00   0.00    0.00     0.00    0.00      0.00     0.00   0.00    0.00     0.00    0.00    0.00    0.00   0.00
md0              0.00      0.00     0.00   0.00    0.00     0.00    0.00      0.00     0.00   0.00    0.00     0.00    0.00      0.00     0.00   0.00    0.00     0.00    0.00    0.00    0.00   0.00
md1              0.00      0.00     0.00   0.00    0.00     0.00 6416.00    768.28     0.00   0.00    0.18   122.62    0.00      0.00     0.00   0.00    0.00     0.00    0.00    0.00    1.16  24.70
nvme0n1          0.00      0.00     0.00   0.00    0.00     0.00 1584.00    192.00     3.00   0.19    0.15   124.12    0.00      0.00     0.00   0.00    0.00     0.00    0.00    0.00    0.24   6.70
nvme1n1          0.00      0.00     0.00   0.00    0.00     0.00 1574.00    192.00     0.00   0.00    0.15   124.91    0.00      0.00     0.00   0.00    0.00     0.00    0.00    0.00    0.23   5.60
nvme2n1          0.00      0.00     0.00   0.00    0.00     0.00 1581.00    192.00    10.00   0.63    0.14   124.36    0.00      0.00     0.00   0.00    0.00     0.00    0.00    0.00    0.23   5.90
nvme3n1          0.00      0.00     0.00   0.00    0.00     0.00 1599.00    192.28    65.00   3.91    0.25   123.14    0.00      0.00     0.00   0.00    0.00     0.00    0.00    0.00    0.40  22.30
sda              0.00      0.00     0.00   0.00    0.00     0.00    0.00      0.00     0.00   0.00    0.00     0.00    0.00      0.00     0.00   0.00    0.00     0.00    0.00    0.00    0.00   0.00
sdb              0.00      0.00     0.00   0.00    0.00     0.00    0.00      0.00     0.00   0.00    0.00     0.00    0.00      0.00     0.00   0.00    0.00     0.00    0.00    0.00    0.00   0.00
sdg              0.00      0.00     0.00   0.00    0.00     0.00    0.00      0.00     0.00   0.00    0.00     0.00    0.00      0.00     0.00   0.00    0.00     0.00    0.00    0.00    0.00   0.00


avg-cpu:  %user   %nice %system %iowait  %steal   %idle
           0.02    0.00    0.46    0.00    0.00   99.52

Device            r/s     rMB/s   rrqm/s  %rrqm r_await rareq-sz     w/s     wMB/s   wrqm/s  %wrqm w_await wareq-sz     d/s     dMB/s   drqm/s  %drqm d_await dareq-sz     f/s f_await  aqu-sz  %util
dm-0             0.00      0.00     0.00   0.00    0.00     0.00    0.00      0.00     0.00   0.00    0.00     0.00    0.00      0.00     0.00   0.00    0.00     0.00    0.00    0.00    0.00   0.00
dm-1             0.00      0.00     0.00   0.00    0.00     0.00    0.00      0.00     0.00   0.00    0.00     0.00    0.00      0.00     0.00   0.00    0.00     0.00    0.00    0.00    0.00   0.00
dm-2             0.00      0.00     0.00   0.00    0.00     0.00    0.00      0.00     0.00   0.00    0.00     0.00    0.00      0.00     0.00   0.00    0.00     0.00    0.00    0.00    0.00   0.00
md0              0.00      0.00     0.00   0.00    0.00     0.00    0.00      0.00     0.00   0.00    0.00     0.00    0.00      0.00     0.00   0.00    0.00     0.00    0.00    0.00    0.00   0.00
md1              0.00      0.00     0.00   0.00    0.00     0.00 6850.00    816.16     0.00   0.00    0.17   122.01    0.00      0.00     0.00   0.00    0.00     0.00    0.00    0.00    1.15  26.40
nvme0n1          0.00      0.00     0.00   0.00    0.00     0.00 1685.00    204.00     0.00   0.00    0.14   123.97    0.00      0.00     0.00   0.00    0.00     0.00    0.00    0.00    0.24   5.80
nvme1n1          0.00      0.00     0.00   0.00    0.00     0.00 1689.00    204.09    22.00   1.29    0.14   123.73    0.00      0.00     0.00   0.00    0.00     0.00    0.00    0.00    0.23   5.70
nvme2n1          0.00      0.00     0.00   0.00    0.00     0.00 1694.00    204.00     9.00   0.53    0.14   123.32    0.00      0.00     0.00   0.00    0.00     0.00    0.00    0.00    0.24   6.70
nvme3n1          0.00      0.00     0.00   0.00    0.00     0.00 1710.00    204.07    41.00   2.34    0.24   122.20    0.00      0.00     0.00   0.00    0.00     0.00    0.00    0.00    0.41  23.60
sda              0.00      0.00     0.00   0.00    0.00     0.00    0.00      0.00     0.00   0.00    0.00     0.00    0.00      0.00     0.00   0.00    0.00     0.00    0.00    0.00    0.00   0.00
sdb              0.00      0.00     0.00   0.00    0.00     0.00    0.00      0.00     0.00   0.00    0.00     0.00    0.00      0.00     0.00   0.00    0.00     0.00    0.00    0.00    0.00   0.00
sdg              0.00      0.00     0.00   0.00    0.00     0.00    0.00      0.00     0.00   0.00    0.00     0.00    0.00      0.00     0.00   0.00    0.00     0.00    0.00    0.00    0.00   0.00


avg-cpu:  %user   %nice %system %iowait  %steal   %idle
           0.02    0.00    0.46    0.00    0.00   99.51

Device            r/s     rMB/s   rrqm/s  %rrqm r_await rareq-sz     w/s     wMB/s   wrqm/s  %wrqm w_await wareq-sz     d/s     dMB/s   drqm/s  %drqm d_await dareq-sz     f/s f_await  aqu-sz  %util
dm-0             0.00      0.00     0.00   0.00    0.00     0.00    0.00      0.00     0.00   0.00    0.00     0.00    0.00      0.00     0.00   0.00    0.00     0.00    0.00    0.00    0.00   0.00
dm-1             0.00      0.00     0.00   0.00    0.00     0.00    0.00      0.00     0.00   0.00    0.00     0.00    0.00      0.00     0.00   0.00    0.00     0.00    0.00    0.00    0.00   0.00
dm-2             0.00      0.00     0.00   0.00    0.00     0.00    0.00      0.00     0.00   0.00    0.00     0.00    0.00      0.00     0.00   0.00    0.00     0.00    0.00    0.00    0.00   0.00
md0              0.00      0.00     0.00   0.00    0.00     0.00    0.00      0.00     0.00   0.00    0.00     0.00    0.00      0.00     0.00   0.00    0.00     0.00    0.00    0.00    0.00   0.00
md1              0.00      0.00     0.00   0.00    0.00     0.00 7092.00    848.45     0.00   0.00    0.16   122.51    0.00      0.00     0.00   0.00    0.00     0.00    0.00    0.00    1.12  27.50
nvme0n1          0.00      0.00     0.00   0.00    0.00     0.00 1741.00    212.00     6.00   0.34    0.14   124.69    0.00      0.00     0.00   0.00    0.00     0.00    0.00    0.00    0.24   7.10
nvme1n1          0.00      0.00     0.00   0.00    0.00     0.00 1755.00    212.33    73.00   3.99    0.13   123.89    0.00      0.00     0.00   0.00    0.00     0.00    0.00    0.00    0.23   5.50
nvme2n1          0.00      0.00     0.00   0.00    0.00     0.00 1750.00    212.00    10.00   0.57    0.13   124.05    0.00      0.00     0.00   0.00    0.00     0.00    0.00    0.00    0.23   6.60
nvme3n1          0.00      0.00     0.00   0.00    0.00     0.00 1757.00    212.12     0.00   0.00    0.23   123.63    0.00      0.00     0.00   0.00    0.00     0.00    0.00    0.00    0.41  24.40
sda              0.00      0.00     0.00   0.00    0.00     0.00    0.00      0.00     0.00   0.00    0.00     0.00    0.00      0.00     0.00   0.00    0.00     0.00    0.00    0.00    0.00   0.00
sdb              0.00      0.00     0.00   0.00    0.00     0.00    0.00      0.00     0.00   0.00    0.00     0.00    0.00      0.00     0.00   0.00    0.00     0.00    0.00    0.00    0.00   0.00
sdg              0.00      0.00     0.00   0.00    0.00     0.00    0.00      0.00     0.00   0.00    0.00     0.00    0.00      0.00     0.00   0.00    0.00     0.00    0.00    0.00    0.00   0.00


avg-cpu:  %user   %nice %system %iowait  %steal   %idle
           0.03    0.00    0.45    0.11    0.00   99.41

Device            r/s     rMB/s   rrqm/s  %rrqm r_await rareq-sz     w/s     wMB/s   wrqm/s  %wrqm w_await wareq-sz     d/s     dMB/s   drqm/s  %drqm d_await dareq-sz     f/s f_await  aqu-sz  %util
dm-0             0.00      0.00     0.00   0.00    0.00     0.00    0.00      0.00     0.00   0.00    0.00     0.00    0.00      0.00     0.00   0.00    0.00     0.00    0.00    0.00    0.00   0.00
dm-1             0.00      0.00     0.00   0.00    0.00     0.00    0.00      0.00     0.00   0.00    0.00     0.00    0.00      0.00     0.00   0.00    0.00     0.00    0.00    0.00    0.00   0.00
dm-2             0.00      0.00     0.00   0.00    0.00     0.00    5.00      0.02     0.00   0.00   53.80     3.20    0.00      0.00     0.00   0.00    0.00     0.00    0.00    0.00    0.27  26.90
md0              0.00      0.00     0.00   0.00    0.00     0.00    0.00      0.00     0.00   0.00    0.00     0.00    0.00      0.00     0.00   0.00    0.00     0.00    0.00    0.00    0.00   0.00
md1              0.00      0.00     0.00   0.00    0.00     0.00 6515.00    768.59     0.00   0.00    0.16   120.80    0.00      0.00     0.00   0.00    0.00     0.00    0.00    0.00    1.02  25.00
nvme0n1          0.00      0.00     0.00   0.00    0.00     0.00 1591.00    192.20    45.00   2.75    0.14   123.70    0.00      0.00     0.00   0.00    0.00     0.00    0.00    0.00    0.22   6.20
nvme1n1          0.00      0.00     0.00   0.00    0.00     0.00 1599.00    192.39    87.00   5.16    0.13   123.21    0.00      0.00     0.00   0.00    0.00     0.00    0.00    0.00    0.21   5.30
nvme2n1          0.00      0.00     0.00   0.00    0.00     0.00 1590.00    192.00     8.00   0.50    0.13   123.65    0.00      0.00     0.00   0.00    0.00     0.00    0.00    0.00    0.21   5.50
nvme3n1          0.00      0.00     0.00   0.00    0.00     0.00 1595.00    192.00     0.00   0.00    0.23   123.27    0.00      0.00     0.00   0.00    0.00     0.00    0.00    0.00    0.37  21.80
sda              0.00      0.00     0.00   0.00    0.00     0.00    3.00      0.02     2.00  40.00   89.67     5.33    0.00      0.00     0.00   0.00    0.00     0.00    3.00   89.33    0.54  26.90
sdb              0.00      0.00     0.00   0.00    0.00     0.00    0.00      0.00     0.00   0.00    0.00     0.00    0.00      0.00     0.00   0.00    0.00     0.00    0.00    0.00    0.00   0.00
sdg              0.00      0.00     0.00   0.00    0.00     0.00    0.00      0.00     0.00   0.00    0.00     0.00    0.00      0.00     0.00   0.00    0.00     0.00    0.00    0.00    0.00   0.00


avg-cpu:  %user   %nice %system %iowait  %steal   %idle
           0.03    0.00    0.45    0.00    0.00   99.52

Device            r/s     rMB/s   rrqm/s  %rrqm r_await rareq-sz     w/s     wMB/s   wrqm/s  %wrqm w_await wareq-sz     d/s     dMB/s   drqm/s  %drqm d_await dareq-sz     f/s f_await  aqu-sz  %util
dm-0             0.00      0.00     0.00   0.00    0.00     0.00    0.00      0.00     0.00   0.00    0.00     0.00    0.00      0.00     0.00   0.00    0.00     0.00    0.00    0.00    0.00   0.00
dm-1             0.00      0.00     0.00   0.00    0.00     0.00    0.00      0.00     0.00   0.00    0.00     0.00    0.00      0.00     0.00   0.00    0.00     0.00    0.00    0.00    0.00   0.00
dm-2             0.00      0.00     0.00   0.00    0.00     0.00    0.00      0.00     0.00   0.00    0.00     0.00    0.00      0.00     0.00   0.00    0.00     0.00    0.00    0.00    0.00   0.00
md0              0.00      0.00     0.00   0.00    0.00     0.00    0.00      0.00     0.00   0.00    0.00     0.00    0.00      0.00     0.00   0.00    0.00     0.00    0.00    0.00    0.00   0.00
md1              0.00      0.00     0.00   0.00    0.00     0.00 6384.00    768.28     0.00   0.00    0.15   123.23    0.00      0.00     0.00   0.00    0.00     0.00    0.00    0.00    0.97  24.80
nvme0n1          0.00      0.00     0.00   0.00    0.00     0.00 1596.00    192.28    60.00   3.62    0.15   123.37    0.00      0.00     0.00   0.00    0.00     0.00    0.00    0.00    0.24   6.90
nvme1n1          0.00      0.00     0.00   0.00    0.00     0.00 1569.00    192.00     0.00   0.00    0.14   125.31    0.00      0.00     0.00   0.00    0.00     0.00    0.00    0.00    0.22   4.60
nvme2n1          0.00      0.00     0.00   0.00    0.00     0.00 1578.00    192.00     0.00   0.00    0.14   124.59    0.00      0.00     0.00   0.00    0.00     0.00    0.00    0.00    0.22   4.70
nvme3n1          0.00      0.00     0.00   0.00    0.00     0.00 1581.00    192.00     0.00   0.00    0.25   124.36    0.00      0.00     0.00   0.00    0.00     0.00    0.00    0.00    0.39  21.90
sda              0.00      0.00     0.00   0.00    0.00     0.00    0.00      0.00     0.00   0.00    0.00     0.00    0.00      0.00     0.00   0.00    0.00     0.00    0.00    0.00    0.00   0.00
sdb              0.00      0.00     0.00   0.00    0.00     0.00    0.00      0.00     0.00   0.00    0.00     0.00    0.00      0.00     0.00   0.00    0.00     0.00    0.00    0.00    0.00   0.00
sdg              0.00      0.00     0.00   0.00    0.00     0.00    0.00      0.00     0.00   0.00    0.00     0.00    0.00      0.00     0.00   0.00    0.00     0.00    0.00    0.00    0.00   0.00


avg-cpu:  %user   %nice %system %iowait  %steal   %idle
           0.02    0.00    0.46    0.00    0.00   99.51

Device            r/s     rMB/s   rrqm/s  %rrqm r_await rareq-sz     w/s     wMB/s   wrqm/s  %wrqm w_await wareq-sz     d/s     dMB/s   drqm/s  %drqm d_await dareq-sz     f/s f_await  aqu-sz  %util
dm-0             0.00      0.00     0.00   0.00    0.00     0.00    0.00      0.00     0.00   0.00    0.00     0.00    0.00      0.00     0.00   0.00    0.00     0.00    0.00    0.00    0.00   0.00
dm-1             0.00      0.00     0.00   0.00    0.00     0.00    0.00      0.00     0.00   0.00    0.00     0.00    0.00      0.00     0.00   0.00    0.00     0.00    0.00    0.00    0.00   0.00
dm-2             0.00      0.00     0.00   0.00    0.00     0.00    0.00      0.00     0.00   0.00    0.00     0.00    0.00      0.00     0.00   0.00    0.00     0.00    0.00    0.00    0.00   0.00
md0              0.00      0.00     0.00   0.00    0.00     0.00    0.00      0.00     0.00   0.00    0.00     0.00    0.00      0.00     0.00   0.00    0.00     0.00    0.00    0.00    0.00   0.00
md1              0.00      0.00     0.00   0.00    0.00     0.00 7119.00    856.16     0.00   0.00    0.18   123.15    0.00      0.00     0.00   0.00    0.00     0.00    0.00    0.00    1.29  27.70
nvme0n1          0.00      0.00     0.00   0.00    0.00     0.00 1770.00    214.02     5.00   0.28    0.15   123.82    0.00      0.00     0.00   0.00    0.00     0.00    0.00    0.00    0.26   8.70
nvme1n1          0.00      0.00     0.00   0.00    0.00     0.00 1751.00    214.00     0.00   0.00    0.14   125.15    0.00      0.00     0.00   0.00    0.00     0.00    0.00    0.00    0.24   6.10
nvme2n1          0.00      0.00     0.00   0.00    0.00     0.00 1774.00    214.26    54.00   2.95    0.14   123.68    0.00      0.00     0.00   0.00    0.00     0.00    0.00    0.00    0.25   6.90
nvme3n1          0.00      0.00     0.00   0.00    0.00     0.00 1765.00    213.88     0.00   0.00    0.24   124.08    0.00      0.00     0.00   0.00    0.00     0.00    0.00    0.00    0.43  24.20
sda              0.00      0.00     0.00   0.00    0.00     0.00    0.00      0.00     0.00   0.00    0.00     0.00    0.00      0.00     0.00   0.00    0.00     0.00    0.00    0.00    0.00   0.00
sdb              0.00      0.00     0.00   0.00    0.00     0.00    0.00      0.00     0.00   0.00    0.00     0.00    0.00      0.00     0.00   0.00    0.00     0.00    0.00    0.00    0.00   0.00
sdg              0.00      0.00     0.00   0.00    0.00     0.00    0.00      0.00     0.00   0.00    0.00     0.00    0.00      0.00     0.00   0.00    0.00     0.00    0.00    0.00    0.00   0.00


avg-cpu:  %user   %nice %system %iowait  %steal   %idle
           0.04    0.00    0.50    0.00    0.00   99.46

Device            r/s     rMB/s   rrqm/s  %rrqm r_await rareq-sz     w/s     wMB/s   wrqm/s  %wrqm w_await wareq-sz     d/s     dMB/s   drqm/s  %drqm d_await dareq-sz     f/s f_await  aqu-sz  %util
dm-0             0.00      0.00     0.00   0.00    0.00     0.00    0.00      0.00     0.00   0.00    0.00     0.00    0.00      0.00     0.00   0.00    0.00     0.00    0.00    0.00    0.00   0.00
dm-1             0.00      0.00     0.00   0.00    0.00     0.00    0.00      0.00     0.00   0.00    0.00     0.00    0.00      0.00     0.00   0.00    0.00     0.00    0.00    0.00    0.00   0.00
dm-2             0.00      0.00     0.00   0.00    0.00     0.00   15.00      0.29     0.00   0.00    1.00    20.00    0.00      0.00     0.00   0.00    0.00     0.00    0.00    0.00    0.01   0.10
md0              0.00      0.00     0.00   0.00    0.00     0.00    0.00      0.00     0.00   0.00    0.00     0.00    0.00      0.00     0.00   0.00    0.00     0.00    0.00    0.00    0.00   0.00
md1              0.00      0.00     0.00   0.00    0.00     0.00 6720.00    808.45     0.00   0.00    0.18   123.19    0.00      0.00     0.00   0.00    0.00     0.00    0.00    0.00    1.18  25.70
nvme0n1          0.00      0.00     0.00   0.00    0.00     0.00 1662.00    202.00     0.00   0.00    0.15   124.46    0.00      0.00     0.00   0.00    0.00     0.00    0.00    0.00    0.24   6.70
nvme1n1          0.00      0.00     0.00   0.00    0.00     0.00 1651.00    202.00     2.00   0.12    0.14   125.29    0.00      0.00     0.00   0.00    0.00     0.00    0.00    0.00    0.24   5.80
nvme2n1          0.00      0.00     0.00   0.00    0.00     0.00 1669.00    202.24    51.00   2.97    0.14   124.08    0.00      0.00     0.00   0.00    0.00     0.00    0.00    0.00    0.23   5.80
nvme3n1          0.00      0.00     0.00   0.00    0.00     0.00 1667.00    202.21    18.00   1.07    0.25   124.21    0.00      0.00     0.00   0.00    0.00     0.00    0.00    0.00    0.41  23.30
sda              0.00      0.00     0.00   0.00    0.00     0.00    1.00      0.29    14.00  93.33    2.00   300.00    0.00      0.00     0.00   0.00    0.00     0.00    0.00    0.00    0.00   0.10
sdb              0.00      0.00     0.00   0.00    0.00     0.00    0.00      0.00     0.00   0.00    0.00     0.00    0.00      0.00     0.00   0.00    0.00     0.00    0.00    0.00    0.00   0.00
sdg              0.00      0.00     0.00   0.00    0.00     0.00    0.00      0.00     0.00   0.00    0.00     0.00    0.00      0.00     0.00   0.00    0.00     0.00    0.00    0.00    0.00   0.00


avg-cpu:  %user   %nice %system %iowait  %steal   %idle
           0.09    0.00    0.56    0.00    0.00   99.34

Device            r/s     rMB/s   rrqm/s  %rrqm r_await rareq-sz     w/s     wMB/s   wrqm/s  %wrqm w_await wareq-sz     d/s     dMB/s   drqm/s  %drqm d_await dareq-sz     f/s f_await  aqu-sz  %util
dm-0             0.00      0.00     0.00   0.00    0.00     0.00    0.00      0.00     0.00   0.00    0.00     0.00    0.00      0.00     0.00   0.00    0.00     0.00    0.00    0.00    0.00   0.00
dm-1             0.00      0.00     0.00   0.00    0.00     0.00    0.00      0.00     0.00   0.00    0.00     0.00    0.00      0.00     0.00   0.00    0.00     0.00    0.00    0.00    0.00   0.00
dm-2             0.00      0.00     0.00   0.00    0.00     0.00    0.00      0.00     0.00   0.00    0.00     0.00    0.00      0.00     0.00   0.00    0.00     0.00    0.00    0.00    0.00   0.00
md0              0.00      0.00     0.00   0.00    0.00     0.00    0.00      0.00     0.00   0.00    0.00     0.00    0.00      0.00     0.00   0.00    0.00     0.00    0.00    0.00    0.00   0.00
md1              0.00      0.00     0.00   0.00    0.00     0.00 6401.00    768.28     0.00   0.00    0.16   122.91    0.00      0.00     0.00   0.00    0.00     0.00    0.00    0.00    1.05  25.00
nvme0n1          0.00      0.00     0.00   0.00    0.00     0.00 1581.00    192.00     1.00   0.06    0.14   124.36    0.00      0.00     0.00   0.00    0.00     0.00    0.00    0.00    0.21   6.80
nvme1n1          0.00      0.00     0.00   0.00    0.00     0.00 1571.00    192.00     2.00   0.13    0.13   125.15    0.00      0.00     0.00   0.00    0.00     0.00    0.00    0.00    0.21   5.20
nvme2n1          0.00      0.00     0.00   0.00    0.00     0.00 1581.00    192.00     3.00   0.19    0.13   124.36    0.00      0.00     0.00   0.00    0.00     0.00    0.00    0.00    0.20   5.20
nvme3n1          0.00      0.00     0.00   0.00    0.00     0.00 1602.00    192.28    60.00   3.61    0.23   122.91    0.00      0.00     0.00   0.00    0.00     0.00    0.00    0.00    0.37  22.60
sda              0.00      0.00     0.00   0.00    0.00     0.00    0.00      0.00     0.00   0.00    0.00     0.00    0.00      0.00     0.00   0.00    0.00     0.00    0.00    0.00    0.00   0.00
sdb              0.00      0.00     0.00   0.00    0.00     0.00    0.00      0.00     0.00   0.00    0.00     0.00    0.00      0.00     0.00   0.00    0.00     0.00    0.00    0.00    0.00   0.00
sdg              0.00      0.00     0.00   0.00    0.00     0.00    0.00      0.00     0.00   0.00    0.00     0.00    0.00      0.00     0.00   0.00    0.00     0.00    0.00    0.00    0.00   0.00


avg-cpu:  %user   %nice %system %iowait  %steal   %idle
           0.03    0.00    0.45    0.02    0.00   99.50

Device            r/s     rMB/s   rrqm/s  %rrqm r_await rareq-sz     w/s     wMB/s   wrqm/s  %wrqm w_await wareq-sz     d/s     dMB/s   drqm/s  %drqm d_await dareq-sz     f/s f_await  aqu-sz  %util
dm-0             0.00      0.00     0.00   0.00    0.00     0.00    0.00      0.00     0.00   0.00    0.00     0.00    0.00      0.00     0.00   0.00    0.00     0.00    0.00    0.00    0.00   0.00
dm-1             0.00      0.00     0.00   0.00    0.00     0.00    0.00      0.00     0.00   0.00    0.00     0.00    0.00      0.00     0.00   0.00    0.00     0.00    0.00    0.00    0.00   0.00
dm-2             0.00      0.00     0.00   0.00    0.00     0.00    9.00      0.03     0.00   0.00    7.00     3.56    0.00      0.00     0.00   0.00    0.00     0.00    0.00    0.00    0.06   5.70
md0              0.00      0.00     0.00   0.00    0.00     0.00    0.00      0.00     0.00   0.00    0.00     0.00    0.00      0.00     0.00   0.00    0.00     0.00    0.00    0.00    0.00   0.00
md1              0.00      0.00     0.00   0.00    0.00     0.00 6569.00    784.16     0.00   0.00    0.15   122.24    0.00      0.00     0.00   0.00    0.00     0.00    0.00    0.00    0.99  25.00
nvme0n1          0.00      0.00     0.00   0.00    0.00     0.00 1619.00    195.12     0.00   0.00    0.14   123.41    0.00      0.00     0.00   0.00    0.00     0.00    0.00    0.00    0.23   7.00
nvme1n1          0.00      0.00     0.00   0.00    0.00     0.00 1615.00    196.03    30.00   1.82    0.13   124.29    0.00      0.00     0.00   0.00    0.00     0.00    0.00    0.00    0.21   4.70
nvme2n1          0.00      0.00     0.00   0.00    0.00     0.00 1613.00    195.13     6.00   0.37    0.13   123.88    0.00      0.00     0.00   0.00    0.00     0.00    0.00    0.00    0.20   4.70
nvme3n1          0.00      0.00     0.00   0.00    0.00     0.00 1630.00    195.13    29.00   1.75    0.23   122.59    0.00      0.00     0.00   0.00    0.00     0.00    0.00    0.00    0.37  22.00
sda              0.00      0.00     0.00   0.00    0.00     0.00    3.00      0.03     6.00  66.67   18.67    10.67    0.00      0.00     0.00   0.00    0.00     0.00    3.00   18.33    0.11   5.70
sdb              0.00      0.00     0.00   0.00    0.00     0.00    0.00      0.00     0.00   0.00    0.00     0.00    0.00      0.00     0.00   0.00    0.00     0.00    0.00    0.00    0.00   0.00
sdg              0.00      0.00     0.00   0.00    0.00     0.00    0.00      0.00     0.00   0.00    0.00     0.00    0.00      0.00     0.00   0.00    0.00     0.00    0.00    0.00    0.00   0.00


avg-cpu:  %user   %nice %system %iowait  %steal   %idle
           0.03    0.00    0.47    0.02    0.00   99.48

Device            r/s     rMB/s   rrqm/s  %rrqm r_await rareq-sz     w/s     wMB/s   wrqm/s  %wrqm w_await wareq-sz     d/s     dMB/s   drqm/s  %drqm d_await dareq-sz     f/s f_await  aqu-sz  %util
dm-0             0.00      0.00     0.00   0.00    0.00     0.00    6.00      0.02     0.00   0.00   17.00     3.33    0.00      0.00     0.00   0.00    0.00     0.00    0.00    0.00    0.10   5.20
dm-1             0.00      0.00     0.00   0.00    0.00     0.00    0.00      0.00     0.00   0.00    0.00     0.00    0.00      0.00     0.00   0.00    0.00     0.00    0.00    0.00    0.00   0.00
dm-2             0.00      0.00     0.00   0.00    0.00     0.00    0.00      0.00     0.00   0.00    0.00     0.00    0.00      0.00     0.00   0.00    0.00     0.00    0.00    0.00    0.00   0.00
md0              0.00      0.00     0.00   0.00    0.00     0.00    0.00      0.00     0.00   0.00    0.00     0.00    0.00      0.00     0.00   0.00    0.00     0.00    0.00    0.00    0.00   0.00
md1              0.00      0.00     0.00   0.00    0.00     0.00 7341.00    880.45     0.00   0.00    0.16   122.81    0.00      0.00     0.00   0.00    0.00     0.00    0.00    0.00    1.17  28.30
nvme0n1          0.00      0.00     0.00   0.00    0.00     0.00 1826.00    220.88     0.00   0.00    0.14   123.86    0.00      0.00     0.00   0.00    0.00     0.00    0.00    0.00    0.25   8.20
nvme1n1          0.00      0.00     0.00   0.00    0.00     0.00 1813.00    220.45    70.00   3.72    0.13   124.51    0.00      0.00     0.00   0.00    0.00     0.00    0.00    0.00    0.23   6.40
nvme2n1          0.00      0.00     0.00   0.00    0.00     0.00 1819.00    220.87     7.00   0.38    0.13   124.34    0.00      0.00     0.00   0.00    0.00     0.00    0.00    0.00    0.23   6.00
nvme3n1          0.00      0.00     0.00   0.00    0.00     0.00 1833.00    221.00     0.00   0.00    0.23   123.46    0.00      0.00     0.00   0.00    0.00     0.00    0.00    0.00    0.43  24.60
sda              0.00      0.00     0.00   0.00    0.00     0.00    4.00      0.02     2.00  33.33   19.50     5.00    0.00      0.00     0.00   0.00    0.00     0.00    3.00   17.33    0.13   5.20
sdb              0.00      0.00     0.00   0.00    0.00     0.00    0.00      0.00     0.00   0.00    0.00     0.00    0.00      0.00     0.00   0.00    0.00     0.00    0.00    0.00    0.00   0.00
sdg              0.00      0.00     0.00   0.00    0.00     0.00    0.00      0.00     0.00   0.00    0.00     0.00    0.00      0.00     0.00   0.00    0.00     0.00    0.00    0.00    0.00   0.00


avg-cpu:  %user   %nice %system %iowait  %steal   %idle
           0.03    0.00    0.45    0.00    0.00   99.52

Device            r/s     rMB/s   rrqm/s  %rrqm r_await rareq-sz     w/s     wMB/s   wrqm/s  %wrqm w_await wareq-sz     d/s     dMB/s   drqm/s  %drqm d_await dareq-sz     f/s f_await  aqu-sz  %util
dm-0             0.00      0.00     0.00   0.00    0.00     0.00    0.00      0.00     0.00   0.00    0.00     0.00    0.00      0.00     0.00   0.00    0.00     0.00    0.00    0.00    0.00   0.00
dm-1             0.00      0.00     0.00   0.00    0.00     0.00    0.00      0.00     0.00   0.00    0.00     0.00    0.00      0.00     0.00   0.00    0.00     0.00    0.00    0.00    0.00   0.00
dm-2             0.00      0.00     0.00   0.00    0.00     0.00    0.00      0.00     0.00   0.00    0.00     0.00    0.00      0.00     0.00   0.00    0.00     0.00    0.00    0.00    0.00   0.00
md0              0.00      0.00     0.00   0.00    0.00     0.00    0.00      0.00     0.00   0.00    0.00     0.00    0.00      0.00     0.00   0.00    0.00     0.00    0.00    0.00    0.00   0.00
md1              0.00      0.00     0.00   0.00    0.00     0.00 6360.00    768.28     0.00   0.00    0.17   123.70    0.00      0.00     0.00   0.00    0.00     0.00    0.00    0.00    1.09  24.70
nvme0n1          0.00      0.00     0.00   0.00    0.00     0.00 1586.00    192.26    57.00   3.47    0.15   124.13    0.00      0.00     0.00   0.00    0.00     0.00    0.00    0.00    0.24   6.40
nvme1n1          0.00      0.00     0.00   0.00    0.00     0.00 1558.00    192.02    11.00   0.70    0.15   126.21    0.00      0.00     0.00   0.00    0.00     0.00    0.00    0.00    0.24   5.60
nvme2n1          0.00      0.00     0.00   0.00    0.00     0.00 1572.00    192.00     0.00   0.00    0.14   125.07    0.00      0.00     0.00   0.00    0.00     0.00    0.00    0.00    0.23   4.90
nvme3n1          0.00      0.00     0.00   0.00    0.00     0.00 1576.00    192.00     0.00   0.00    0.25   124.75    0.00      0.00     0.00   0.00    0.00     0.00    0.00    0.00    0.40  21.90
sda              0.00      0.00     0.00   0.00    0.00     0.00    0.00      0.00     0.00   0.00    0.00     0.00    0.00      0.00     0.00   0.00    0.00     0.00    0.00    0.00    0.00   0.00
sdb              0.00      0.00     0.00   0.00    0.00     0.00    0.00      0.00     0.00   0.00    0.00     0.00    0.00      0.00     0.00   0.00    0.00     0.00    0.00    0.00    0.00   0.00
sdg              0.00      0.00     0.00   0.00    0.00     0.00    0.00      0.00     0.00   0.00    0.00     0.00    0.00      0.00     0.00   0.00    0.00     0.00    0.00    0.00    0.00   0.00


avg-cpu:  %user   %nice %system %iowait  %steal   %idle
           0.03    0.00    0.45    0.00    0.00   99.52

Device            r/s     rMB/s   rrqm/s  %rrqm r_await rareq-sz     w/s     wMB/s   wrqm/s  %wrqm w_await wareq-sz     d/s     dMB/s   drqm/s  %drqm d_await dareq-sz     f/s f_await  aqu-sz  %util
dm-0             0.00      0.00     0.00   0.00    0.00     0.00    0.00      0.00     0.00   0.00    0.00     0.00    0.00      0.00     0.00   0.00    0.00     0.00    0.00    0.00    0.00   0.00
dm-1             0.00      0.00     0.00   0.00    0.00     0.00    0.00      0.00     0.00   0.00    0.00     0.00    0.00      0.00     0.00   0.00    0.00     0.00    0.00    0.00    0.00   0.00
dm-2             0.00      0.00     0.00   0.00    0.00     0.00    0.00      0.00     0.00   0.00    0.00     0.00    0.00      0.00     0.00   0.00    0.00     0.00    0.00    0.00    0.00   0.00
md0              0.00      0.00     0.00   0.00    0.00     0.00    0.00      0.00     0.00   0.00    0.00     0.00    0.00      0.00     0.00   0.00    0.00     0.00    0.00    0.00    0.00   0.00
md1              0.00      0.00     0.00   0.00    0.00     0.00 6329.00    768.28     0.00   0.00    0.17   124.30    0.00      0.00     0.00   0.00    0.00     0.00    0.00    0.00    1.09  24.20
nvme0n1          0.00      0.00     0.00   0.00    0.00     0.00 1577.00    192.24    53.00   3.25    0.15   124.83    0.00      0.00     0.00   0.00    0.00     0.00    0.00    0.00    0.24   5.80
nvme1n1          0.00      0.00     0.00   0.00    0.00     0.00 1551.00    192.00     6.00   0.39    0.15   126.76    0.00      0.00     0.00   0.00    0.00     0.00    0.00    0.00    0.24   5.00
nvme2n1          0.00      0.00     0.00   0.00    0.00     0.00 1568.00    192.04     8.00   0.51    0.14   125.41    0.00      0.00     0.00   0.00    0.00     0.00    0.00    0.00    0.23   5.20
nvme3n1          0.00      0.00     0.00   0.00    0.00     0.00 1566.00    192.00     0.00   0.00    0.25   125.55    0.00      0.00     0.00   0.00    0.00     0.00    0.00    0.00    0.40  21.90
sda              0.00      0.00     0.00   0.00    0.00     0.00    0.00      0.00     0.00   0.00    0.00     0.00    0.00      0.00     0.00   0.00    0.00     0.00    0.00    0.00    0.00   0.00
sdb              0.00      0.00     0.00   0.00    0.00     0.00    0.00      0.00     0.00   0.00    0.00     0.00    0.00      0.00     0.00   0.00    0.00     0.00    0.00    0.00    0.00   0.00
sdg              0.00      0.00     0.00   0.00    0.00     0.00    0.00      0.00     0.00   0.00    0.00     0.00    0.00      0.00     0.00   0.00    0.00     0.00    0.00    0.00    0.00   0.00


avg-cpu:  %user   %nice %system %iowait  %steal   %idle
           0.02    0.00    0.46    0.00    0.00   99.52

Device            r/s     rMB/s   rrqm/s  %rrqm r_await rareq-sz     w/s     wMB/s   wrqm/s  %wrqm w_await wareq-sz     d/s     dMB/s   drqm/s  %drqm d_await dareq-sz     f/s f_await  aqu-sz  %util
dm-0             0.00      0.00     0.00   0.00    0.00     0.00    0.00      0.00     0.00   0.00    0.00     0.00    0.00      0.00     0.00   0.00    0.00     0.00    0.00    0.00    0.00   0.00
dm-1             0.00      0.00     0.00   0.00    0.00     0.00    0.00      0.00     0.00   0.00    0.00     0.00    0.00      0.00     0.00   0.00    0.00     0.00    0.00    0.00    0.00   0.00
dm-2             0.00      0.00     0.00   0.00    0.00     0.00    4.00      0.81     0.00   0.00    2.50   208.00    0.00      0.00     0.00   0.00    0.00     0.00    0.00    0.00    0.01   0.30
md0              0.00      0.00     0.00   0.00    0.00     0.00    0.00      0.00     0.00   0.00    0.00     0.00    0.00      0.00     0.00   0.00    0.00     0.00    0.00    0.00    0.00   0.00
md1              0.00      0.00     0.00   0.00    0.00     0.00 7082.00    856.16     0.00   0.00    0.18   123.79    0.00      0.00     0.00   0.00    0.00     0.00    0.00    0.00    1.25  27.50
nvme0n1          0.00      0.00     0.00   0.00    0.00     0.00 1735.00    212.00     9.00   0.52    0.15   125.12    0.00      0.00     0.00   0.00    0.00     0.00    0.00    0.00    0.27   7.10
nvme1n1          0.00      0.00     0.00   0.00    0.00     0.00 1734.00    213.62     7.00   0.40    0.15   126.15    0.00      0.00     0.00   0.00    0.00     0.00    0.00    0.00    0.26   6.80
nvme2n1          0.00      0.00     0.00   0.00    0.00     0.00 1749.00    212.28    60.00   3.32    0.14   124.29    0.00      0.00     0.00   0.00    0.00     0.00    0.00    0.00    0.25   6.00
nvme3n1          0.00      0.00     0.00   0.00    0.00     0.00 1737.00    211.88     0.00   0.00    0.25   124.91    0.00      0.00     0.00   0.00    0.00     0.00    0.00    0.00    0.44  24.00
sda              0.00      0.00     0.00   0.00    0.00     0.00    3.00      0.81     1.00  25.00    2.33   277.33    0.00      0.00     0.00   0.00    0.00     0.00    0.00    0.00    0.01   0.30
sdb              0.00      0.00     0.00   0.00    0.00     0.00    0.00      0.00     0.00   0.00    0.00     0.00    0.00      0.00     0.00   0.00    0.00     0.00    0.00    0.00    0.00   0.00
sdg              0.00      0.00     0.00   0.00    0.00     0.00    0.00      0.00     0.00   0.00    0.00     0.00    0.00      0.00     0.00   0.00    0.00     0.00    0.00    0.00    0.00   0.00


avg-cpu:  %user   %nice %system %iowait  %steal   %idle
           0.02    0.00    0.46    0.02    0.00   99.49

Device            r/s     rMB/s   rrqm/s  %rrqm r_await rareq-sz     w/s     wMB/s   wrqm/s  %wrqm w_await wareq-sz     d/s     dMB/s   drqm/s  %drqm d_await dareq-sz     f/s f_await  aqu-sz  %util
dm-0             0.00      0.00     0.00   0.00    0.00     0.00    0.00      0.00     0.00   0.00    0.00     0.00    0.00      0.00     0.00   0.00    0.00     0.00    0.00    0.00    0.00   0.00
dm-1             0.00      0.00     0.00   0.00    0.00     0.00    0.00      0.00     0.00   0.00    0.00     0.00    0.00      0.00     0.00   0.00    0.00     0.00    0.00    0.00    0.00   0.00
dm-2             0.00      0.00     0.00   0.00    0.00     0.00   10.00      0.04     0.00   0.00    5.60     3.60    0.00      0.00     0.00   0.00    0.00     0.00    0.00    0.00    0.06   4.90
md0              0.00      0.00     0.00   0.00    0.00     0.00    0.00      0.00     0.00   0.00    0.00     0.00    0.00      0.00     0.00   0.00    0.00     0.00    0.00    0.00    0.00   0.00
md1              0.00      0.00     0.00   0.00    0.00     0.00 6726.00    808.45     0.00   0.00    0.17   123.08    0.00      0.00     0.00   0.00    0.00     0.00    0.00    0.00    1.15  25.80
nvme0n1          0.00      0.00     0.00   0.00    0.00     0.00 1674.00    204.00     3.00   0.18    0.15   124.79    0.00      0.00     0.00   0.00    0.00     0.00    0.00    0.00    0.25   6.20
nvme1n1          0.00      0.00     0.00   0.00    0.00     0.00 1655.00    202.38     0.00   0.00    0.16   125.22    0.00      0.00     0.00   0.00    0.00     0.00    0.00    0.00    0.26   6.40
nvme2n1          0.00      0.00     0.00   0.00    0.00     0.00 1684.00    204.18    39.00   2.26    0.14   124.16    0.00      0.00     0.00   0.00    0.00     0.00    0.00    0.00    0.24   5.40
nvme3n1          0.00      0.00     0.00   0.00    0.00     0.00 1692.00    204.27    30.00   1.74    0.25   123.63    0.00      0.00     0.00   0.00    0.00     0.00    0.00    0.00    0.42  23.70
sda              0.00      0.00     0.00   0.00    0.00     0.00    3.00      0.04     7.00  70.00   16.33    12.00    0.00      0.00     0.00   0.00    0.00     0.00    3.00   15.67    0.10   4.90
sdb              0.00      0.00     0.00   0.00    0.00     0.00    0.00      0.00     0.00   0.00    0.00     0.00    0.00      0.00     0.00   0.00    0.00     0.00    0.00    0.00    0.00   0.00
sdg              0.00      0.00     0.00   0.00    0.00     0.00    0.00      0.00     0.00   0.00    0.00     0.00    0.00      0.00     0.00   0.00    0.00     0.00    0.00    0.00    0.00   0.00


avg-cpu:  %user   %nice %system %iowait  %steal   %idle
           0.03    0.00    0.45    0.00    0.00   99.52

Device            r/s     rMB/s   rrqm/s  %rrqm r_await rareq-sz     w/s     wMB/s   wrqm/s  %wrqm w_await wareq-sz     d/s     dMB/s   drqm/s  %drqm d_await dareq-sz     f/s f_await  aqu-sz  %util
dm-0             0.00      0.00     0.00   0.00    0.00     0.00    0.00      0.00     0.00   0.00    0.00     0.00    0.00      0.00     0.00   0.00    0.00     0.00    0.00    0.00    0.00   0.00
dm-1             0.00      0.00     0.00   0.00    0.00     0.00    0.00      0.00     0.00   0.00    0.00     0.00    0.00      0.00     0.00   0.00    0.00     0.00    0.00    0.00    0.00   0.00
dm-2             0.00      0.00     0.00   0.00    0.00     0.00    0.00      0.00     0.00   0.00    0.00     0.00    0.00      0.00     0.00   0.00    0.00     0.00    0.00    0.00    0.00   0.00
md0              0.00      0.00     0.00   0.00    0.00     0.00    0.00      0.00     0.00   0.00    0.00     0.00    0.00      0.00     0.00   0.00    0.00     0.00    0.00    0.00    0.00   0.00
md1              0.00      0.00     0.00   0.00    0.00     0.00 6389.00    768.28     0.00   0.00    0.17   123.14    0.00      0.00     0.00   0.00    0.00     0.00    0.00    0.00    1.10  24.80
nvme0n1          0.00      0.00     0.00   0.00    0.00     0.00 1577.00    192.00     3.00   0.19    0.15   124.67    0.00      0.00     0.00   0.00    0.00     0.00    0.00    0.00    0.24   5.60
nvme1n1          0.00      0.00     0.00   0.00    0.00     0.00 1572.00    192.00     0.00   0.00    0.16   125.07    0.00      0.00     0.00   0.00    0.00     0.00    0.00    0.00    0.25   5.80
nvme2n1          0.00      0.00     0.00   0.00    0.00     0.00 1580.00    192.00     0.00   0.00    0.14   124.44    0.00      0.00     0.00   0.00    0.00     0.00    0.00    0.00    0.23   5.20
nvme3n1          0.00      0.00     0.00   0.00    0.00     0.00 1597.00    192.28    60.00   3.62    0.25   123.29    0.00      0.00     0.00   0.00    0.00     0.00    0.00    0.00    0.40  22.70
sda              0.00      0.00     0.00   0.00    0.00     0.00    0.00      0.00     0.00   0.00    0.00     0.00    0.00      0.00     0.00   0.00    0.00     0.00    0.00    0.00    0.00   0.00
sdb              0.00      0.00     0.00   0.00    0.00     0.00    0.00      0.00     0.00   0.00    0.00     0.00    0.00      0.00     0.00   0.00    0.00     0.00    0.00    0.00    0.00   0.00
sdg              0.00      0.00     0.00   0.00    0.00     0.00    0.00      0.00     0.00   0.00    0.00     0.00    0.00      0.00     0.00   0.00    0.00     0.00    0.00    0.00    0.00   0.00


avg-cpu:  %user   %nice %system %iowait  %steal   %idle
           0.03    0.00    0.45    0.03    0.00   99.49

Device            r/s     rMB/s   rrqm/s  %rrqm r_await rareq-sz     w/s     wMB/s   wrqm/s  %wrqm w_await wareq-sz     d/s     dMB/s   drqm/s  %drqm d_await dareq-sz     f/s f_await  aqu-sz  %util
dm-0             0.00      0.00     0.00   0.00    0.00     0.00    8.00      0.03     0.00   0.00    6.88     3.50    0.00      0.00     0.00   0.00    0.00     0.00    0.00    0.00    0.06   5.50
dm-1             0.00      0.00     0.00   0.00    0.00     0.00    0.00      0.00     0.00   0.00    0.00     0.00    0.00      0.00     0.00   0.00    0.00     0.00    0.00    0.00    0.00   0.00
dm-2             0.00      0.00     0.00   0.00    0.00     0.00    0.00      0.00     0.00   0.00    0.00     0.00    0.00      0.00     0.00   0.00    0.00     0.00    0.00    0.00    0.00   0.00
md0              0.00      0.00     0.00   0.00    0.00     0.00    0.00      0.00     0.00   0.00    0.00     0.00    0.00      0.00     0.00   0.00    0.00     0.00    0.00    0.00    0.00   0.00
md1              0.00      0.00     0.00   0.00    0.00     0.00 6511.00    779.16     0.00   0.00    0.16   122.54    0.00      0.00     0.00   0.00    0.00     0.00    0.00    0.00    1.07  25.00
nvme0n1          0.00      0.00     0.00   0.00    0.00     0.00 1605.00    194.38     1.00   0.06    0.14   124.01    0.00      0.00     0.00   0.00    0.00     0.00    0.00    0.00    0.23   6.60
nvme1n1          0.00      0.00     0.00   0.00    0.00     0.00 1616.00    195.21    44.00   2.65    0.14   123.70    0.00      0.00     0.00   0.00    0.00     0.00    0.00    0.00    0.23   6.90
nvme2n1          0.00      0.00     0.00   0.00    0.00     0.00 1604.00    194.50     0.00   0.00    0.14   124.17    0.00      0.00     0.00   0.00    0.00     0.00    0.00    0.00    0.22   6.00
nvme3n1          0.00      0.00     0.00   0.00    0.00     0.00 1616.00    194.07    15.00   0.92    0.24   122.98    0.00      0.00     0.00   0.00    0.00     0.00    0.00    0.00    0.39  22.60
sda              0.00      0.00     0.00   0.00    0.00     0.00    3.00      0.03     5.00  62.50   18.33     9.33    0.00      0.00     0.00   0.00    0.00     0.00    3.00   18.33    0.11   5.50
sdb              0.00      0.00     0.00   0.00    0.00     0.00    0.00      0.00     0.00   0.00    0.00     0.00    0.00      0.00     0.00   0.00    0.00     0.00    0.00    0.00    0.00   0.00
sdg              0.00      0.00     0.00   0.00    0.00     0.00    0.00      0.00     0.00   0.00    0.00     0.00    0.00      0.00     0.00   0.00    0.00     0.00    0.00    0.00    0.00   0.00


avg-cpu:  %user   %nice %system %iowait  %steal   %idle
           0.03    0.00    0.46    0.00    0.00   99.50

Device            r/s     rMB/s   rrqm/s  %rrqm r_await rareq-sz     w/s     wMB/s   wrqm/s  %wrqm w_await wareq-sz     d/s     dMB/s   drqm/s  %drqm d_await dareq-sz     f/s f_await  aqu-sz  %util
dm-0             0.00      0.00     0.00   0.00    0.00     0.00    0.00      0.00     0.00   0.00    0.00     0.00    0.00      0.00     0.00   0.00    0.00     0.00    0.00    0.00    0.00   0.00
dm-1             0.00      0.00     0.00   0.00    0.00     0.00    0.00      0.00     0.00   0.00    0.00     0.00    0.00      0.00     0.00   0.00    0.00     0.00    0.00    0.00    0.00   0.00
dm-2             0.00      0.00     0.00   0.00    0.00     0.00    0.00      0.00     0.00   0.00    0.00     0.00    0.00      0.00     0.00   0.00    0.00     0.00    0.00    0.00    0.00   0.00
md0              0.00      0.00     0.00   0.00    0.00     0.00    0.00      0.00     0.00   0.00    0.00     0.00    0.00      0.00     0.00   0.00    0.00     0.00    0.00    0.00    0.00   0.00
md1              0.00      0.00     0.00   0.00    0.00     0.00 7381.00    885.45     0.00   0.00    0.18   122.84    0.00      0.00     0.00   0.00    0.00     0.00    0.00    0.00    1.31  28.30
nvme0n1          0.00      0.00     0.00   0.00    0.00     0.00 1829.00    221.66     8.00   0.44    0.15   124.10    0.00      0.00     0.00   0.00    0.00     0.00    0.00    0.00    0.28   6.40
nvme1n1          0.00      0.00     0.00   0.00    0.00     0.00 1834.00    221.29    61.00   3.22    0.16   123.56    0.00      0.00     0.00   0.00    0.00     0.00    0.00    0.00    0.29   6.90
nvme2n1          0.00      0.00     0.00   0.00    0.00     0.00 1820.00    221.50     0.00   0.00    0.15   124.62    0.00      0.00     0.00   0.00    0.00     0.00    0.00    0.00    0.27   5.70
nvme3n1          0.00      0.00     0.00   0.00    0.00     0.00 1839.00    222.00     0.00   0.00    0.26   123.62    0.00      0.00     0.00   0.00    0.00     0.00    0.00    0.00    0.48  26.40
sda              0.00      0.00     0.00   0.00    0.00     0.00    0.00      0.00     0.00   0.00    0.00     0.00    0.00      0.00     0.00   0.00    0.00     0.00    0.00    0.00    0.00   0.00
sdb              0.00      0.00     0.00   0.00    0.00     0.00    0.00      0.00     0.00   0.00    0.00     0.00    0.00      0.00     0.00   0.00    0.00     0.00    0.00    0.00    0.00   0.00
sdg              0.00      0.00     0.00   0.00    0.00     0.00    0.00      0.00     0.00   0.00    0.00     0.00    0.00      0.00     0.00   0.00    0.00     0.00    0.00    0.00    0.00   0.00


avg-cpu:  %user   %nice %system %iowait  %steal   %idle
           0.13    0.00    0.53    0.00    0.00   99.34

Device            r/s     rMB/s   rrqm/s  %rrqm r_await rareq-sz     w/s     wMB/s   wrqm/s  %wrqm w_await wareq-sz     d/s     dMB/s   drqm/s  %drqm d_await dareq-sz     f/s f_await  aqu-sz  %util
dm-0             0.00      0.00     0.00   0.00    0.00     0.00    0.00      0.00     0.00   0.00    0.00     0.00    0.00      0.00     0.00   0.00    0.00     0.00    0.00    0.00    0.00   0.00
dm-1             0.00      0.00     0.00   0.00    0.00     0.00    0.00      0.00     0.00   0.00    0.00     0.00    0.00      0.00     0.00   0.00    0.00     0.00    0.00    0.00    0.00   0.00
dm-2             0.00      0.00     0.00   0.00    0.00     0.00    0.00      0.00     0.00   0.00    0.00     0.00    0.00      0.00     0.00   0.00    0.00     0.00    0.00    0.00    0.00   0.00
md0              0.00      0.00     0.00   0.00    0.00     0.00    0.00      0.00     0.00   0.00    0.00     0.00    0.00      0.00     0.00   0.00    0.00     0.00    0.00    0.00    0.00   0.00
md1              0.00      0.00     0.00   0.00    0.00     0.00 6376.00    768.28     0.00   0.00    0.16   123.39    0.00      0.00     0.00   0.00    0.00     0.00    0.00    0.00    1.03  24.60
nvme0n1          0.00      0.00     0.00   0.00    0.00     0.00 1587.00    192.28    60.00   3.64    0.13   124.07    0.00      0.00     0.00   0.00    0.00     0.00    0.00    0.00    0.21   5.30
nvme1n1          0.00      0.00     0.00   0.00    0.00     0.00 1572.00    192.00     0.00   0.00    0.14   125.07    0.00      0.00     0.00   0.00    0.00     0.00    0.00    0.00    0.22   5.60
nvme2n1          0.00      0.00     0.00   0.00    0.00     0.00 1574.00    192.00     1.00   0.06    0.13   124.91    0.00      0.00     0.00   0.00    0.00     0.00    0.00    0.00    0.21   5.70
nvme3n1          0.00      0.00     0.00   0.00    0.00     0.00 1578.00    192.00     4.00   0.25    0.24   124.59    0.00      0.00     0.00   0.00    0.00     0.00    0.00    0.00    0.39  22.80
sda              0.00      0.00     0.00   0.00    0.00     0.00    0.00      0.00     0.00   0.00    0.00     0.00    0.00      0.00     0.00   0.00    0.00     0.00    0.00    0.00    0.00   0.00
sdb              0.00      0.00     0.00   0.00    0.00     0.00    0.00      0.00     0.00   0.00    0.00     0.00    0.00      0.00     0.00   0.00    0.00     0.00    0.00    0.00    0.00   0.00
sdg              0.00      0.00     0.00   0.00    0.00     0.00    0.00      0.00     0.00   0.00    0.00     0.00    0.00      0.00     0.00   0.00    0.00     0.00    0.00    0.00    0.00   0.00


avg-cpu:  %user   %nice %system %iowait  %steal   %idle
           0.04    0.00    0.52    0.17    0.00   99.27

Device            r/s     rMB/s   rrqm/s  %rrqm r_await rareq-sz     w/s     wMB/s   wrqm/s  %wrqm w_await wareq-sz     d/s     dMB/s   drqm/s  %drqm d_await dareq-sz     f/s f_await  aqu-sz  %util
dm-0             0.00      0.00     0.00   0.00    0.00     0.00    0.00      0.00     0.00   0.00    0.00     0.00    0.00      0.00     0.00   0.00    0.00     0.00    0.00    0.00    0.00   0.00
dm-1             0.00      0.00     0.00   0.00    0.00     0.00    0.00      0.00     0.00   0.00    0.00     0.00    0.00      0.00     0.00   0.00    0.00     0.00    0.00    0.00    0.00   0.00
dm-2             0.00      0.00     0.00   0.00    0.00     0.00    5.00      0.02     0.00   0.00   87.00     3.20    0.00      0.00     0.00   0.00    0.00     0.00    0.00    0.00    0.43  43.30
md0              0.00      0.00     0.00   0.00    0.00     0.00    0.00      0.00     0.00   0.00    0.00     0.00    0.00      0.00     0.00   0.00    0.00     0.00    0.00    0.00    0.00   0.00
md1              0.00      0.00     0.00   0.00    0.00     0.00 6435.00    768.28     0.00   0.00    0.16   122.26    0.00      0.00     0.00   0.00    0.00     0.00    0.00    0.00    1.02  24.80
nvme0n1          0.00      0.00     0.00   0.00    0.00     0.00 1591.00    192.18    39.00   2.39    0.13   123.69    0.00      0.00     0.00   0.00    0.00     0.00    0.00    0.00    0.21   5.70
nvme1n1          0.00      0.00     0.00   0.00    0.00     0.00 1583.00    192.00     0.00   0.00    0.13   124.20    0.00      0.00     0.00   0.00    0.00     0.00    0.00    0.00    0.20   5.20
nvme2n1          0.00      0.00     0.00   0.00    0.00     0.00 1593.00    192.10    24.00   1.48    0.14   123.49    0.00      0.00     0.00   0.00    0.00     0.00    0.00    0.00    0.22   6.30
nvme3n1          0.00      0.00     0.00   0.00    0.00     0.00 1602.00    192.00     3.00   0.19    0.24   122.73    0.00      0.00     0.00   0.00    0.00     0.00    0.00    0.00    0.38  22.90
sda              0.00      0.00     0.00   0.00    0.00     0.00    3.00      0.02     2.00  40.00  144.33     5.33    0.00      0.00     0.00   0.00    0.00     0.00    3.00  144.00    0.86  43.30
sdb              0.00      0.00     0.00   0.00    0.00     0.00    0.00      0.00     0.00   0.00    0.00     0.00    0.00      0.00     0.00   0.00    0.00     0.00    0.00    0.00    0.00   0.00
sdg              0.00      0.00     0.00   0.00    0.00     0.00    0.00      0.00     0.00   0.00    0.00     0.00    0.00      0.00     0.00   0.00    0.00     0.00    0.00    0.00    0.00   0.00


avg-cpu:  %user   %nice %system %iowait  %steal   %idle
           0.03    0.00    0.46    0.00    0.00   99.51

Device            r/s     rMB/s   rrqm/s  %rrqm r_await rareq-sz     w/s     wMB/s   wrqm/s  %wrqm w_await wareq-sz     d/s     dMB/s   drqm/s  %drqm d_await dareq-sz     f/s f_await  aqu-sz  %util
dm-0             0.00      0.00     0.00   0.00    0.00     0.00    0.00      0.00     0.00   0.00    0.00     0.00    0.00      0.00     0.00   0.00    0.00     0.00    0.00    0.00    0.00   0.00
dm-1             0.00      0.00     0.00   0.00    0.00     0.00    0.00      0.00     0.00   0.00    0.00     0.00    0.00      0.00     0.00   0.00    0.00     0.00    0.00    0.00    0.00   0.00
dm-2             0.00      0.00     0.00   0.00    0.00     0.00    0.00      0.00     0.00   0.00    0.00     0.00    0.00      0.00     0.00   0.00    0.00     0.00    0.00    0.00    0.00   0.00
md0              0.00      0.00     0.00   0.00    0.00     0.00    0.00      0.00     0.00   0.00    0.00     0.00    0.00      0.00     0.00   0.00    0.00     0.00    0.00    0.00    0.00   0.00
md1              0.00      0.00     0.00   0.00    0.00     0.00 7119.00    833.71     0.00   0.00    0.16   119.92    0.00      0.00     0.00   0.00    0.00     0.00    0.00    0.00    1.13  27.00
nvme0n1          0.00      0.00     0.00   0.00    0.00     0.00 1725.00    208.00     0.00   0.00    0.13   123.47    0.00      0.00     0.00   0.00    0.00     0.00    0.00    0.00    0.22   6.30
nvme1n1          0.00      0.00     0.00   0.00    0.00     0.00 1731.00    208.43   100.00   5.46    0.13   123.30    0.00      0.00     0.00   0.00    0.00     0.00    0.00    0.00    0.22   5.50
nvme2n1          0.00      0.00     0.00   0.00    0.00     0.00 1738.00    208.28    68.00   3.77    0.14   122.72    0.00      0.00     0.00   0.00    0.00     0.00    0.00    0.00    0.24   8.50
nvme3n1          0.00      0.00     0.00   0.00    0.00     0.00 1748.00    207.88     0.00   0.00    0.23   121.78    0.00      0.00     0.00   0.00    0.00     0.00    0.00    0.00    0.40  24.00
sda              0.00      0.00     0.00   0.00    0.00     0.00    0.00      0.00     0.00   0.00    0.00     0.00    0.00      0.00     0.00   0.00    0.00     0.00    0.00    0.00    0.00   0.00
sdb              0.00      0.00     0.00   0.00    0.00     0.00    0.00      0.00     0.00   0.00    0.00     0.00    0.00      0.00     0.00   0.00    0.00     0.00    0.00    0.00    0.00   0.00
sdg              0.00      0.00     0.00   0.00    0.00     0.00    0.00      0.00     0.00   0.00    0.00     0.00    0.00      0.00     0.00   0.00    0.00     0.00    0.00    0.00    0.00   0.00


avg-cpu:  %user   %nice %system %iowait  %steal   %idle
           0.02    0.00    0.47    0.00    0.00   99.51

Device            r/s     rMB/s   rrqm/s  %rrqm r_await rareq-sz     w/s     wMB/s   wrqm/s  %wrqm w_await wareq-sz     d/s     dMB/s   drqm/s  %drqm d_await dareq-sz     f/s f_await  aqu-sz  %util
dm-0             0.00      0.00     0.00   0.00    0.00     0.00    5.00      0.02     0.00   0.00    0.80     4.00    0.00      0.00     0.00   0.00    0.00     0.00    0.00    0.00    0.00   0.10
dm-1             0.00      0.00     0.00   0.00    0.00     0.00    0.00      0.00     0.00   0.00    0.00     0.00    0.00      0.00     0.00   0.00    0.00     0.00    0.00    0.00    0.00   0.00
dm-2             0.00      0.00     0.00   0.00    0.00     0.00    0.00      0.00     0.00   0.00    0.00     0.00    0.00      0.00     0.00   0.00    0.00     0.00    0.00    0.00    0.00   0.00
md0              0.00      0.00     0.00   0.00    0.00     0.00    0.00      0.00     0.00   0.00    0.00     0.00    0.00      0.00     0.00   0.00    0.00     0.00    0.00    0.00    0.00   0.00
md1              0.00      0.00     0.00   0.00    0.00     0.00 6934.00    831.33     0.00   0.00    0.16   122.77    0.00      0.00     0.00   0.00    0.00     0.00    0.00    0.00    1.11  26.60
nvme0n1          0.00      0.00     0.00   0.00    0.00     0.00 1717.00    208.00     6.00   0.35    0.14   124.05    0.00      0.00     0.00   0.00    0.00     0.00    0.00    0.00    0.24   7.90
nvme1n1          0.00      0.00     0.00   0.00    0.00     0.00 1698.00    208.00     0.00   0.00    0.13   125.44    0.00      0.00     0.00   0.00    0.00     0.00    0.00    0.00    0.23   5.20
nvme2n1          0.00      0.00     0.00   0.00    0.00     0.00 1721.00    208.12    25.00   1.43    0.13   123.83    0.00      0.00     0.00   0.00    0.00     0.00    0.00    0.00    0.22   5.50
nvme3n1          0.00      0.00     0.00   0.00    0.00     0.00 1732.00    208.34    44.00   2.48    0.23   123.17    0.00      0.00     0.00   0.00    0.00     0.00    0.00    0.00    0.41  23.80
sda              0.00      0.00     0.00   0.00    0.00     0.00    5.00      0.02     0.00   0.00    1.20     4.00    0.00      0.00     0.00   0.00    0.00     0.00    0.00    0.00    0.01   0.10
sdb              0.00      0.00     0.00   0.00    0.00     0.00    0.00      0.00     0.00   0.00    0.00     0.00    0.00      0.00     0.00   0.00    0.00     0.00    0.00    0.00    0.00   0.00
sdg              0.00      0.00     0.00   0.00    0.00     0.00    0.00      0.00     0.00   0.00    0.00     0.00    0.00      0.00     0.00   0.00    0.00     0.00    0.00    0.00    0.00   0.00


avg-cpu:  %user   %nice %system %iowait  %steal   %idle
           0.03    0.00    0.46    0.00    0.00   99.51

Device            r/s     rMB/s   rrqm/s  %rrqm r_await rareq-sz     w/s     wMB/s   wrqm/s  %wrqm w_await wareq-sz     d/s     dMB/s   drqm/s  %drqm d_await dareq-sz     f/s f_await  aqu-sz  %util
dm-0             0.00      0.00     0.00   0.00    0.00     0.00    0.00      0.00     0.00   0.00    0.00     0.00    0.00      0.00     0.00   0.00    0.00     0.00    0.00    0.00    0.00   0.00
dm-1             0.00      0.00     0.00   0.00    0.00     0.00    0.00      0.00     0.00   0.00    0.00     0.00    0.00      0.00     0.00   0.00    0.00     0.00    0.00    0.00    0.00   0.00
dm-2             0.00      0.00     0.00   0.00    0.00     0.00    0.00      0.00     0.00   0.00    0.00     0.00    0.00      0.00     0.00   0.00    0.00     0.00    0.00    0.00    0.00   0.00
md0              0.00      0.00     0.00   0.00    0.00     0.00    0.00      0.00     0.00   0.00    0.00     0.00    0.00      0.00     0.00   0.00    0.00     0.00    0.00    0.00    0.00   0.00
md1              0.00      0.00     0.00   0.00    0.00     0.00 6429.00    768.28     0.00   0.00    0.16   122.37    0.00      0.00     0.00   0.00    0.00     0.00    0.00    0.00    1.04  24.80
nvme0n1          0.00      0.00     0.00   0.00    0.00     0.00 1591.00    192.00     6.00   0.38    0.14   123.58    0.00      0.00     0.00   0.00    0.00     0.00    0.00    0.00    0.23   7.80
nvme1n1          0.00      0.00     0.00   0.00    0.00     0.00 1571.00    192.00     2.00   0.13    0.13   125.15    0.00      0.00     0.00   0.00    0.00     0.00    0.00    0.00    0.21   5.60
nvme2n1          0.00      0.00     0.00   0.00    0.00     0.00 1591.00    192.00     0.00   0.00    0.13   123.58    0.00      0.00     0.00   0.00    0.00     0.00    0.00    0.00    0.20   4.60
nvme3n1          0.00      0.00     0.00   0.00    0.00     0.00 1608.00    192.28    60.00   3.60    0.23   122.45    0.00      0.00     0.00   0.00    0.00     0.00    0.00    0.00    0.37  21.20
sda              0.00      0.00     0.00   0.00    0.00     0.00    0.00      0.00     0.00   0.00    0.00     0.00    0.00      0.00     0.00   0.00    0.00     0.00    0.00    0.00    0.00   0.00
sdb              0.00      0.00     0.00   0.00    0.00     0.00    0.00      0.00     0.00   0.00    0.00     0.00    0.00      0.00     0.00   0.00    0.00     0.00    0.00    0.00    0.00   0.00
sdg              0.00      0.00     0.00   0.00    0.00     0.00    0.00      0.00     0.00   0.00    0.00     0.00    0.00      0.00     0.00   0.00    0.00     0.00    0.00    0.00    0.00   0.00


avg-cpu:  %user   %nice %system %iowait  %steal   %idle
           0.21    0.00    4.87   33.32    0.00   61.60

Device            r/s     rMB/s   rrqm/s  %rrqm r_await rareq-sz     w/s     wMB/s   wrqm/s  %wrqm w_await wareq-sz     d/s     dMB/s   drqm/s  %drqm d_await dareq-sz     f/s f_await  aqu-sz  %util
dm-0             0.00      0.00     0.00   0.00    0.00     0.00    7.00      0.02     0.00   0.00   19.14     3.43    0.00      0.00     0.00   0.00    0.00     0.00    0.00    0.00    0.13  13.10
dm-1             0.00      0.00     0.00   0.00    0.00     0.00    0.00      0.00     0.00   0.00    0.00     0.00    0.00      0.00     0.00   0.00    0.00     0.00    0.00    0.00    0.00   0.00
dm-2             0.00      0.00     0.00   0.00    0.00     0.00    0.00      0.00     0.00   0.00    0.00     0.00    0.00      0.00     0.00   0.00    0.00     0.00    0.00    0.00    0.00   0.00
md0              0.00      0.00     0.00   0.00    0.00     0.00    0.00      0.00     0.00   0.00    0.00     0.00    0.00      0.00     0.00   0.00    0.00     0.00    0.00    0.00    0.00   0.00
md1           212877.00  13304.81     0.00   0.00   77.66    64.00    0.00      0.00     0.00   0.00    0.00     0.00    0.00      0.00     0.00   0.00    0.00     0.00    0.00    0.00 16532.93  60.00
nvme0n1       57593.00   3599.56     0.00   0.00   55.24    64.00    0.00      0.00     0.00   0.00    0.00     0.00    0.00      0.00     0.00   0.00    0.00     0.00    0.00    0.00 3181.67  59.40
nvme1n1       53324.00   3332.88     0.00   0.00   83.49    64.00    0.00      0.00     0.00   0.00    0.00     0.00    0.00      0.00     0.00   0.00    0.00     0.00    0.00    0.00 4452.02  59.90
nvme2n1       50694.00   3168.44     0.00   0.00   89.43    64.00    0.00      0.00     0.00   0.00    0.00     0.00    0.00      0.00     0.00   0.00    0.00     0.00    0.00    0.00 4533.46  59.60
nvme3n1       50524.00   3157.81     0.00   0.00   85.30    64.00    0.00      0.00     0.00   0.00    0.00     0.00    0.00      0.00     0.00   0.00    0.00     0.00    0.00    0.00 4309.70  59.40
sda              0.00      0.00     0.00   0.00    0.00     0.00    4.00      0.02     3.00  42.86   32.75     6.00    0.00      0.00     0.00   0.00    0.00     0.00    3.00   42.33    0.26  13.10
sdb              0.00      0.00     0.00   0.00    0.00     0.00    0.00      0.00     0.00   0.00    0.00     0.00    0.00      0.00     0.00   0.00    0.00     0.00    0.00    0.00    0.00   0.00
sdg              0.00      0.00     0.00   0.00    0.00     0.00    0.00      0.00     0.00   0.00    0.00     0.00    0.00      0.00     0.00   0.00    0.00     0.00    0.00    0.00    0.00   0.00


avg-cpu:  %user   %nice %system %iowait  %steal   %idle
           0.21    0.00    1.39   42.20    0.00   56.20

Device            r/s     rMB/s   rrqm/s  %rrqm r_await rareq-sz     w/s     wMB/s   wrqm/s  %wrqm w_await wareq-sz     d/s     dMB/s   drqm/s  %drqm d_await dareq-sz     f/s f_await  aqu-sz  %util
dm-0             0.00      0.00     0.00   0.00    0.00     0.00    0.00      0.00     0.00   0.00    0.00     0.00    0.00      0.00     0.00   0.00    0.00     0.00    0.00    0.00    0.00   0.00
dm-1             0.00      0.00     0.00   0.00    0.00     0.00    0.00      0.00     0.00   0.00    0.00     0.00    0.00      0.00     0.00   0.00    0.00     0.00    0.00    0.00    0.00   0.00
dm-2             0.00      0.00     0.00   0.00    0.00     0.00    5.00      0.02     0.00   0.00   11.80     3.20    0.00      0.00     0.00   0.00    0.00     0.00    0.00    0.00    0.06   5.90
md0              0.00      0.00     0.00   0.00    0.00     0.00    0.00      0.00     0.00   0.00    0.00     0.00    0.00      0.00     0.00   0.00    0.00     0.00    0.00    0.00    0.00   0.00
md1           311411.00  19463.19     0.00   0.00   75.32    64.00    0.00      0.00     0.00   0.00    0.00     0.00    0.00      0.00     0.00   0.00    0.00     0.00    0.00    0.00 23454.89  94.00
nvme0n1       73479.00   4592.44     0.00   0.00   10.38    64.00    0.00      0.00     0.00   0.00    0.00     0.00    0.00      0.00     0.00   0.00    0.00     0.00    0.00    0.00  762.85  91.20
nvme1n1       77748.00   4859.12     0.00   0.00   69.90    64.00    0.00      0.00     0.00   0.00    0.00     0.00    0.00      0.00     0.00   0.00    0.00     0.00    0.00    0.00 5434.30  91.40
nvme2n1       80378.00   5023.56     0.00   0.00  109.79    64.00    0.00      0.00     0.00   0.00    0.00     0.00    0.00      0.00     0.00   0.00    0.00     0.00    0.00    0.00 8824.64  94.10
nvme3n1       80548.00   5034.19     0.00   0.00  105.38    64.00    0.00      0.00     0.00   0.00    0.00     0.00    0.00      0.00     0.00   0.00    0.00     0.00    0.00    0.00 8488.38  94.20
sda              0.00      0.00     0.00   0.00    0.00     0.00    3.00      0.02     2.00  40.00   19.67     5.33    0.00      0.00     0.00   0.00    0.00     0.00    3.00   19.67    0.12   5.90
sdb              0.00      0.00     0.00   0.00    0.00     0.00    0.00      0.00     0.00   0.00    0.00     0.00    0.00      0.00     0.00   0.00    0.00     0.00    0.00    0.00    0.00   0.00
sdg              0.00      0.00     0.00   0.00    0.00     0.00    0.00      0.00     0.00   0.00    0.00     0.00    0.00      0.00     0.00   0.00    0.00     0.00    0.00    0.00    0.00   0.00

