Linux 6.8.0-85-generic (raven4) 	10/24/2025 	_x86_64_	(256 CPU)

09:24:06 AM  CPU    %usr   %nice    %sys %iowait    %irq   %soft  %steal  %guest  %gnice   %idle
09:24:07 AM  all   53.59    0.00    0.09    0.00    0.00    0.00    0.00    0.00    0.00   46.32
09:24:07 AM    0   58.59    0.00    0.00    0.00    0.00    0.00    0.00    0.00    0.00   41.41
09:24:07 AM    1   39.00    0.00    0.00    0.00    0.00    0.00    0.00    0.00    0.00   61.00
09:24:07 AM    2   58.42    0.00    0.00    0.00    0.00    0.00    0.00    0.00    0.00   41.58
09:24:07 AM    3   57.84    0.00    0.98    0.00    0.00    0.00    0.00    0.00    0.00   41.18
09:24:07 AM    4   59.00    0.00    0.00    0.00    0.00    0.00    0.00    0.00    0.00   41.00
09:24:07 AM    5   57.00    0.00    0.00    0.00    0.00    0.00    0.00    0.00    0.00   43.00
09:24:07 AM    6   58.59    0.00    0.00    0.00    0.00    0.00    0.00    0.00    0.00   41.41
09:24:07 AM    7   34.00    0.00    0.00    0.00    0.00    0.00    0.00    0.00    0.00   66.00
09:24:07 AM    8   60.61    0.00    0.00    0.00    0.00    0.00    0.00    0.00    0.00   39.39
09:24:07 AM    9   41.00    0.00    0.00    0.00    0.00    0.00    0.00    0.00    0.00   59.00
09:24:07 AM   10   61.00    0.00    0.00    0.00    0.00    0.00    0.00    0.00    0.00   39.00
09:24:07 AM   11   61.00    0.00    0.00    0.00    0.00    0.00    0.00    0.00    0.00   39.00
09:24:07 AM   12   60.61    0.00    0.00    0.00    0.00    0.00    0.00    0.00    0.00   39.39
09:24:07 AM   13   59.41    0.00    0.00    0.00    0.00    0.00    0.00    0.00    0.00   40.59
09:24:07 AM   14   60.00    0.00    0.00    0.00    0.00    0.00    0.00    0.00    0.00   40.00
09:24:07 AM   15   40.59    0.00    0.00    0.00    0.00    0.00    0.00    0.00    0.00   59.41
09:24:07 AM   16   48.00    0.00    0.00    0.00    0.00    0.00    0.00    0.00    0.00   52.00
09:24:07 AM   17   32.00    0.00    0.00    0.00    0.00    0.00    0.00    0.00    0.00   68.00
09:24:07 AM   18   49.49    0.00    0.00    0.00    0.00    0.00    0.00    0.00    0.00   50.51
09:24:07 AM   19   50.00    0.00    0.00    0.00    0.00    0.00    0.00    0.00    0.00   50.00
09:24:07 AM   20   49.49    0.00    0.00    0.00    0.00    0.00    0.00    0.00    0.00   50.51
09:24:07 AM   21   39.39    0.00    0.00    0.00    0.00    0.00    0.00    0.00    0.00   60.61
09:24:07 AM   22   49.00    0.00    0.00    0.00    0.00    0.00    0.00    0.00    0.00   51.00
09:24:07 AM   23   43.00    0.00    0.00    0.00    0.00    0.00    0.00    0.00    0.00   57.00
09:24:07 AM   24   61.00    0.00    0.00    0.00    0.00    0.00    0.00    0.00    0.00   39.00
09:24:07 AM   25   56.00    0.00    0.00    0.00    0.00    0.00    0.00    0.00    0.00   44.00
09:24:07 AM   26   61.00    0.00    0.00    0.00    0.00    0.00    0.00    0.00    0.00   39.00
09:24:07 AM   27   61.00    0.00    0.00    0.00    0.00    0.00    0.00    0.00    0.00   39.00
09:24:07 AM   28   61.00    0.00    0.00    0.00    0.00    0.00    0.00    0.00    0.00   39.00
09:24:07 AM   29   57.00    0.00    0.00    0.00    0.00    0.00    0.00    0.00    0.00   43.00
09:24:07 AM   30   61.00    0.00    0.00    0.00    0.00    0.00    0.00    0.00    0.00   39.00
09:24:07 AM   31   58.00    0.00    0.00    0.00    0.00    0.00    0.00    0.00    0.00   42.00
09:24:07 AM   32   62.00    0.00    0.00    0.00    0.00    0.00    0.00    0.00    0.00   38.00
09:24:07 AM   33   34.00    0.00    0.00    0.00    0.00    0.00    0.00    0.00    0.00   66.00
09:24:07 AM   34   16.00    0.00   21.00    0.00    0.00    0.00    0.00    0.00    0.00   63.00
09:24:07 AM   35   62.00    0.00    0.00    0.00    0.00    0.00    0.00    0.00    0.00   38.00
09:24:07 AM   36   62.00    0.00    0.00    0.00    0.00    0.00    0.00    0.00    0.00   38.00
09:24:07 AM   37   61.00    0.00    0.00    0.00    0.00    0.00    0.00    0.00    0.00   39.00
09:24:07 AM   38   62.00    0.00    0.00    0.00    0.00    0.00    0.00    0.00    0.00   38.00
09:24:07 AM   39   62.00    0.00    0.00    0.00    0.00    0.00    0.00    0.00    0.00   38.00
09:24:07 AM   40   62.38    0.00    0.00    0.00    0.00    0.00    0.00    0.00    0.00   37.62
09:24:07 AM   41   46.00    0.00    0.00    0.00    0.00    0.00    0.00    0.00    0.00   54.00
09:24:07 AM   42   62.38    0.00    0.00    0.00    0.00    0.00    0.00    0.00    0.00   37.62
09:24:07 AM   43   62.63    0.00    0.00    0.00    0.00    0.00    0.00    0.00    0.00   37.37
09:24:07 AM   44   62.63    0.00    0.00    0.00    0.00    0.00    0.00    0.00    0.00   37.37
09:24:07 AM   45   50.51    0.00    0.00    0.00    0.00    0.00    0.00    0.00    0.00   49.49
09:24:07 AM   46   62.38    0.00    0.00    0.00    0.00    0.00    0.00    0.00    0.00   37.62
09:24:07 AM   47   62.00    0.00    0.00    0.00    0.00    0.00    0.00    0.00    0.00   38.00
09:24:07 AM   48   63.00    0.00    0.00    0.00    0.00    0.00    0.00    0.00    0.00   37.00
09:24:07 AM   49   63.00    0.00    0.00    0.00    0.00    0.00    0.00    0.00    0.00   37.00
09:24:07 AM   50   64.00    0.00    0.00    0.00    0.00    0.00    0.00    0.00    0.00   36.00
09:24:07 AM   51   63.37    0.00    0.00    0.00    0.00    0.00    0.00    0.00    0.00   36.63
09:24:07 AM   52   63.00    0.00    0.00    0.00    0.00    0.00    0.00    0.00    0.00   37.00
09:24:07 AM   53   63.37    0.00    0.00    0.00    0.00    0.00    0.00    0.00    0.00   36.63
09:24:07 AM   54   63.37    0.00    0.00    0.00    0.00    0.00    0.00    0.00    0.00   36.63
09:24:07 AM   55   62.38    0.00    0.99    0.00    0.00    0.00    0.00    0.00    0.00   36.63
09:24:07 AM   56   63.00    0.00    0.00    0.00    0.00    0.00    0.00    0.00    0.00   37.00
09:24:07 AM   57   62.00    0.00    0.00    0.00    0.00    0.00    0.00    0.00    0.00   38.00
09:24:07 AM   58   63.00    0.00    0.00    0.00    0.00    0.00    0.00    0.00    0.00   37.00
09:24:07 AM   59   62.75    0.00    0.98    0.00    0.00    0.00    0.00    0.00    0.00   36.27
09:24:07 AM   60   63.37    0.00    0.00    0.00    0.00    0.00    0.00    0.00    0.00   36.63
09:24:07 AM   61   63.37    0.00    0.00    0.00    0.00    0.00    0.00    0.00    0.00   36.63
09:24:07 AM   62   64.00    0.00    0.00    0.00    0.00    0.00    0.00    0.00    0.00   36.00
09:24:07 AM   63   63.37    0.00    0.00    0.00    0.00    0.00    0.00    0.00    0.00   36.63
09:24:07 AM   64   54.55    0.00    0.00    0.00    0.00    0.00    0.00    0.00    0.00   45.45
09:24:07 AM   65   33.00    0.00    0.00    0.00    0.00    0.00    0.00    0.00    0.00   67.00
09:24:07 AM   66   54.46    0.00    0.00    0.00    0.00    0.00    0.00    0.00    0.00   45.54
09:24:07 AM   67   54.55    0.00    0.00    0.00    0.00    0.00    0.00    0.00    0.00   45.45
09:24:07 AM   68   55.00    0.00    0.00    0.00    0.00    0.00    0.00    0.00    0.00   45.00
09:24:07 AM   69   52.00    0.00    0.00    0.00    0.00    0.00    0.00    0.00    0.00   48.00
09:24:07 AM   70   54.46    0.00    0.00    0.00    0.00    0.00    0.00    0.00    0.00   45.54
09:24:07 AM   71   53.00    0.00    0.00    0.00    0.00    0.00    0.00    0.00    0.00   47.00
09:24:07 AM   72   59.00    0.00    0.00    0.00    0.00    0.00    0.00    0.00    0.00   41.00
09:24:07 AM   73   33.66    0.00    0.00    0.00    0.00    0.00    0.00    0.00    0.00   66.34
09:24:07 AM   74   59.00    0.00    0.00    0.00    0.00    0.00    0.00    0.00    0.00   41.00
09:24:07 AM   75   59.60    0.00    0.00    0.00    0.00    0.00    0.00    0.00    0.00   40.40
09:24:07 AM   76   59.00    0.00    0.00    0.00    0.00    0.00    0.00    0.00    0.00   41.00
09:24:07 AM   77   57.00    0.00    0.00    0.00    0.00    0.00    0.00    0.00    0.00   43.00
09:24:07 AM   78   59.60    0.00    0.00    0.00    0.00    0.00    0.00    0.00    0.00   40.40
09:24:07 AM   79   47.00    0.00    0.00    0.00    0.00    0.00    0.00    0.00    0.00   53.00
09:24:07 AM   80   54.00    0.00    0.00    0.00    0.00    0.00    0.00    0.00    0.00   46.00
09:24:07 AM   81   32.00    0.00    0.00    0.00    0.00    0.00    0.00    0.00    0.00   68.00
09:24:07 AM   82   55.00    0.00    0.00    0.00    0.00    0.00    0.00    0.00    0.00   45.00
09:24:07 AM   83   55.45    0.00    0.00    0.00    0.00    0.00    0.00    0.00    0.00   44.55
09:24:07 AM   84   55.00    0.00    0.00    0.00    0.00    0.00    0.00    0.00    0.00   45.00
09:24:07 AM   85   53.47    0.00    0.00    0.00    0.00    0.00    0.00    0.00    0.00   46.53
09:24:07 AM   86   55.00    0.00    0.00    0.00    0.00    0.00    0.00    0.00    0.00   45.00
09:24:07 AM   87   43.00    0.00    0.00    0.00    0.00    0.00    0.00    0.00    0.00   57.00
09:24:07 AM   88   52.00    0.00    0.00    0.00    0.00    0.00    0.00    0.00    0.00   48.00
09:24:07 AM   89   32.00    0.00    0.00    0.00    0.00    0.00    0.00    0.00    0.00   68.00
09:24:07 AM   90   53.00    0.00    0.00    0.00    0.00    0.00    0.00    0.00    0.00   47.00
09:24:07 AM   91   52.53    0.00    0.00    0.00    0.00    0.00    0.00    0.00    0.00   47.47
09:24:07 AM   92   52.00    0.00    0.00    0.00    0.00    0.00    0.00    0.00    0.00   48.00
09:24:07 AM   93   42.57    0.00    0.00    0.00    0.00    0.00    0.00    0.00    0.00   57.43
09:24:07 AM   94   53.00    0.00    0.00    0.00    0.00    0.00    0.00    0.00    0.00   47.00
09:24:07 AM   95   47.00    0.00    0.00    0.00    0.00    0.00    0.00    0.00    0.00   53.00
09:24:07 AM   96   60.00    0.00    0.00    0.00    0.00    0.00    0.00    0.00    0.00   40.00
09:24:07 AM   97   35.64    0.00    0.00    0.00    0.00    0.00    0.00    0.00    0.00   64.36
09:24:07 AM   98   60.00    0.00    0.00    0.00    0.00    0.00    0.00    0.00    0.00   40.00
09:24:07 AM   99   60.61    0.00    0.00    0.00    0.00    0.00    0.00    0.00    0.00   39.39
09:24:07 AM  100   60.61    0.00    0.00    0.00    0.00    0.00    0.00    0.00    0.00   39.39
09:24:07 AM  101   59.00    0.00    0.00    0.00    0.00    0.00    0.00    0.00    0.00   41.00
09:24:07 AM  102   60.00    0.00    0.00    0.00    0.00    0.00    0.00    0.00    0.00   40.00
09:24:07 AM  103   57.00    0.00    0.00    0.00    0.00    0.00    0.00    0.00    0.00   43.00
09:24:07 AM  104   48.51    0.00    0.00    0.00    0.00    0.00    0.00    0.00    0.00   51.49
09:24:07 AM  105   38.00    0.00    0.00    0.00    0.00    0.00    0.00    0.00    0.00   62.00
09:24:07 AM  106   48.51    0.00    0.00    0.00    0.00    0.00    0.00    0.00    0.00   51.49
09:24:07 AM  107   49.00    0.00    0.00    0.00    0.00    0.00    0.00    0.00    0.00   51.00
09:24:07 AM  108   48.51    0.00    0.00    0.00    0.00    0.00    0.00    0.00    0.00   51.49
09:24:07 AM  109   42.00    0.00    0.00    0.00    0.00    0.00    0.00    0.00    0.00   58.00
09:24:07 AM  110   49.00    0.00    0.00    0.00    0.00    0.00    0.00    0.00    0.00   51.00
09:24:07 AM  111   43.00    0.00    0.00    0.00    0.00    0.00    0.00    0.00    0.00   57.00
09:24:07 AM  112   50.50    0.00    0.00    0.00    0.00    0.00    0.00    0.00    0.00   49.50
09:24:07 AM  113   46.00    0.00    0.00    0.00    0.00    0.00    0.00    0.00    0.00   54.00
09:24:07 AM  114   51.49    0.00    0.00    0.00    0.00    0.00    0.00    0.00    0.00   48.51
09:24:07 AM  115   51.49    0.00    0.00    0.00    0.00    0.00    0.00    0.00    0.00   48.51
09:24:07 AM  116   51.49    0.00    0.00    0.00    0.00    0.00    0.00    0.00    0.00   48.51
09:24:07 AM  117   43.43    0.00    0.00    0.00    0.00    0.00    0.00    0.00    0.00   56.57
09:24:07 AM  118   51.00    0.00    0.00    0.00    0.00    0.00    0.00    0.00    0.00   49.00
09:24:07 AM  119   40.00    0.00    0.00    0.00    0.00    0.00    0.00    0.00    0.00   60.00
09:24:07 AM  120   56.44    0.00    0.00    0.00    0.00    0.00    0.00    0.00    0.00   43.56
09:24:07 AM  121   42.42    0.00    0.00    0.00    0.00    0.00    0.00    0.00    0.00   57.58
09:24:07 AM  122   56.44    0.00    0.00    0.00    0.00    0.00    0.00    0.00    0.00   43.56
09:24:07 AM  123   57.00    0.00    0.00    0.00    0.00    0.00    0.00    0.00    0.00   43.00
09:24:07 AM  124   57.00    0.00    0.00    0.00    0.00    0.00    0.00    0.00    0.00   43.00
09:24:07 AM  125   55.00    0.00    0.00    0.00    0.00    0.00    0.00    0.00    0.00   45.00
09:24:07 AM  126   56.44    0.00    0.00    0.00    0.00    0.00    0.00    0.00    0.00   43.56
09:24:07 AM  127   44.55    0.00    0.00    0.00    0.00    0.00    0.00    0.00    0.00   55.45
09:24:07 AM  128   58.59    0.00    0.00    0.00    0.00    0.00    0.00    0.00    0.00   41.41
09:24:07 AM  129   32.00    0.00    0.00    0.00    0.00    0.00    0.00    0.00    0.00   68.00
09:24:07 AM  130   58.00    0.00    0.00    0.00    0.00    0.00    0.00    0.00    0.00   42.00
09:24:07 AM  131   58.00    0.00    0.00    0.00    0.00    0.00    0.00    0.00    0.00   42.00
09:24:07 AM  132   58.42    0.00    0.00    0.00    0.00    0.00    0.00    0.00    0.00   41.58
09:24:07 AM  133   57.00    0.00    0.00    0.00    0.00    0.00    0.00    0.00    0.00   43.00
09:24:07 AM  134   58.00    0.00    0.00    0.00    0.00    0.00    0.00    0.00    0.00   42.00
09:24:07 AM  135   39.00    0.00    0.00    0.00    0.00    0.00    0.00    0.00    0.00   61.00
09:24:07 AM  136   60.00    0.00    0.00    0.00    0.00    0.00    0.00    0.00    0.00   40.00
09:24:07 AM  137   27.00    0.00    0.00    0.00    0.00    0.00    0.00    0.00    0.00   73.00
09:24:07 AM  138   61.00    0.00    0.00    0.00    0.00    0.00    0.00    0.00    0.00   39.00
09:24:07 AM  139   61.00    0.00    0.00    0.00    0.00    0.00    0.00    0.00    0.00   39.00
09:24:07 AM  140   60.61    0.00    0.00    0.00    0.00    0.00    0.00    0.00    0.00   39.39
09:24:07 AM  141   58.00    0.00    0.00    0.00    0.00    0.00    0.00    0.00    0.00   42.00
09:24:07 AM  142   60.40    0.00    0.00    0.00    0.00    0.00    0.00    0.00    0.00   39.60
09:24:07 AM  143   38.00    0.00    0.00    0.00    0.00    0.00    0.00    0.00    0.00   62.00
09:24:07 AM  144   48.00    0.00    0.00    0.00    0.00    0.00    0.00    0.00    0.00   52.00
09:24:07 AM  145   32.00    0.00    0.00    0.00    0.00    0.00    0.00    0.00    0.00   68.00
09:24:07 AM  146   49.49    0.00    0.00    0.00    0.00    0.00    0.00    0.00    0.00   50.51
09:24:07 AM  147   49.00    0.00    0.00    0.00    0.00    0.00    0.00    0.00    0.00   51.00
09:24:07 AM  148   49.00    0.00    0.00    0.00    0.00    0.00    0.00    0.00    0.00   51.00
09:24:07 AM  149   42.00    0.00    0.00    0.00    0.00    0.00    0.00    0.00    0.00   58.00
09:24:07 AM  150   49.50    0.00    0.00    0.00    0.00    0.00    0.00    0.00    0.00   50.50
09:24:07 AM  151   43.00    0.00    0.00    0.00    0.00    0.00    0.00    0.00    0.00   57.00
09:24:07 AM  152   61.00    0.00    0.00    0.00    0.00    0.00    0.00    0.00    0.00   39.00
09:24:07 AM  153   35.35    0.00    0.00    0.00    0.00    0.00    0.00    0.00    0.00   64.65
09:24:07 AM  154   61.00    0.00    0.00    0.00    0.00    0.00    0.00    0.00    0.00   39.00
09:24:07 AM  155   61.00    0.00    0.00    0.00    0.00    0.00    0.00    0.00    0.00   39.00
09:24:07 AM  156   61.00    0.00    0.00    0.00    0.00    0.00    0.00    0.00    0.00   39.00
09:24:07 AM  157   58.00    0.00    0.00    0.00    0.00    0.00    0.00    0.00    0.00   42.00
09:24:07 AM  158   60.40    0.00    0.00    0.00    0.00    0.00    0.00    0.00    0.00   39.60
09:24:07 AM  159   32.00    0.00    0.00    0.00    0.00    0.00    0.00    0.00    0.00   68.00
09:24:07 AM  160   62.00    0.00    0.00    0.00    0.00    0.00    0.00    0.00    0.00   38.00
09:24:07 AM  161   55.56    0.00    0.00    0.00    0.00    0.00    0.00    0.00    0.00   44.44
09:24:07 AM  162   61.62    0.00    0.00    0.00    0.00    0.00    0.00    0.00    0.00   38.38
09:24:07 AM  163   62.00    0.00    0.00    0.00    0.00    0.00    0.00    0.00    0.00   38.00
09:24:07 AM  164   61.39    0.00    0.00    0.00    0.00    0.00    0.00    0.00    0.00   38.61
09:24:07 AM  165   61.00    0.00    0.00    0.00    0.00    0.00    0.00    0.00    0.00   39.00
09:24:07 AM  166   62.00    0.00    0.00    0.00    0.00    0.00    0.00    0.00    0.00   38.00
09:24:07 AM  167   61.39    0.00    0.00    0.00    0.00    0.00    0.00    0.00    0.00   38.61
09:24:07 AM  168   62.00    0.00    0.00    0.00    0.00    0.00    0.00    0.00    0.00   38.00
09:24:07 AM  169   33.00    0.00    0.00    0.00    0.00    0.00    0.00    0.00    0.00   67.00
09:24:07 AM  170   62.63    0.00    0.00    0.00    0.00    0.00    0.00    0.00    0.00   37.37
09:24:07 AM  171   62.38    0.00    0.00    0.00    0.00    0.00    0.00    0.00    0.00   37.62
09:24:07 AM  172   62.00    0.00    0.00    0.00    0.00    0.00    0.00    0.00    0.00   38.00
09:24:07 AM  173   57.58    0.00    0.00    0.00    0.00    0.00    0.00    0.00    0.00   42.42
09:24:07 AM  174   62.38    0.00    0.00    0.00    0.00    0.00    0.00    0.00    0.00   37.62
09:24:07 AM  175   62.00    0.00    0.00    0.00    0.00    0.00    0.00    0.00    0.00   38.00
09:24:07 AM  176   63.64    0.00    0.00    0.00    0.00    0.00    0.00    0.00    0.00   36.36
09:24:07 AM  177   63.00    0.00    0.00    0.00    0.00    0.00    0.00    0.00    0.00   37.00
09:24:07 AM  178   63.00    0.00    0.00    0.00    0.00    0.00    0.00    0.00    0.00   37.00
09:24:07 AM  179   63.00    0.00    0.00    0.00    0.00    0.00    0.00    0.00    0.00   37.00
09:24:07 AM  180   63.00    0.00    0.00    0.00    0.00    0.00    0.00    0.00    0.00   37.00
09:24:07 AM  181   63.00    0.00    0.00    0.00    0.00    0.00    0.00    0.00    0.00   37.00
09:24:07 AM  182   63.64    0.00    0.00    0.00    0.00    0.00    0.00    0.00    0.00   36.36
09:24:07 AM  183   63.00    0.00    0.00    0.00    0.00    0.00    0.00    0.00    0.00   37.00
09:24:07 AM  184   63.64    0.00    0.00    0.00    0.00    0.00    0.00    0.00    0.00   36.36
09:24:07 AM  185   62.00    0.00    0.00    0.00    0.00    0.00    0.00    0.00    0.00   38.00
09:24:07 AM  186   63.37    0.00    0.00    0.00    0.00    0.00    0.00    0.00    0.00   36.63
09:24:07 AM  187   64.00    0.00    0.00    0.00    0.00    0.00    0.00    0.00    0.00   36.00
09:24:07 AM  188   63.64    0.00    0.00    0.00    0.00    0.00    0.00    0.00    0.00   36.36
09:24:07 AM  189   64.00    0.00    0.00    0.00    0.00    0.00    0.00    0.00    0.00   36.00
09:24:07 AM  190   63.00    0.00    0.00    0.00    0.00    0.00    0.00    0.00    0.00   37.00
09:24:07 AM  191   63.37    0.00    0.00    0.00    0.00    0.00    0.00    0.00    0.00   36.63
09:24:07 AM  192   54.00    0.00    0.00    0.00    0.00    0.00    0.00    0.00    0.00   46.00
09:24:07 AM  193   31.00    0.00    0.00    0.00    0.00    0.00    0.00    0.00    0.00   69.00
09:24:07 AM  194   54.00    0.00    0.00    0.00    0.00    0.00    0.00    0.00    0.00   46.00
09:24:07 AM  195   54.46    0.00    0.00    0.00    0.00    0.00    0.00    0.00    0.00   45.54
09:24:07 AM  196   54.00    0.00    0.00    0.00    0.00    0.00    0.00    0.00    0.00   46.00
09:24:07 AM  197   46.00    0.00    0.00    0.00    0.00    0.00    0.00    0.00    0.00   54.00
09:24:07 AM  198   54.00    0.00    0.00    0.00    0.00    0.00    0.00    0.00    0.00   46.00
09:24:07 AM  199   43.43    0.00    0.00    0.00    0.00    0.00    0.00    0.00    0.00   56.57
09:24:07 AM  200   59.00    0.00    0.00    0.00    0.00    0.00    0.00    0.00    0.00   41.00
09:24:07 AM  201   54.00    0.00    0.00    0.00    0.00    0.00    0.00    0.00    0.00   46.00
09:24:07 AM  202   60.00    0.00    0.00    0.00    0.00    0.00    0.00    0.00    0.00   40.00
09:24:07 AM  203   59.60    0.00    0.00    0.00    0.00    0.00    0.00    0.00    0.00   40.40
09:24:07 AM  204   59.41    0.00    0.00    0.00    0.00    0.00    0.00    0.00    0.00   40.59
09:24:07 AM  205   57.00    0.00    0.00    0.00    0.00    0.00    0.00    0.00    0.00   43.00
09:24:07 AM  206   60.00    0.00    0.00    0.00    0.00    0.00    0.00    0.00    0.00   40.00
09:24:07 AM  207   51.00    0.00    0.00    0.00    0.00    0.00    0.00    0.00    0.00   49.00
09:24:07 AM  208   54.55    0.00    0.00    0.00    0.00    0.00    0.00    0.00    0.00   45.45
09:24:07 AM  209   36.63    0.00    0.00    0.00    0.00    0.00    0.00    0.00    0.00   63.37
09:24:07 AM  210   55.45    0.00    0.00    0.00    0.00    0.00    0.00    0.00    0.00   44.55
09:24:07 AM  211   55.00    0.00    0.00    0.00    0.00    0.00    0.00    0.00    0.00   45.00
09:24:07 AM  212   55.45    0.00    0.00    0.00    0.00    0.00    0.00    0.00    0.00   44.55
09:24:07 AM  213   53.00    0.00    0.00    0.00    0.00    0.00    0.00    0.00    0.00   47.00
09:24:07 AM  214   55.45    0.00    0.00    0.00    0.00    0.00    0.00    0.00    0.00   44.55
09:24:07 AM  215   41.00    0.00    0.00    0.00    0.00    0.00    0.00    0.00    0.00   59.00
09:24:07 AM  216   52.00    0.00    0.00    0.00    0.00    0.00    0.00    0.00    0.00   48.00
09:24:07 AM  217   36.00    0.00    0.00    0.00    0.00    0.00    0.00    0.00    0.00   64.00
09:24:07 AM  218   52.00    0.00    0.00    0.00    0.00    0.00    0.00    0.00    0.00   48.00
09:24:07 AM  219   52.00    0.00    0.00    0.00    0.00    0.00    0.00    0.00    0.00   48.00
09:24:07 AM  220   52.53    0.00    0.00    0.00    0.00    0.00    0.00    0.00    0.00   47.47
09:24:07 AM  221   40.40    0.00    0.00    0.00    0.00    0.00    0.00    0.00    0.00   59.60
09:24:07 AM  222   52.48    0.00    0.00    0.00    0.00    0.00    0.00    0.00    0.00   47.52
09:24:07 AM  223   47.00    0.00    0.00    0.00    0.00    0.00    0.00    0.00    0.00   53.00
09:24:07 AM  224   60.00    0.00    0.00    0.00    0.00    0.00    0.00    0.00    0.00   40.00
09:24:07 AM  225   37.00    0.00    0.00    0.00    0.00    0.00    0.00    0.00    0.00   63.00
09:24:07 AM  226   60.00    0.00    0.00    0.00    0.00    0.00    0.00    0.00    0.00   40.00
09:24:07 AM  227   60.00    0.00    0.00    0.00    0.00    0.00    0.00    0.00    0.00   40.00
09:24:07 AM  228   60.00    0.00    0.00    0.00    0.00    0.00    0.00    0.00    0.00   40.00
09:24:07 AM  229   57.00    0.00    0.00    0.00    0.00    0.00    0.00    0.00    0.00   43.00
09:24:07 AM  230   60.00    0.00    0.00    0.00    0.00    0.00    0.00    0.00    0.00   40.00
09:24:07 AM  231   58.42    0.00    0.00    0.00    0.00    0.00    0.00    0.00    0.00   41.58
09:24:07 AM  232   48.00    0.00    0.00    0.00    0.00    0.00    0.00    0.00    0.00   52.00
09:24:07 AM  233   32.00    0.00    0.00    0.00    0.00    0.00    0.00    0.00    0.00   68.00
09:24:07 AM  234   48.51    0.00    0.00    0.00    0.00    0.00    0.00    0.00    0.00   51.49
09:24:07 AM  235   49.00    0.00    0.00    0.00    0.00    0.00    0.00    0.00    0.00   51.00
09:24:07 AM  236   48.00    0.00    0.00    0.00    0.00    0.00    0.00    0.00    0.00   52.00
09:24:07 AM  237   41.58    0.00    0.00    0.00    0.00    0.00    0.00    0.00    0.00   58.42
09:24:07 AM  238   48.51    0.00    0.00    0.00    0.00    0.00    0.00    0.00    0.00   51.49
09:24:07 AM  239   43.00    0.00    0.00    0.00    0.00    0.00    0.00    0.00    0.00   57.00
09:24:07 AM  240   51.00    0.00    0.00    0.00    0.00    0.00    0.00    0.00    0.00   49.00
09:24:07 AM  241   30.00    0.00    0.00    0.00    0.00    0.00    0.00    0.00    0.00   70.00
09:24:07 AM  242   51.52    0.00    0.00    0.00    0.00    0.00    0.00    0.00    0.00   48.48
09:24:07 AM  243   52.00    0.00    0.00    0.00    0.00    0.00    0.00    0.00    0.00   48.00
09:24:07 AM  244   52.00    0.00    0.00    0.00    0.00    0.00    0.00    0.00    0.00   48.00
09:24:07 AM  245   46.00    0.00    0.00    0.00    0.00    0.00    0.00    0.00    0.00   54.00
09:24:07 AM  246   51.00    0.00    0.00    0.00    0.00    0.00    0.00    0.00    0.00   49.00
09:24:07 AM  247   43.00    0.00    0.00    0.00    0.00    0.00    0.00    0.00    0.00   57.00
09:24:07 AM  248   56.00    0.00    0.00    0.00    0.00    0.00    0.00    0.00    0.00   44.00
09:24:07 AM  249   32.00    0.00    0.00    0.00    0.00    0.00    0.00    0.00    0.00   68.00
09:24:07 AM  250   56.00    0.00    0.00    0.00    0.00    0.00    0.00    0.00    0.00   44.00
09:24:07 AM  251   56.57    0.00    0.00    0.00    0.00    0.00    0.00    0.00    0.00   43.43
09:24:07 AM  252   56.00    0.00    0.00    0.00    0.00    0.00    0.00    0.00    0.00   44.00
09:24:07 AM  253   55.00    0.00    0.00    0.00    0.00    0.00    0.00    0.00    0.00   45.00
09:24:07 AM  254   56.00    0.00    0.00    0.00    0.00    0.00    0.00    0.00    0.00   44.00
09:24:07 AM  255   54.00    0.00    0.00    0.00    0.00    0.00    0.00    0.00    0.00   46.00

09:24:07 AM  CPU    %usr   %nice    %sys %iowait    %irq   %soft  %steal  %guest  %gnice   %idle
09:24:08 AM  all    0.00    0.00    0.39    0.00    0.00    0.00    0.00    0.00    0.00   99.61
09:24:08 AM    0    0.00    0.00    0.00    0.00    0.00    0.00    0.00    0.00    0.00  100.00
09:24:08 AM    1    0.00    0.00    0.00    0.00    0.00    0.00    0.00    0.00    0.00  100.00
09:24:08 AM    2    0.00    0.00    0.00    0.00    0.00    0.00    0.00    0.00    0.00  100.00
09:24:08 AM    3    0.00    0.00    0.00    0.00    0.00    0.00    0.00    0.00    0.00  100.00
09:24:08 AM    4    0.00    0.00    0.00    0.00    0.00    0.00    0.00    0.00    0.00  100.00
09:24:08 AM    5    0.00    0.00    0.00    0.00    0.00    0.00    0.00    0.00    0.00  100.00
09:24:08 AM    6    0.00    0.00    0.00    0.00    0.00    0.00    0.00    0.00    0.00  100.00
09:24:08 AM    7    0.00    0.00    0.00    0.00    0.00    0.00    0.00    0.00    0.00  100.00
09:24:08 AM    8    0.00    0.00    0.00    0.00    0.00    0.00    0.00    0.00    0.00  100.00
09:24:08 AM    9    0.00    0.00    0.00    0.00    0.00    0.00    0.00    0.00    0.00  100.00
09:24:08 AM   10    0.00    0.00    0.00    0.00    0.00    0.00    0.00    0.00    0.00  100.00
09:24:08 AM   11    0.00    0.00    0.00    0.00    0.00    0.00    0.00    0.00    0.00  100.00
09:24:08 AM   12    0.00    0.00    0.00    0.00    0.00    0.00    0.00    0.00    0.00  100.00
09:24:08 AM   13    0.00    0.00    0.00    0.00    0.00    0.00    0.00    0.00    0.00  100.00
09:24:08 AM   14    0.00    0.00    0.00    0.00    0.00    0.00    0.00    0.00    0.00  100.00
09:24:08 AM   15    0.00    0.00    0.00    0.00    0.00    0.00    0.00    0.00    0.00  100.00
09:24:08 AM   16    0.00    0.00    0.00    0.00    0.00    0.00    0.00    0.00    0.00  100.00
09:24:08 AM   17    0.00    0.00    0.00    0.00    0.00    0.00    0.00    0.00    0.00  100.00
09:24:08 AM   18    0.00    0.00    0.00    0.00    0.00    0.00    0.00    0.00    0.00  100.00
09:24:08 AM   19    0.00    0.00    0.00    0.00    0.00    0.00    0.00    0.00    0.00  100.00
09:24:08 AM   20    0.00    0.00    0.00    0.00    0.00    0.00    0.00    0.00    0.00  100.00
09:24:08 AM   21    0.00    0.00    0.00    0.00    0.00    0.00    0.00    0.00    0.00  100.00
09:24:08 AM   22    0.00    0.00    0.00    0.00    0.00    0.00    0.00    0.00    0.00  100.00
09:24:08 AM   23    0.00    0.00    0.00    0.00    0.00    0.00    0.00    0.00    0.00  100.00
09:24:08 AM   24    0.00    0.00    0.00    0.00    0.00    0.00    0.00    0.00    0.00  100.00
09:24:08 AM   25    0.00    0.00    0.00    0.00    0.00    0.00    0.00    0.00    0.00  100.00
09:24:08 AM   26    0.00    0.00    0.00    0.00    0.00    0.00    0.00    0.00    0.00  100.00
09:24:08 AM   27    0.00    0.00    0.00    0.00    0.00    0.00    0.00    0.00    0.00  100.00
09:24:08 AM   28    0.00    0.00    0.00    0.00    0.00    0.00    0.00    0.00    0.00  100.00
09:24:08 AM   29    0.00    0.00    0.00    0.00    0.00    0.00    0.00    0.00    0.00  100.00
09:24:08 AM   30    0.00    0.00    0.00    0.00    0.00    0.00    0.00    0.00    0.00  100.00
09:24:08 AM   31    0.00    0.00    0.00    0.00    0.00    0.00    0.00    0.00    0.00  100.00
09:24:08 AM   32    0.00    0.00    0.00    0.00    0.00    0.00    0.00    0.00    0.00  100.00
09:24:08 AM   33    0.00    0.00    0.00    0.00    0.00    0.00    0.00    0.00    0.00  100.00
09:24:08 AM   34    0.00    0.00  100.00    0.00    0.00    0.00    0.00    0.00    0.00    0.00
09:24:08 AM   35    0.00    0.00    0.00    0.00    0.00    0.00    0.00    0.00    0.00  100.00
09:24:08 AM   36    0.00    0.00    0.00    0.00    0.00    0.00    0.00    0.00    0.00  100.00
09:24:08 AM   37    0.00    0.00    0.00    0.00    0.00    0.00    0.00    0.00    0.00  100.00
09:24:08 AM   38    0.00    0.00    0.00    0.00    0.00    0.00    0.00    0.00    0.00  100.00
09:24:08 AM   39    0.00    0.00    0.00    0.00    0.00    0.00    0.00    0.00    0.00  100.00
09:24:08 AM   40    0.00    0.00    0.00    0.00    0.00    0.00    0.00    0.00    0.00  100.00
09:24:08 AM   41    0.00    0.00    0.00    0.00    0.00    0.00    0.00    0.00    0.00  100.00
09:24:08 AM   42    0.00    0.00    0.00    0.00    0.00    0.00    0.00    0.00    0.00  100.00
09:24:08 AM   43    0.00    0.00    0.00    0.00    0.00    0.00    0.00    0.00    0.00  100.00
09:24:08 AM   44    0.00    0.00    0.00    0.00    0.00    0.00    0.00    0.00    0.00  100.00
09:24:08 AM   45    0.00    0.00    0.00    0.00    0.00    0.00    0.00    0.00    0.00  100.00
09:24:08 AM   46    0.00    0.00    0.00    0.00    0.00    0.00    0.00    0.00    0.00  100.00
09:24:08 AM   47    0.00    0.00    0.00    0.00    0.00    0.00    0.00    0.00    0.00  100.00
09:24:08 AM   48    0.00    0.00    0.00    0.00    0.00    0.00    0.00    0.00    0.00  100.00
09:24:08 AM   49    0.00    0.00    0.00    0.00    0.00    0.00    0.00    0.00    0.00  100.00
09:24:08 AM   50    0.00    0.00    0.00    0.00    0.00    0.00    0.00    0.00    0.00  100.00
09:24:08 AM   51    0.00    0.00    0.00    0.00    0.00    0.00    0.00    0.00    0.00  100.00
09:24:08 AM   52    0.00    0.00    0.00    0.00    0.00    0.00    0.00    0.00    0.00  100.00
09:24:08 AM   53    0.00    0.00    0.00    0.00    0.00    0.00    0.00    0.00    0.00  100.00
09:24:08 AM   54    0.00    0.00    0.00    0.00    0.00    0.00    0.00    0.00    0.00  100.00
09:24:08 AM   55    0.00    0.00    0.00    0.00    0.00    0.00    0.00    0.00    0.00  100.00
09:24:08 AM   56    0.00    0.00    0.00    0.00    0.00    0.00    0.00    0.00    0.00  100.00
09:24:08 AM   57    0.00    0.00    0.00    0.00    0.00    0.00    0.00    0.00    0.00  100.00
09:24:08 AM   58    0.00    0.00    0.00    0.00    0.00    0.00    0.00    0.00    0.00  100.00
09:24:08 AM   59    0.00    0.00    0.00    0.00    0.00    0.00    0.00    0.00    0.00  100.00
09:24:08 AM   60    0.00    0.00    0.00    0.00    0.00    0.00    0.00    0.00    0.00  100.00
09:24:08 AM   61    0.00    0.00    0.00    0.00    0.00    0.00    0.00    0.00    0.00  100.00
09:24:08 AM   62    0.00    0.00    0.00    0.00    0.00    0.00    0.00    0.00    0.00  100.00
09:24:08 AM   63    0.00    0.00    0.00    0.00    0.00    0.00    0.00    0.00    0.00  100.00
09:24:08 AM   64    0.00    0.00    0.00    0.00    0.00    0.00    0.00    0.00    0.00  100.00
09:24:08 AM   65    0.00    0.00    0.00    0.00    0.00    0.00    0.00    0.00    0.00  100.00
09:24:08 AM   66    0.00    0.00    0.00    0.00    0.00    0.00    0.00    0.00    0.00  100.00
09:24:08 AM   67    0.00    0.00    0.00    0.00    0.00    0.00    0.00    0.00    0.00  100.00
09:24:08 AM   68    0.00    0.00    0.00    0.00    0.00    0.00    0.00    0.00    0.00  100.00
09:24:08 AM   69    0.00    0.00    0.00    0.00    0.00    0.00    0.00    0.00    0.00  100.00
09:24:08 AM   70    0.00    0.00    0.00    0.00    0.00    0.00    0.00    0.00    0.00  100.00
09:24:08 AM   71    0.00    0.00    0.00    0.00    0.00    0.00    0.00    0.00    0.00  100.00
09:24:08 AM   72    0.00    0.00    0.00    0.00    0.00    0.00    0.00    0.00    0.00  100.00
09:24:08 AM   73    0.00    0.00    0.00    0.00    0.00    0.00    0.00    0.00    0.00  100.00
09:24:08 AM   74    0.00    0.00    0.00    0.00    0.00    0.00    0.00    0.00    0.00  100.00
09:24:08 AM   75    0.00    0.00    0.00    0.00    0.00    0.00    0.00    0.00    0.00  100.00
09:24:08 AM   76    0.00    0.00    0.00    0.00    0.00    0.00    0.00    0.00    0.00  100.00
09:24:08 AM   77    0.00    0.00    0.00    0.00    0.00    0.00    0.00    0.00    0.00  100.00
09:24:08 AM   78    0.00    0.00    0.00    0.00    0.00    0.00    0.00    0.00    0.00  100.00
09:24:08 AM   79    0.00    0.00    0.00    0.00    0.00    0.00    0.00    0.00    0.00  100.00
09:24:08 AM   80    0.00    0.00    0.00    0.00    0.00    0.00    0.00    0.00    0.00  100.00
09:24:08 AM   81    0.00    0.00    0.00    0.00    0.00    0.00    0.00    0.00    0.00  100.00
09:24:08 AM   82    0.00    0.00    0.00    0.00    0.00    0.00    0.00    0.00    0.00  100.00
09:24:08 AM   83    0.00    0.00    0.00    0.00    0.00    0.00    0.00    0.00    0.00  100.00
09:24:08 AM   84    0.00    0.00    0.00    0.00    0.00    0.00    0.00    0.00    0.00  100.00
09:24:08 AM   85    0.00    0.00    0.00    0.00    0.00    0.00    0.00    0.00    0.00  100.00
09:24:08 AM   86    0.00    0.00    0.00    0.00    0.00    0.00    0.00    0.00    0.00  100.00
09:24:08 AM   87    0.00    0.00    0.00    0.00    0.00    0.00    0.00    0.00    0.00  100.00
09:24:08 AM   88    0.00    0.00    0.00    0.00    0.00    0.00    0.00    0.00    0.00  100.00
09:24:08 AM   89    0.00    0.00    0.00    0.00    0.00    0.00    0.00    0.00    0.00  100.00
09:24:08 AM   90    0.00    0.00    0.00    0.00    0.00    0.00    0.00    0.00    0.00  100.00
09:24:08 AM   91    0.00    0.00    0.00    0.00    0.00    0.00    0.00    0.00    0.00  100.00
09:24:08 AM   92    0.00    0.00    0.00    0.00    0.00    0.00    0.00    0.00    0.00  100.00
09:24:08 AM   93    0.00    0.00    0.00    0.00    0.00    0.00    0.00    0.00    0.00  100.00
09:24:08 AM   94    0.00    0.00    0.00    0.00    0.00    0.00    0.00    0.00    0.00  100.00
09:24:08 AM   95    0.00    0.00    0.00    0.00    0.00    0.00    0.00    0.00    0.00  100.00
09:24:08 AM   96    0.00    0.00    0.00    0.00    0.00    0.00    0.00    0.00    0.00  100.00
09:24:08 AM   97    0.00    0.00    0.00    0.00    0.00    0.00    0.00    0.00    0.00  100.00
09:24:08 AM   98    0.00    0.00    0.00    0.00    0.00    0.00    0.00    0.00    0.00  100.00
09:24:08 AM   99    0.00    0.00    0.00    0.00    0.00    0.00    0.00    0.00    0.00  100.00
09:24:08 AM  100    0.00    0.00    0.00    0.00    0.00    0.00    0.00    0.00    0.00  100.00
09:24:08 AM  101    0.00    0.00    0.00    0.00    0.00    0.00    0.00    0.00    0.00  100.00
09:24:08 AM  102    0.00    0.00    0.00    0.00    0.00    0.00    0.00    0.00    0.00  100.00
09:24:08 AM  103    0.00    0.00    0.00    0.00    0.00    0.00    0.00    0.00    0.00  100.00
09:24:08 AM  104    0.00    0.00    0.00    0.00    0.00    0.00    0.00    0.00    0.00  100.00
09:24:08 AM  105    0.00    0.00    0.00    0.00    0.00    0.00    0.00    0.00    0.00  100.00
09:24:08 AM  106    0.00    0.00    0.00    0.00    0.00    0.00    0.00    0.00    0.00  100.00
09:24:08 AM  107    0.00    0.00    0.00    0.00    0.00    0.00    0.00    0.00    0.00  100.00
09:24:08 AM  108    0.00    0.00    0.00    0.00    0.00    0.00    0.00    0.00    0.00  100.00
09:24:08 AM  109    0.00    0.00    0.00    0.00    0.00    0.00    0.00    0.00    0.00  100.00
09:24:08 AM  110    0.00    0.00    0.00    0.00    0.00    0.00    0.00    0.00    0.00  100.00
09:24:08 AM  111    0.00    0.00    0.00    0.00    0.00    0.00    0.00    0.00    0.00  100.00
09:24:08 AM  112    0.00    0.00    0.00    0.00    0.00    0.00    0.00    0.00    0.00  100.00
09:24:08 AM  113    0.00    0.00    0.00    0.00    0.00    0.00    0.00    0.00    0.00  100.00
09:24:08 AM  114    0.00    0.00    0.00    0.00    0.00    0.00    0.00    0.00    0.00  100.00
09:24:08 AM  115    0.00    0.00    0.00    0.00    0.00    0.00    0.00    0.00    0.00  100.00
09:24:08 AM  116    0.00    0.00    0.00    0.00    0.00    0.00    0.00    0.00    0.00  100.00
09:24:08 AM  117    0.00    0.00    0.00    0.00    0.00    0.00    0.00    0.00    0.00  100.00
09:24:08 AM  118    0.00    0.00    0.00    0.00    0.00    0.00    0.00    0.00    0.00  100.00
09:24:08 AM  119    0.00    0.00    0.00    0.00    0.00    0.00    0.00    0.00    0.00  100.00
09:24:08 AM  120    0.00    0.00    0.00    0.00    0.00    0.00    0.00    0.00    0.00  100.00
09:24:08 AM  121    0.00    0.00    0.00    0.00    0.00    0.00    0.00    0.00    0.00  100.00
09:24:08 AM  122    0.00    0.00    0.00    0.00    0.00    0.00    0.00    0.00    0.00  100.00
09:24:08 AM  123    0.00    0.00    0.00    0.00    0.00    0.00    0.00    0.00    0.00  100.00
09:24:08 AM  124    0.00    0.00    0.00    0.00    0.00    0.00    0.00    0.00    0.00  100.00
09:24:08 AM  125    0.00    0.00    0.00    0.00    0.00    0.00    0.00    0.00    0.00  100.00
09:24:08 AM  126    0.00    0.00    0.00    0.00    0.00    0.00    0.00    0.00    0.00  100.00
09:24:08 AM  127    0.00    0.00    0.00    0.00    0.00    0.00    0.00    0.00    0.00  100.00
09:24:08 AM  128    0.00    0.00    0.00    0.00    0.00    0.00    0.00    0.00    0.00  100.00
09:24:08 AM  129    0.00    0.00    0.00    0.00    0.00    0.00    0.00    0.00    0.00  100.00
09:24:08 AM  130    0.00    0.00    0.00    0.00    0.00    0.00    0.00    0.00    0.00  100.00
09:24:08 AM  131    0.00    0.00    0.00    0.00    0.00    0.00    0.00    0.00    0.00  100.00
09:24:08 AM  132    0.00    0.00    0.00    0.00    0.00    0.00    0.00    0.00    0.00  100.00
09:24:08 AM  133    0.00    0.00    0.00    0.00    0.00    0.00    0.00    0.00    0.00  100.00
09:24:08 AM  134    0.00    0.00    0.00    0.00    0.00    0.00    0.00    0.00    0.00  100.00
09:24:08 AM  135    0.00    0.00    0.00    0.00    0.00    0.00    0.00    0.00    0.00  100.00
09:24:08 AM  136    0.00    0.00    0.00    0.00    0.00    0.00    0.00    0.00    0.00  100.00
09:24:08 AM  137    0.00    0.00    0.00    0.00    0.00    0.00    0.00    0.00    0.00  100.00
09:24:08 AM  138    0.00    0.00    0.00    0.00    0.00    0.00    0.00    0.00    0.00  100.00
09:24:08 AM  139    0.00    0.00    0.00    0.00    0.00    0.00    0.00    0.00    0.00  100.00
09:24:08 AM  140    0.00    0.00    0.00    0.00    0.00    0.00    0.00    0.00    0.00  100.00
09:24:08 AM  141    0.00    0.00    0.00    0.00    0.00    0.00    0.00    0.00    0.00  100.00
09:24:08 AM  142    0.00    0.00    0.00    0.00    0.00    0.00    0.00    0.00    0.00  100.00
09:24:08 AM  143    0.00    0.00    0.00    0.00    0.00    0.00    0.00    0.00    0.00  100.00
09:24:08 AM  144    0.00    0.00    0.00    0.00    0.00    0.00    0.00    0.00    0.00  100.00
09:24:08 AM  145    0.00    0.00    0.00    0.00    0.00    0.00    0.00    0.00    0.00  100.00
09:24:08 AM  146    0.00    0.00    0.00    0.00    0.00    0.00    0.00    0.00    0.00  100.00
09:24:08 AM  147    0.00    0.00    0.00    0.00    0.00    0.00    0.00    0.00    0.00  100.00
09:24:08 AM  148    0.00    0.00    0.00    0.00    0.00    0.00    0.00    0.00    0.00  100.00
09:24:08 AM  149    0.00    0.00    0.00    0.00    0.00    0.00    0.00    0.00    0.00  100.00
09:24:08 AM  150    0.00    0.00    0.00    0.00    0.00    0.00    0.00    0.00    0.00  100.00
09:24:08 AM  151    0.00    0.00    0.00    0.00    0.00    0.00    0.00    0.00    0.00  100.00
09:24:08 AM  152    0.00    0.00    0.00    0.00    0.00    0.00    0.00    0.00    0.00  100.00
09:24:08 AM  153    0.00    0.00    0.00    0.00    0.00    0.00    0.00    0.00    0.00  100.00
09:24:08 AM  154    0.00    0.00    0.00    0.00    0.00    0.00    0.00    0.00    0.00  100.00
09:24:08 AM  155    0.00    0.00    0.00    0.00    0.00    0.00    0.00    0.00    0.00  100.00
09:24:08 AM  156    0.00    0.00    0.00    0.00    0.00    0.00    0.00    0.00    0.00  100.00
09:24:08 AM  157    0.00    0.00    0.00    0.00    0.00    0.00    0.00    0.00    0.00  100.00
09:24:08 AM  158    0.00    0.00    0.00    0.00    0.00    0.00    0.00    0.00    0.00  100.00
09:24:08 AM  159    0.00    0.00    0.00    0.00    0.00    0.00    0.00    0.00    0.00  100.00
09:24:08 AM  160    0.00    0.00    0.00    0.00    0.00    0.00    0.00    0.00    0.00  100.00
09:24:08 AM  161    0.00    0.00    0.00    0.00    0.00    0.00    0.00    0.00    0.00  100.00
09:24:08 AM  162    0.00    0.00    0.00    0.00    0.00    0.00    0.00    0.00    0.00  100.00
09:24:08 AM  163    0.00    0.00    0.00    0.00    0.00    0.00    0.00    0.00    0.00  100.00
09:24:08 AM  164    0.00    0.00    0.00    0.00    0.00    0.00    0.00    0.00    0.00  100.00
09:24:08 AM  165    0.00    0.00    0.00    0.00    0.00    0.00    0.00    0.00    0.00  100.00
09:24:08 AM  166    0.00    0.00    0.00    0.00    0.00    0.00    0.00    0.00    0.00  100.00
09:24:08 AM  167    0.00    0.00    0.00    0.00    0.00    0.00    0.00    0.00    0.00  100.00
09:24:08 AM  168    0.00    0.00    0.00    0.00    0.00    0.00    0.00    0.00    0.00  100.00
09:24:08 AM  169    0.00    0.00    0.00    0.00    0.00    0.00    0.00    0.00    0.00  100.00
09:24:08 AM  170    0.00    0.00    0.00    0.00    0.00    0.00    0.00    0.00    0.00  100.00
09:24:08 AM  171    0.00    0.00    0.00    0.00    0.00    0.00    0.00    0.00    0.00  100.00
09:24:08 AM  172    0.00    0.00    0.00    0.00    0.00    0.00    0.00    0.00    0.00  100.00
09:24:08 AM  173    0.00    0.00    0.00    0.00    0.00    0.00    0.00    0.00    0.00  100.00
09:24:08 AM  174    0.00    0.00    0.00    0.00    0.00    0.00    0.00    0.00    0.00  100.00
09:24:08 AM  175    0.00    0.00    0.00    0.00    0.00    0.00    0.00    0.00    0.00  100.00
09:24:08 AM  176    0.00    0.00    0.00    0.00    0.00    0.00    0.00    0.00    0.00  100.00
09:24:08 AM  177    0.00    0.00    0.00    0.00    0.00    0.00    0.00    0.00    0.00  100.00
09:24:08 AM  178    0.00    0.00    0.00    0.00    0.00    0.00    0.00    0.00    0.00  100.00
09:24:08 AM  179    0.00    0.00    0.00    0.00    0.00    0.00    0.00    0.00    0.00  100.00
09:24:08 AM  180    0.00    0.00    0.00    0.00    0.00    0.00    0.00    0.00    0.00  100.00
09:24:08 AM  181    0.00    0.00    0.00    0.00    0.00    0.00    0.00    0.00    0.00  100.00
09:24:08 AM  182    0.00    0.00    0.00    0.00    0.00    0.00    0.00    0.00    0.00  100.00
09:24:08 AM  183    0.00    0.00    0.00    0.00    0.00    0.00    0.00    0.00    0.00  100.00
09:24:08 AM  184    0.00    0.00    0.00    0.00    0.00    0.00    0.00    0.00    0.00  100.00
09:24:08 AM  185    0.00    0.00    0.00    0.00    0.00    0.00    0.00    0.00    0.00  100.00
09:24:08 AM  186    0.00    0.00    0.00    0.00    0.00    0.00    0.00    0.00    0.00  100.00
09:24:08 AM  187    0.00    0.00    0.00    0.00    0.00    0.00    0.00    0.00    0.00  100.00
09:24:08 AM  188    0.00    0.00    0.00    0.00    0.00    0.00    0.00    0.00    0.00  100.00
09:24:08 AM  189    0.00    0.00    0.00    0.00    0.00    0.00    0.00    0.00    0.00  100.00
09:24:08 AM  190    0.00    0.00    0.00    0.00    0.00    0.00    0.00    0.00    0.00  100.00
09:24:08 AM  191    0.00    0.00    0.00    0.00    0.00    0.00    0.00    0.00    0.00  100.00
09:24:08 AM  192    0.00    0.00    0.00    0.00    0.00    0.00    0.00    0.00    0.00  100.00
09:24:08 AM  193    0.00    0.00    0.00    0.00    0.00    0.00    0.00    0.00    0.00  100.00
09:24:08 AM  194    0.00    0.00    0.00    0.00    0.00    0.00    0.00    0.00    0.00  100.00
09:24:08 AM  195    0.00    0.00    0.00    0.00    0.00    0.00    0.00    0.00    0.00  100.00
09:24:08 AM  196    0.00    0.00    0.00    0.00    0.00    0.00    0.00    0.00    0.00  100.00
09:24:08 AM  197    0.00    0.00    0.00    0.00    0.00    0.00    0.00    0.00    0.00  100.00
09:24:08 AM  198    0.00    0.00    0.00    0.00    0.00    0.00    0.00    0.00    0.00  100.00
09:24:08 AM  199    0.00    0.00    0.00    0.00    0.00    0.00    0.00    0.00    0.00  100.00
09:24:08 AM  200    0.00    0.00    0.00    0.00    0.00    0.00    0.00    0.00    0.00  100.00
09:24:08 AM  201    0.00    0.00    0.00    0.00    0.00    0.00    0.00    0.00    0.00  100.00
09:24:08 AM  202    0.00    0.00    0.00    0.00    0.00    0.00    0.00    0.00    0.00  100.00
09:24:08 AM  203    0.00    0.00    0.00    0.00    0.00    0.00    0.00    0.00    0.00  100.00
09:24:08 AM  204    0.00    0.00    1.00    0.00    0.00    0.00    0.00    0.00    0.00   99.00
09:24:08 AM  205    0.00    0.00    0.00    0.00    0.00    0.00    0.00    0.00    0.00  100.00
09:24:08 AM  206    0.00    0.00    0.00    0.00    0.00    0.00    0.00    0.00    0.00  100.00
09:24:08 AM  207    0.00    0.00    0.00    0.00    0.00    0.00    0.00    0.00    0.00  100.00
09:24:08 AM  208    0.00    0.00    0.00    0.00    0.00    0.00    0.00    0.00    0.00  100.00
09:24:08 AM  209    0.00    0.00    0.00    0.00    0.00    0.00    0.00    0.00    0.00  100.00
09:24:08 AM  210    0.00    0.00    0.00    0.00    0.00    0.00    0.00    0.00    0.00  100.00
09:24:08 AM  211    0.00    0.00    0.00    0.00    0.00    0.00    0.00    0.00    0.00  100.00
09:24:08 AM  212    0.00    0.00    0.00    0.00    0.00    0.00    0.00    0.00    0.00  100.00
09:24:08 AM  213    0.00    0.00    0.00    0.00    0.00    0.00    0.00    0.00    0.00  100.00
09:24:08 AM  214    0.00    0.00    0.00    0.00    0.00    0.00    0.00    0.00    0.00  100.00
09:24:08 AM  215    0.00    0.00    0.00    0.00    0.00    0.00    0.00    0.00    0.00  100.00
09:24:08 AM  216    0.00    0.00    0.00    0.00    0.00    0.00    0.00    0.00    0.00  100.00
09:24:08 AM  217    0.00    0.00    0.00    0.00    0.00    0.00    0.00    0.00    0.00  100.00
09:24:08 AM  218    0.00    0.00    0.00    0.00    0.00    0.00    0.00    0.00    0.00  100.00
09:24:08 AM  219    0.00    0.00    0.00    0.00    0.00    0.00    0.00    0.00    0.00  100.00
09:24:08 AM  220    0.00    0.00    0.00    0.00    0.00    0.00    0.00    0.00    0.00  100.00
09:24:08 AM  221    0.00    0.00    0.00    0.00    0.00    0.00    0.00    0.00    0.00  100.00
09:24:08 AM  222    0.00    0.00    0.00    0.00    0.00    0.00    0.00    0.00    0.00  100.00
09:24:08 AM  223    0.00    0.00    0.00    0.00    0.00    0.00    0.00    0.00    0.00  100.00
09:24:08 AM  224    0.00    0.00    0.00    0.00    0.00    0.00    0.00    0.00    0.00  100.00
09:24:08 AM  225    0.00    0.00    0.00    0.00    0.00    0.00    0.00    0.00    0.00  100.00
09:24:08 AM  226    0.00    0.00    0.00    0.00    0.00    0.00    0.00    0.00    0.00  100.00
09:24:08 AM  227    0.00    0.00    0.00    0.00    0.00    0.00    0.00    0.00    0.00  100.00
09:24:08 AM  228    0.00    0.00    0.00    0.00    0.00    0.00    0.00    0.00    0.00  100.00
09:24:08 AM  229    0.00    0.00    0.00    0.00    0.00    0.00    0.00    0.00    0.00  100.00
09:24:08 AM  230    0.00    0.00    0.00    0.00    0.00    0.00    0.00    0.00    0.00  100.00
09:24:08 AM  231    0.00    0.00    0.00    0.00    0.00    0.00    0.00    0.00    0.00  100.00
09:24:08 AM  232    0.00    0.00    0.00    0.00    0.00    0.00    0.00    0.00    0.00  100.00
09:24:08 AM  233    0.00    0.00    0.00    0.00    0.00    0.00    0.00    0.00    0.00  100.00
09:24:08 AM  234    0.00    0.00    0.00    0.00    0.00    0.00    0.00    0.00    0.00  100.00
09:24:08 AM  235    0.00    0.00    0.00    0.00    0.00    0.00    0.00    0.00    0.00  100.00
09:24:08 AM  236    0.00    0.00    0.00    0.00    0.00    0.00    0.00    0.00    0.00  100.00
09:24:08 AM  237    0.00    0.00    0.00    0.00    0.00    0.00    0.00    0.00    0.00  100.00
09:24:08 AM  238    0.00    0.00    0.00    0.00    0.00    0.00    0.00    0.00    0.00  100.00
09:24:08 AM  239    0.00    0.00    0.00    0.00    0.00    0.00    0.00    0.00    0.00  100.00
09:24:08 AM  240    0.00    0.00    0.00    0.00    0.00    0.00    0.00    0.00    0.00  100.00
09:24:08 AM  241    0.00    0.00    0.00    0.00    0.00    0.00    0.00    0.00    0.00  100.00
09:24:08 AM  242    0.00    0.00    0.00    0.00    0.00    0.00    0.00    0.00    0.00  100.00
09:24:08 AM  243    0.00    0.00    0.00    0.00    0.00    0.00    0.00    0.00    0.00  100.00
09:24:08 AM  244    0.00    0.00    0.00    0.00    0.00    0.00    0.00    0.00    0.00  100.00
09:24:08 AM  245    0.00    0.00    0.00    0.00    0.00    0.00    0.00    0.00    0.00  100.00
09:24:08 AM  246    0.00    0.00    0.00    0.00    0.00    0.00    0.00    0.00    0.00  100.00
09:24:08 AM  247    0.00    0.00    0.00    0.00    0.00    0.00    0.00    0.00    0.00  100.00
09:24:08 AM  248    0.00    0.00    0.00    0.00    0.00    0.00    0.00    0.00    0.00  100.00
09:24:08 AM  249    0.00    0.00    0.00    0.00    0.00    0.00    0.00    0.00    0.00  100.00
09:24:08 AM  250    0.00    0.00    0.00    0.00    0.00    0.00    0.00    0.00    0.00  100.00
09:24:08 AM  251    0.00    0.00    0.00    0.00    0.00    0.00    0.00    0.00    0.00  100.00
09:24:08 AM  252    0.00    0.00    0.00    0.00    0.00    0.00    0.00    0.00    0.00  100.00
09:24:08 AM  253    0.00    0.00    0.00    0.00    0.00    0.00    0.00    0.00    0.00  100.00
09:24:08 AM  254    0.00    0.00    0.00    0.00    0.00    0.00    0.00    0.00    0.00  100.00
09:24:08 AM  255    0.00    0.00    0.00    0.00    0.00    0.00    0.00    0.00    0.00  100.00

09:24:08 AM  CPU    %usr   %nice    %sys %iowait    %irq   %soft  %steal  %guest  %gnice   %idle
09:24:09 AM  all    0.00    0.00    0.39    0.02    0.00    0.00    0.00    0.00    0.00   99.59
09:24:09 AM    0    0.00    0.00    0.00    0.00    0.00    0.00    0.00    0.00    0.00  100.00
09:24:09 AM    1    0.00    0.00    0.00    0.00    0.00    0.00    0.00    0.00    0.00  100.00
09:24:09 AM    2    0.00    0.00    0.00    0.00    0.00    0.00    0.00    0.00    0.00  100.00
09:24:09 AM    3    0.00    0.00    0.00    0.00    0.00    0.00    0.00    0.00    0.00  100.00
09:24:09 AM    4    0.00    0.00    0.00    0.00    0.00    0.00    0.00    0.00    0.00  100.00
09:24:09 AM    5    0.00    0.00    0.00    0.00    0.00    0.00    0.00    0.00    0.00  100.00
09:24:09 AM    6    0.00    0.00    0.00    0.00    0.00    0.00    0.00    0.00    0.00  100.00
09:24:09 AM    7    0.00    0.00    0.00    0.00    0.00    0.00    0.00    0.00    0.00  100.00
09:24:09 AM    8    0.00    0.00    0.00    0.00    0.00    0.00    0.00    0.00    0.00  100.00
09:24:09 AM    9    0.00    0.00    0.00    0.00    0.00    0.00    0.00    0.00    0.00  100.00
09:24:09 AM   10    0.00    0.00    0.00    0.00    0.00    0.00    0.00    0.00    0.00  100.00
09:24:09 AM   11    0.00    0.00    0.00    0.00    0.00    0.00    0.00    0.00    0.00  100.00
09:24:09 AM   12    0.00    0.00    0.00    0.00    0.00    0.00    0.00    0.00    0.00  100.00
09:24:09 AM   13    0.00    0.00    0.00    0.00    0.00    0.00    0.00    0.00    0.00  100.00
09:24:09 AM   14    0.00    0.00    0.00    0.00    0.00    0.00    0.00    0.00    0.00  100.00
09:24:09 AM   15    0.00    0.00    0.00    0.00    0.00    0.00    0.00    0.00    0.00  100.00
09:24:09 AM   16    0.00    0.00    0.00    0.00    0.00    0.00    0.00    0.00    0.00  100.00
09:24:09 AM   17    0.00    0.00    0.00    0.00    0.00    0.00    0.00    0.00    0.00  100.00
09:24:09 AM   18    0.00    0.00    0.00    0.00    0.00    0.00    0.00    0.00    0.00  100.00
09:24:09 AM   19    0.00    0.00    0.00    0.00    0.00    0.00    0.00    0.00    0.00  100.00
09:24:09 AM   20    0.00    0.00    0.00    0.00    0.00    0.00    0.00    0.00    0.00  100.00
09:24:09 AM   21    0.00    0.00    0.00    0.00    0.00    0.00    0.00    0.00    0.00  100.00
09:24:09 AM   22    0.00    0.00    0.00    0.00    0.00    0.00    0.00    0.00    0.00  100.00
09:24:09 AM   23    0.00    0.00    0.00    0.00    0.00    0.00    0.00    0.00    0.00  100.00
09:24:09 AM   24    0.00    0.00    0.00    0.00    0.00    0.00    0.00    0.00    0.00  100.00
09:24:09 AM   25    0.00    0.00    0.00    0.00    0.00    0.00    0.00    0.00    0.00  100.00
09:24:09 AM   26    0.00    0.00    0.00    0.00    0.00    0.00    0.00    0.00    0.00  100.00
09:24:09 AM   27    0.00    0.00    0.00    0.00    0.00    0.00    0.00    0.00    0.00  100.00
09:24:09 AM   28    0.00    0.00    0.00    0.00    0.00    0.00    0.00    0.00    0.00  100.00
09:24:09 AM   29    0.00    0.00    0.00    5.00    0.00    0.00    0.00    0.00    0.00   95.00
09:24:09 AM   30    0.00    0.00    0.00    0.00    0.00    0.00    0.00    0.00    0.00  100.00
09:24:09 AM   31    0.00    0.00    0.00    0.00    0.00    0.00    0.00    0.00    0.00  100.00
09:24:09 AM   32    0.00    0.00    0.00    0.00    0.00    0.00    0.00    0.00    0.00  100.00
09:24:09 AM   33    0.00    0.00    0.00    0.00    0.00    0.00    0.00    0.00    0.00  100.00
09:24:09 AM   34    0.00    0.00  100.00    0.00    0.00    0.00    0.00    0.00    0.00    0.00
09:24:09 AM   35    0.00    0.00    0.00    0.00    0.00    0.00    0.00    0.00    0.00  100.00
09:24:09 AM   36    0.00    0.00    0.00    0.00    0.00    0.00    0.00    0.00    0.00  100.00
09:24:09 AM   37    0.00    0.00    0.00    0.00    0.00    0.00    0.00    0.00    0.00  100.00
09:24:09 AM   38    0.00    0.00    0.00    0.00    0.00    0.00    0.00    0.00    0.00  100.00
09:24:09 AM   39    0.00    0.00    0.00    0.00    0.00    0.00    0.00    0.00    0.00  100.00
09:24:09 AM   40    0.00    0.00    0.00    0.00    0.00    0.00    0.00    0.00    0.00  100.00
09:24:09 AM   41    0.00    0.00    0.00    0.00    0.00    0.00    0.00    0.00    0.00  100.00
09:24:09 AM   42    0.00    0.00    0.00    0.00    0.00    0.00    0.00    0.00    0.00  100.00
09:24:09 AM   43    0.00    0.00    0.00    0.00    0.00    0.00    0.00    0.00    0.00  100.00
09:24:09 AM   44    0.00    0.00    0.00    0.00    0.00    0.00    0.00    0.00    0.00  100.00
09:24:09 AM   45    0.00    0.00    0.00    0.00    0.00    0.00    0.00    0.00    0.00  100.00
09:24:09 AM   46    0.00    0.00    0.00    0.00    0.00    0.00    0.00    0.00    0.00  100.00
09:24:09 AM   47    0.00    0.00    0.00    0.00    0.00    0.00    0.00    0.00    0.00  100.00
09:24:09 AM   48    0.00    0.00    0.00    0.00    0.00    0.00    0.00    0.00    0.00  100.00
09:24:09 AM   49    0.00    0.00    0.00    0.00    0.00    0.00    0.00    0.00    0.00  100.00
09:24:09 AM   50    0.00    0.00    0.00    0.00    0.00    0.00    0.00    0.00    0.00  100.00
09:24:09 AM   51    0.00    0.00    0.00    0.00    0.00    0.00    0.00    0.00    0.00  100.00
09:24:09 AM   52    0.00    0.00    0.00    0.00    0.00    0.00    0.00    0.00    0.00  100.00
09:24:09 AM   53    0.00    0.00    0.00    0.00    0.00    0.00    0.00    0.00    0.00  100.00
09:24:09 AM   54    0.00    0.00    0.00    0.00    0.00    0.00    0.00    0.00    0.00  100.00
09:24:09 AM   55    0.00    0.00    0.00    0.00    0.00    0.00    0.00    0.00    0.00  100.00
09:24:09 AM   56    0.00    0.00    0.00    0.00    0.00    0.00    0.00    0.00    0.00  100.00
09:24:09 AM   57    0.00    0.00    0.00    0.00    0.00    0.00    0.00    0.00    0.00  100.00
09:24:09 AM   58    0.00    0.00    0.00    0.00    0.00    0.00    0.00    0.00    0.00  100.00
09:24:09 AM   59    0.00    0.00    0.00    0.00    0.00    0.00    0.00    0.00    0.00  100.00
09:24:09 AM   60    0.00    0.00    0.00    0.00    0.00    0.00    0.00    0.00    0.00  100.00
09:24:09 AM   61    0.00    0.00    0.00    0.00    0.00    0.00    0.00    0.00    0.00  100.00
09:24:09 AM   62    0.00    0.00    0.00    0.00    0.00    0.00    0.00    0.00    0.00  100.00
09:24:09 AM   63    0.00    0.00    0.00    0.00    0.00    0.00    0.00    0.00    0.00  100.00
09:24:09 AM   64    0.00    0.00    0.00    0.00    0.00    0.00    0.00    0.00    0.00  100.00
09:24:09 AM   65    0.00    0.00    0.00    0.00    0.00    0.00    0.00    0.00    0.00  100.00
09:24:09 AM   66    0.00    0.00    0.00    0.00    0.00    0.00    0.00    0.00    0.00  100.00
09:24:09 AM   67    0.00    0.00    0.00    0.00    0.00    0.00    0.00    0.00    0.00  100.00
09:24:09 AM   68    0.00    0.00    0.00    0.00    0.00    0.00    0.00    0.00    0.00  100.00
09:24:09 AM   69    0.00    0.00    0.00    0.00    0.00    0.00    0.00    0.00    0.00  100.00
09:24:09 AM   70    0.00    0.00    0.00    0.00    0.00    0.00    0.00    0.00    0.00  100.00
09:24:09 AM   71    0.00    0.00    0.00    0.00    0.00    0.00    0.00    0.00    0.00  100.00
09:24:09 AM   72    0.00    0.00    0.00    0.00    0.00    0.00    0.00    0.00    0.00  100.00
09:24:09 AM   73    0.00    0.00    0.00    0.00    0.00    0.00    0.00    0.00    0.00  100.00
09:24:09 AM   74    0.00    0.00    0.00    0.00    0.00    0.00    0.00    0.00    0.00  100.00
09:24:09 AM   75    0.00    0.00    0.00    0.00    0.00    0.00    0.00    0.00    0.00  100.00
09:24:09 AM   76    0.00    0.00    0.00    0.00    0.00    0.00    0.00    0.00    0.00  100.00
09:24:09 AM   77    0.00    0.00    0.00    0.00    0.00    0.00    0.00    0.00    0.00  100.00
09:24:09 AM   78    0.00    0.00    0.00    0.00    0.00    0.00    0.00    0.00    0.00  100.00
09:24:09 AM   79    0.00    0.00    0.00    0.00    0.00    0.00    0.00    0.00    0.00  100.00
09:24:09 AM   80    0.00    0.00    0.00    0.00    0.00    0.00    0.00    0.00    0.00  100.00
09:24:09 AM   81    0.00    0.00    0.00    0.00    0.00    0.00    0.00    0.00    0.00  100.00
09:24:09 AM   82    0.00    0.00    0.00    0.00    0.00    0.00    0.00    0.00    0.00  100.00
09:24:09 AM   83    0.00    0.00    0.00    0.00    0.00    0.00    0.00    0.00    0.00  100.00
09:24:09 AM   84    0.00    0.00    0.00    0.00    0.00    0.00    0.00    0.00    0.00  100.00
09:24:09 AM   85    0.00    0.00    0.00    0.00    0.00    0.00    0.00    0.00    0.00  100.00
09:24:09 AM   86    0.00    0.00    0.00    0.00    0.00    0.00    0.00    0.00    0.00  100.00
09:24:09 AM   87    0.00    0.00    0.00    0.00    0.00    0.00    0.00    0.00    0.00  100.00
09:24:09 AM   88    0.00    0.00    0.00    0.00    0.00    0.00    0.00    0.00    0.00  100.00
09:24:09 AM   89    0.00    0.00    0.00    0.00    0.00    0.00    0.00    0.00    0.00  100.00
09:24:09 AM   90    0.00    0.00    0.00    0.00    0.00    0.00    0.00    0.00    0.00  100.00
09:24:09 AM   91    0.00    0.00    0.00    0.00    0.00    0.00    0.00    0.00    0.00  100.00
09:24:09 AM   92    0.00    0.00    0.00    0.00    0.00    0.00    0.00    0.00    0.00  100.00
09:24:09 AM   93    0.00    0.00    0.00    0.00    0.00    0.00    0.00    0.00    0.00  100.00
09:24:09 AM   94    0.00    0.00    0.00    0.00    0.00    0.00    0.00    0.00    0.00  100.00
09:24:09 AM   95    0.00    0.00    0.00    0.00    0.00    0.00    0.00    0.00    0.00  100.00
09:24:09 AM   96    0.00    0.00    0.00    0.00    0.00    0.00    0.00    0.00    0.00  100.00
09:24:09 AM   97    0.00    0.00    0.00    0.00    0.00    0.00    0.00    0.00    0.00  100.00
09:24:09 AM   98    0.00    0.00    0.00    0.00    0.00    0.00    0.00    0.00    0.00  100.00
09:24:09 AM   99    0.00    0.00    0.00    0.00    0.00    0.00    0.00    0.00    0.00  100.00
09:24:09 AM  100    0.00    0.00    0.00    0.00    0.00    0.00    0.00    0.00    0.00  100.00
09:24:09 AM  101    0.00    0.00    0.99    0.00    0.00    0.00    0.00    0.00    0.00   99.01
09:24:09 AM  102    0.00    0.00    0.00    0.00    0.00    0.00    0.00    0.00    0.00  100.00
09:24:09 AM  103    0.00    0.00    0.00    0.00    0.00    0.00    0.00    0.00    0.00  100.00
09:24:09 AM  104    0.00    0.00    0.00    0.00    0.00    0.00    0.00    0.00    0.00  100.00
09:24:09 AM  105    0.00    0.00    0.00    0.00    0.00    0.00    0.00    0.00    0.00  100.00
09:24:09 AM  106    0.00    0.00    0.00    0.00    0.00    0.00    0.00    0.00    0.00  100.00
09:24:09 AM  107    0.00    0.00    0.00    0.00    0.00    0.00    0.00    0.00    0.00  100.00
09:24:09 AM  108    0.00    0.00    0.00    0.00    0.00    0.00    0.00    0.00    0.00  100.00
09:24:09 AM  109    0.00    0.00    0.00    0.00    0.00    0.00    0.00    0.00    0.00  100.00
09:24:09 AM  110    0.00    0.00    0.00    0.00    0.00    0.00    0.00    0.00    0.00  100.00
09:24:09 AM  111    0.00    0.00    0.00    0.00    0.00    0.00    0.00    0.00    0.00  100.00
09:24:09 AM  112    0.00    0.00    0.00    0.00    0.00    0.00    0.00    0.00    0.00  100.00
09:24:09 AM  113    0.00    0.00    0.00    0.00    0.00    0.00    0.00    0.00    0.00  100.00
09:24:09 AM  114    0.00    0.00    0.00    0.00    0.00    0.00    0.00    0.00    0.00  100.00
09:24:09 AM  115    0.00    0.00    0.00    0.00    0.00    0.00    0.00    0.00    0.00  100.00
09:24:09 AM  116    0.00    0.00    0.00    0.00    0.00    0.00    0.00    0.00    0.00  100.00
09:24:09 AM  117    0.00    0.00    0.00    0.00    0.00    0.00    0.00    0.00    0.00  100.00
09:24:09 AM  118    0.00    0.00    0.00    0.00    0.00    0.00    0.00    0.00    0.00  100.00
09:24:09 AM  119    0.00    0.00    0.00    0.00    0.00    0.00    0.00    0.00    0.00  100.00
09:24:09 AM  120    0.00    0.00    0.00    0.00    0.00    0.00    0.00    0.00    0.00  100.00
09:24:09 AM  121    0.00    0.00    0.00    0.00    0.00    0.00    0.00    0.00    0.00  100.00
09:24:09 AM  122    0.00    0.00    0.00    0.00    0.00    0.00    0.00    0.00    0.00  100.00
09:24:09 AM  123    0.00    0.00    0.00    0.00    0.00    0.00    0.00    0.00    0.00  100.00
09:24:09 AM  124    0.00    0.00    0.00    0.00    0.00    0.00    0.00    0.00    0.00  100.00
09:24:09 AM  125    0.00    0.00    0.00    0.00    0.00    0.00    0.00    0.00    0.00  100.00
09:24:09 AM  126    0.00    0.00    0.00    0.00    0.00    0.00    0.00    0.00    0.00  100.00
09:24:09 AM  127    0.00    0.00    0.00    0.00    0.00    0.00    0.00    0.00    0.00  100.00
09:24:09 AM  128    0.00    0.00    0.00    0.00    0.00    0.00    0.00    0.00    0.00  100.00
09:24:09 AM  129    0.00    0.00    0.00    0.00    0.00    0.00    0.00    0.00    0.00  100.00
09:24:09 AM  130    0.00    0.00    0.00    0.00    0.00    0.00    0.00    0.00    0.00  100.00
09:24:09 AM  131    0.00    0.00    0.00    0.00    0.00    0.00    0.00    0.00    0.00  100.00
09:24:09 AM  132    0.00    0.00    0.00    0.00    0.00    0.00    0.00    0.00    0.00  100.00
09:24:09 AM  133    0.00    0.00    0.00    0.00    0.00    0.00    0.00    0.00    0.00  100.00
09:24:09 AM  134    0.00    0.00    0.00    0.00    0.00    0.00    0.00    0.00    0.00  100.00
09:24:09 AM  135    0.00    0.00    0.00    0.00    0.00    0.00    0.00    0.00    0.00  100.00
09:24:09 AM  136    0.00    0.00    0.00    0.00    0.00    0.00    0.00    0.00    0.00  100.00
09:24:09 AM  137    0.00    0.00    0.00    0.00    0.00    0.00    0.00    0.00    0.00  100.00
09:24:09 AM  138    0.00    0.00    0.00    0.00    0.00    0.00    0.00    0.00    0.00  100.00
09:24:09 AM  139    0.00    0.00    0.00    0.00    0.00    0.00    0.00    0.00    0.00  100.00
09:24:09 AM  140    0.00    0.00    0.00    0.00    0.00    0.00    0.00    0.00    0.00  100.00
09:24:09 AM  141    0.00    0.00    0.00    0.00    0.00    0.00    0.00    0.00    0.00  100.00
09:24:09 AM  142    0.00    0.00    0.00    0.00    0.00    0.00    0.00    0.00    0.00  100.00
09:24:09 AM  143    0.00    0.00    0.00    0.00    0.00    0.00    0.00    0.00    0.00  100.00
09:24:09 AM  144    0.00    0.00    0.00    0.00    0.00    0.00    0.00    0.00    0.00  100.00
09:24:09 AM  145    0.00    0.00    0.00    0.00    0.00    0.00    0.00    0.00    0.00  100.00
09:24:09 AM  146    0.00    0.00    0.00    0.00    0.00    0.00    0.00    0.00    0.00  100.00
09:24:09 AM  147    0.00    0.00    0.00    0.00    0.00    0.00    0.00    0.00    0.00  100.00
09:24:09 AM  148    0.00    0.00    0.00    0.00    0.00    0.00    0.00    0.00    0.00  100.00
09:24:09 AM  149    0.00    0.00    0.00    0.00    0.00    0.00    0.00    0.00    0.00  100.00
09:24:09 AM  150    0.00    0.00    0.00    0.00    0.00    0.00    0.00    0.00    0.00  100.00
09:24:09 AM  151    0.00    0.00    0.00    0.00    0.00    0.00    0.00    0.00    0.00  100.00
09:24:09 AM  152    0.00    0.00    0.00    0.00    0.00    0.00    0.00    0.00    0.00  100.00
09:24:09 AM  153    0.00    0.00    0.00    0.00    0.00    0.00    0.00    0.00    0.00  100.00
09:24:09 AM  154    0.00    0.00    0.00    0.00    0.00    0.00    0.00    0.00    0.00  100.00
09:24:09 AM  155    0.00    0.00    0.00    0.00    0.00    0.00    0.00    0.00    0.00  100.00
09:24:09 AM  156    0.00    0.00    0.00    0.00    0.00    0.00    0.00    0.00    0.00  100.00
09:24:09 AM  157    0.00    0.00    0.00    0.00    0.00    0.00    0.00    0.00    0.00  100.00
09:24:09 AM  158    0.00    0.00    0.00    0.00    0.00    0.00    0.00    0.00    0.00  100.00
09:24:09 AM  159    0.00    0.00    0.00    0.00    0.00    0.00    0.00    0.00    0.00  100.00
09:24:09 AM  160    0.00    0.00    0.00    0.00    0.00    0.00    0.00    0.00    0.00  100.00
09:24:09 AM  161    0.00    0.00    0.00    0.00    0.00    0.00    0.00    0.00    0.00  100.00
09:24:09 AM  162    0.00    0.00    0.00    0.00    0.00    0.00    0.00    0.00    0.00  100.00
09:24:09 AM  163    0.00    0.00    0.00    0.00    0.00    0.00    0.00    0.00    0.00  100.00
09:24:09 AM  164    0.00    0.00    0.00    0.00    0.00    0.00    0.00    0.00    0.00  100.00
09:24:09 AM  165    0.00    0.00    0.00    0.00    0.00    0.00    0.00    0.00    0.00  100.00
09:24:09 AM  166    0.00    0.00    0.00    0.00    0.00    0.00    0.00    0.00    0.00  100.00
09:24:09 AM  167    0.00    0.00    0.00    0.00    0.00    0.00    0.00    0.00    0.00  100.00
09:24:09 AM  168    0.00    0.00    0.00    0.00    0.00    0.00    0.00    0.00    0.00  100.00
09:24:09 AM  169    0.00    0.00    0.00    0.00    0.00    0.00    0.00    0.00    0.00  100.00
09:24:09 AM  170    0.00    0.00    0.00    0.00    0.00    0.00    0.00    0.00    0.00  100.00
09:24:09 AM  171    0.00    0.00    0.00    0.00    0.00    0.00    0.00    0.00    0.00  100.00
09:24:09 AM  172    0.00    0.00    0.00    0.00    0.00    0.00    0.00    0.00    0.00  100.00
09:24:09 AM  173    0.00    0.00    0.00    0.00    0.00    0.00    0.00    0.00    0.00  100.00
09:24:09 AM  174    0.00    0.00    0.00    0.00    0.00    0.00    0.00    0.00    0.00  100.00
09:24:09 AM  175    0.00    0.00    0.00    0.00    0.00    0.00    0.00    0.00    0.00  100.00
09:24:09 AM  176    0.00    0.00    0.00    0.00    0.00    0.00    0.00    0.00    0.00  100.00
09:24:09 AM  177    0.00    0.00    0.00    0.00    0.00    0.00    0.00    0.00    0.00  100.00
09:24:09 AM  178    0.00    0.00    0.00    0.00    0.00    0.00    0.00    0.00    0.00  100.00
09:24:09 AM  179    0.00    0.00    0.00    0.00    0.00    0.00    0.00    0.00    0.00  100.00
09:24:09 AM  180    0.00    0.00    0.00    0.00    0.00    0.00    0.00    0.00    0.00  100.00
09:24:09 AM  181    0.00    0.00    0.00    0.00    0.00    0.00    0.00    0.00    0.00  100.00
09:24:09 AM  182    0.00    0.00    0.00    0.00    0.00    0.00    0.00    0.00    0.00  100.00
09:24:09 AM  183    0.00    0.00    0.00    0.00    0.00    0.00    0.00    0.00    0.00  100.00
09:24:09 AM  184    0.00    0.00    0.00    0.00    0.00    0.00    0.00    0.00    0.00  100.00
09:24:09 AM  185    0.00    0.00    0.00    0.00    0.00    0.00    0.00    0.00    0.00  100.00
09:24:09 AM  186    0.00    0.00    0.00    0.00    0.00    0.00    0.00    0.00    0.00  100.00
09:24:09 AM  187    0.00    0.00    0.00    0.00    0.00    0.00    0.00    0.00    0.00  100.00
09:24:09 AM  188    0.00    0.00    0.00    0.00    0.00    0.00    0.00    0.00    0.00  100.00
09:24:09 AM  189    0.00    0.00    0.00    0.00    0.00    0.00    0.00    0.00    0.00  100.00
09:24:09 AM  190    0.00    0.00    0.00    0.00    0.00    0.00    0.00    0.00    0.00  100.00
09:24:09 AM  191    0.00    0.00    0.00    0.00    0.00    0.00    0.00    0.00    0.00  100.00
09:24:09 AM  192    0.00    0.00    0.00    0.00    0.00    0.00    0.00    0.00    0.00  100.00
09:24:09 AM  193    0.00    0.00    0.00    0.00    0.00    0.00    0.00    0.00    0.00  100.00
09:24:09 AM  194    0.00    0.00    0.00    0.00    0.00    0.00    0.00    0.00    0.00  100.00
09:24:09 AM  195    0.00    0.00    0.00    0.00    0.00    0.00    0.00    0.00    0.00  100.00
09:24:09 AM  196    0.00    0.00    0.00    0.00    0.00    0.00    0.00    0.00    0.00  100.00
09:24:09 AM  197    0.00    0.00    0.00    0.00    0.00    0.00    0.00    0.00    0.00  100.00
09:24:09 AM  198    0.00    0.00    0.00    0.00    0.00    0.00    0.00    0.00    0.00  100.00
09:24:09 AM  199    0.00    0.00    0.00    0.00    0.00    0.00    0.00    0.00    0.00  100.00
09:24:09 AM  200    0.00    0.00    0.00    0.00    0.00    0.00    0.00    0.00    0.00  100.00
09:24:09 AM  201    0.00    0.00    0.00    0.00    0.00    0.00    0.00    0.00    0.00  100.00
09:24:09 AM  202    0.00    0.00    0.00    0.00    0.00    0.00    0.00    0.00    0.00  100.00
09:24:09 AM  203    0.00    0.00    0.00    0.00    0.00    0.00    0.00    0.00    0.00  100.00
09:24:09 AM  204    0.00    0.00    0.00    0.00    0.00    0.00    0.00    0.00    0.00  100.00
09:24:09 AM  205    0.00    0.00    0.00    0.00    0.00    0.00    0.00    0.00    0.00  100.00
09:24:09 AM  206    0.00    0.00    0.00    0.00    0.00    0.00    0.00    0.00    0.00  100.00
09:24:09 AM  207    0.00    0.00    0.00    0.00    0.00    0.00    0.00    0.00    0.00  100.00
09:24:09 AM  208    0.00    0.00    0.00    0.00    0.00    0.00    0.00    0.00    0.00  100.00
09:24:09 AM  209    0.00    0.00    0.00    0.00    0.00    0.00    0.00    0.00    0.00  100.00
09:24:09 AM  210    0.00    0.00    0.00    0.00    0.00    0.00    0.00    0.00    0.00  100.00
09:24:09 AM  211    0.00    0.00    0.00    0.00    0.00    0.00    0.00    0.00    0.00  100.00
09:24:09 AM  212    0.00    0.00    0.00    0.00    0.00    0.00    0.00    0.00    0.00  100.00
09:24:09 AM  213    0.00    0.00    0.00    0.00    0.00    0.00    0.00    0.00    0.00  100.00
09:24:09 AM  214    0.00    0.00    0.00    0.00    0.00    0.00    0.00    0.00    0.00  100.00
09:24:09 AM  215    0.00    0.00    0.00    0.00    0.00    0.00    0.00    0.00    0.00  100.00
09:24:09 AM  216    0.00    0.00    0.00    0.00    0.00    0.00    0.00    0.00    0.00  100.00
09:24:09 AM  217    0.00    0.00    0.00    0.00    0.00    0.00    0.00    0.00    0.00  100.00
09:24:09 AM  218    0.00    0.00    0.00    0.00    0.00    0.00    0.00    0.00    0.00  100.00
09:24:09 AM  219    0.00    0.00    0.00    0.00    0.00    0.00    0.00    0.00    0.00  100.00
09:24:09 AM  220    0.00    0.00    0.00    0.00    0.00    0.00    0.00    0.00    0.00  100.00
09:24:09 AM  221    0.00    0.00    0.00    0.00    0.00    0.00    0.00    0.00    0.00  100.00
09:24:09 AM  222    0.00    0.00    0.00    0.00    0.00    0.00    0.00    0.00    0.00  100.00
09:24:09 AM  223    0.00    0.00    0.00    0.00    0.00    0.00    0.00    0.00    0.00  100.00
09:24:09 AM  224    0.00    0.00    0.00    0.00    0.00    0.00    0.00    0.00    0.00  100.00
09:24:09 AM  225    0.00    0.00    0.00    0.00    0.00    0.00    0.00    0.00    0.00  100.00
09:24:09 AM  226    0.00    0.00    0.00    0.00    0.00    0.00    0.00    0.00    0.00  100.00
09:24:09 AM  227    0.00    0.00    0.00    0.00    0.00    0.00    0.00    0.00    0.00  100.00
09:24:09 AM  228    0.00    0.00    0.00    0.00    0.00    0.00    0.00    0.00    0.00  100.00
09:24:09 AM  229    0.00    0.00    0.00    0.00    0.00    0.00    0.00    0.00    0.00  100.00
09:24:09 AM  230    0.00    0.00    0.00    0.00    0.00    0.00    0.00    0.00    0.00  100.00
09:24:09 AM  231    0.00    0.00    0.00    0.00    0.00    0.00    0.00    0.00    0.00  100.00
09:24:09 AM  232    0.00    0.00    0.00    0.00    0.00    0.00    0.00    0.00    0.00  100.00
09:24:09 AM  233    0.00    0.00    0.00    0.99    0.00    0.00    0.00    0.00    0.00   99.01
09:24:09 AM  234    0.00    0.00    0.00    0.00    0.00    0.00    0.00    0.00    0.00  100.00
09:24:09 AM  235    0.00    0.00    0.00    0.00    0.00    0.00    0.00    0.00    0.00  100.00
09:24:09 AM  236    0.00    0.00    0.00    0.00    0.00    0.00    0.00    0.00    0.00  100.00
09:24:09 AM  237    0.00    0.00    0.00    0.00    0.00    0.00    0.00    0.00    0.00  100.00
09:24:09 AM  238    0.00    0.00    0.00    0.00    0.00    0.00    0.00    0.00    0.00  100.00
09:24:09 AM  239    0.00    0.00    0.00    0.00    0.00    0.00    0.00    0.00    0.00  100.00
09:24:09 AM  240    0.00    0.00    0.00    0.00    0.00    0.00    0.00    0.00    0.00  100.00
09:24:09 AM  241    0.00    0.00    0.00    0.00    0.00    0.00    0.00    0.00    0.00  100.00
09:24:09 AM  242    0.00    0.00    0.00    0.00    0.00    0.00    0.00    0.00    0.00  100.00
09:24:09 AM  243    0.00    0.00    0.00    0.00    0.00    0.00    0.00    0.00    0.00  100.00
09:24:09 AM  244    0.00    0.00    0.00    0.00    0.00    0.00    0.00    0.00    0.00  100.00
09:24:09 AM  245    0.00    0.00    0.00    0.00    0.00    0.00    0.00    0.00    0.00  100.00
09:24:09 AM  246    0.00    0.00    0.00    0.00    0.00    0.00    0.00    0.00    0.00  100.00
09:24:09 AM  247    0.00    0.00    0.00    0.00    0.00    0.00    0.00    0.00    0.00  100.00
09:24:09 AM  248    0.00    0.00    0.00    0.00    0.00    0.00    0.00    0.00    0.00  100.00
09:24:09 AM  249    0.00    0.00    0.00    0.00    0.00    0.00    0.00    0.00    0.00  100.00
09:24:09 AM  250    0.00    0.00    0.00    0.00    0.00    0.00    0.00    0.00    0.00  100.00
09:24:09 AM  251    0.00    0.00    0.00    0.00    0.00    0.00    0.00    0.00    0.00  100.00
09:24:09 AM  252    0.00    0.00    0.00    0.00    0.00    0.00    0.00    0.00    0.00  100.00
09:24:09 AM  253    0.00    0.00    0.00    0.00    0.00    0.00    0.00    0.00    0.00  100.00
09:24:09 AM  254    0.00    0.00    0.00    0.00    0.00    0.00    0.00    0.00    0.00  100.00
09:24:09 AM  255    0.00    0.00    0.00    0.00    0.00    0.00    0.00    0.00    0.00  100.00

09:24:09 AM  CPU    %usr   %nice    %sys %iowait    %irq   %soft  %steal  %guest  %gnice   %idle
09:24:10 AM  all    0.09    0.00    0.53    0.00    0.00    0.00    0.00    0.00    0.00   99.38
09:24:10 AM    0    0.00    0.00    0.00    0.00    0.00    0.00    0.00    0.00    0.00  100.00
09:24:10 AM    1    0.00    0.00    0.00    0.00    0.00    0.00    0.00    0.00    0.00  100.00
09:24:10 AM    2    0.00    0.00    0.00    0.00    0.00    0.00    0.00    0.00    0.00  100.00
09:24:10 AM    3    0.00    0.00    0.00    0.00    0.00    0.00    0.00    0.00    0.00  100.00
09:24:10 AM    4    0.00    0.00    0.00    0.00    0.00    0.00    0.00    0.00    0.00  100.00
09:24:10 AM    5    0.00    0.00    0.00    0.00    0.00    0.00    0.00    0.00    0.00  100.00
09:24:10 AM    6    0.00    0.00    0.00    0.00    0.00    0.00    0.00    0.00    0.00  100.00
09:24:10 AM    7    0.00    0.00    0.00    0.00    0.00    0.00    0.00    0.00    0.00  100.00
09:24:10 AM    8    0.00    0.00    0.00    0.00    0.00    0.00    0.00    0.00    0.00  100.00
09:24:10 AM    9    0.00    0.00    0.00    0.00    0.00    0.00    0.00    0.00    0.00  100.00
09:24:10 AM   10    0.00    0.00    0.00    0.00    0.00    0.00    0.00    0.00    0.00  100.00
09:24:10 AM   11    0.00    0.00    0.00    0.00    0.00    0.00    0.00    0.00    0.00  100.00
09:24:10 AM   12    0.00    0.00    0.00    0.00    0.00    0.00    0.00    0.00    0.00  100.00
09:24:10 AM   13    0.00    0.00    0.00    0.00    0.00    0.00    0.00    0.00    0.00  100.00
09:24:10 AM   14    0.00    0.00    0.00    0.00    0.00    0.00    0.00    0.00    0.00  100.00
09:24:10 AM   15    0.00    0.00    0.00    0.00    0.00    0.00    0.00    0.00    0.00  100.00
09:24:10 AM   16    0.00    0.00    0.00    0.00    0.00    0.00    0.00    0.00    0.00  100.00
09:24:10 AM   17    0.00    0.00    0.00    0.00    0.00    0.00    0.00    0.00    0.00  100.00
09:24:10 AM   18    0.00    0.00    0.00    0.00    0.00    0.00    0.00    0.00    0.00  100.00
09:24:10 AM   19    0.00    0.00    0.00    0.00    0.00    0.00    0.00    0.00    0.00  100.00
09:24:10 AM   20    0.00    0.00    0.00    0.00    0.00    0.00    0.00    0.00    0.00  100.00
09:24:10 AM   21    0.00    0.00    0.00    0.00    0.00    0.00    0.00    0.00    0.00  100.00
09:24:10 AM   22    0.00    0.00    0.00    0.00    0.00    0.00    0.00    0.00    0.00  100.00
09:24:10 AM   23    0.00    0.00    0.00    0.00    0.00    0.00    0.00    0.00    0.00  100.00
09:24:10 AM   24    0.00    0.00    0.00    0.00    0.00    0.00    0.00    0.00    0.00  100.00
09:24:10 AM   25    0.00    0.00    0.00    0.00    0.00    0.00    0.00    0.00    0.00  100.00
09:24:10 AM   26    0.00    0.00    0.00    0.00    0.00    0.00    0.00    0.00    0.00  100.00
09:24:10 AM   27    0.00    0.00    0.00    0.00    0.00    0.00    0.00    0.00    0.00  100.00
09:24:10 AM   28    0.00    0.00    0.00    0.00    0.00    0.00    0.00    0.00    0.00  100.00
09:24:10 AM   29    0.00    0.00    0.00    0.00    0.00    0.00    0.00    0.00    0.00  100.00
09:24:10 AM   30    0.00    0.00    0.00    0.00    0.00    0.00    0.00    0.00    0.00  100.00
09:24:10 AM   31    0.00    0.00    0.00    0.00    0.00    0.00    0.00    0.00    0.00  100.00
09:24:10 AM   32    0.00    0.00    0.00    0.00    0.00    0.00    0.00    0.00    0.00  100.00
09:24:10 AM   33    0.00    0.00    0.00    0.00    0.00    0.00    0.00    0.00    0.00  100.00
09:24:10 AM   34    0.00    0.00  100.00    0.00    0.00    0.00    0.00    0.00    0.00    0.00
09:24:10 AM   35    0.00    0.00    0.00    0.00    0.00    0.00    0.00    0.00    0.00  100.00
09:24:10 AM   36    0.00    0.00    0.00    0.00    0.00    0.00    0.00    0.00    0.00  100.00
09:24:10 AM   37    0.00    0.00    0.00    0.00    0.00    0.00    0.00    0.00    0.00  100.00
09:24:10 AM   38    0.00    0.00    0.00    0.00    0.00    0.00    0.00    0.00    0.00  100.00
09:24:10 AM   39    0.00    0.00    0.00    0.00    0.00    0.00    0.00    0.00    0.00  100.00
09:24:10 AM   40    0.00    0.00    0.00    0.00    0.00    0.00    0.00    0.00    0.00  100.00
09:24:10 AM   41    0.00    0.00    0.00    0.00    0.00    0.00    0.00    0.00    0.00  100.00
09:24:10 AM   42    0.00    0.00    2.02    0.00    0.00    0.00    0.00    0.00    0.00   97.98
09:24:10 AM   43   21.28    0.00   10.64    0.00    0.00    0.00    0.00    0.00    0.00   68.09
09:24:10 AM   44    1.02    0.00    5.10    0.00    0.00    0.00    0.00    0.00    0.00   93.88
09:24:10 AM   45    0.00    0.00    0.00    0.00    0.00    0.00    0.00    0.00    0.00  100.00
09:24:10 AM   46    0.00    0.00    0.00    0.00    0.00    0.00    0.00    0.00    0.00  100.00
09:24:10 AM   47    0.00    0.00    0.00    0.00    0.00    0.00    0.00    0.00    0.00  100.00
09:24:10 AM   48    0.00    0.00    1.00    0.00    0.00    0.00    0.00    0.00    0.00   99.00
09:24:10 AM   49    0.00    0.00    0.00    0.00    0.00    0.00    0.00    0.00    0.00  100.00
09:24:10 AM   50    0.00    0.00    0.00    0.00    0.00    0.00    0.00    0.00    0.00  100.00
09:24:10 AM   51    0.00    0.00    0.00    0.00    0.00    0.00    0.00    0.00    0.00  100.00
09:24:10 AM   52    0.00    0.00    0.00    0.00    0.00    0.00    0.00    0.00    0.00  100.00
09:24:10 AM   53    0.00    0.00    0.00    0.00    0.00    0.00    0.00    0.00    0.00  100.00
09:24:10 AM   54    0.00    0.00    0.00    0.00    0.00    0.00    0.00    0.00    0.00  100.00
09:24:10 AM   55    0.00    0.00    0.00    0.00    0.00    0.00    0.00    0.00    0.00  100.00
09:24:10 AM   56    0.00    0.00    0.00    0.00    0.00    0.00    0.00    0.00    0.00  100.00
09:24:10 AM   57    0.00    0.00    1.01    0.00    0.00    0.00    0.00    0.00    0.00   98.99
09:24:10 AM   58    0.00    0.00    0.00    0.00    0.00    0.00    0.00    0.00    0.00  100.00
09:24:10 AM   59    0.00    0.00    0.00    0.00    0.00    0.00    0.00    0.00    0.00  100.00
09:24:10 AM   60    0.00    0.00    0.00    0.00    0.00    0.00    0.00    0.00    0.00  100.00
09:24:10 AM   61    0.00    0.00    0.00    0.00    0.00    0.00    0.00    0.00    0.00  100.00
09:24:10 AM   62    0.00    0.00    0.00    0.00    0.00    0.00    0.00    0.00    0.00  100.00
09:24:10 AM   63    0.00    0.00    0.00    0.00    0.00    0.00    0.00    0.00    0.00  100.00
09:24:10 AM   64    0.00    0.00    0.00    0.00    0.00    0.00    0.00    0.00    0.00  100.00
09:24:10 AM   65    0.00    0.00    0.00    0.00    0.00    0.00    0.00    0.00    0.00  100.00
09:24:10 AM   66    0.00    0.00    0.00    0.00    0.00    0.00    0.00    0.00    0.00  100.00
09:24:10 AM   67    0.00    0.00    0.00    0.00    0.00    0.00    0.00    0.00    0.00  100.00
09:24:10 AM   68    0.00    0.00    0.00    0.00    0.00    0.00    0.00    0.00    0.00  100.00
09:24:10 AM   69    0.00    0.00    0.00    0.00    0.00    0.00    0.00    0.00    0.00  100.00
09:24:10 AM   70    0.00    0.00    0.00    0.00    0.00    0.00    0.00    0.00    0.00  100.00
09:24:10 AM   71    0.00    0.00    0.00    0.00    0.00    0.00    0.00    0.00    0.00  100.00
09:24:10 AM   72    0.00    0.00    0.00    0.00    0.00    0.00    0.00    0.00    0.00  100.00
09:24:10 AM   73    0.00    0.00    0.00    0.00    0.00    0.00    0.00    0.00    0.00  100.00
09:24:10 AM   74    0.00    0.00    0.00    0.00    0.00    0.00    0.00    0.00    0.00  100.00
09:24:10 AM   75    0.00    0.00    0.00    0.00    0.00    0.00    0.00    0.00    0.00  100.00
09:24:10 AM   76    0.00    0.00    0.00    0.00    0.00    0.00    0.00    0.00    0.00  100.00
09:24:10 AM   77    0.00    0.00    0.00    0.00    0.00    0.00    0.00    0.00    0.00  100.00
09:24:10 AM   78    0.00    0.00    0.00    0.00    0.00    0.00    0.00    0.00    0.00  100.00
09:24:10 AM   79    0.00    0.00    0.00    0.00    0.00    0.00    0.00    0.00    0.00  100.00
09:24:10 AM   80    0.00    0.00    0.00    0.00    0.00    0.00    0.00    0.00    0.00  100.00
09:24:10 AM   81    0.00    0.00    0.00    0.00    0.00    0.00    0.00    0.00    0.00  100.00
09:24:10 AM   82    0.00    0.00    0.00    0.00    0.00    0.00    0.00    0.00    0.00  100.00
09:24:10 AM   83    0.00    0.00    0.00    0.00    0.00    0.00    0.00    0.00    0.00  100.00
09:24:10 AM   84    0.00    0.00    0.00    0.00    0.00    0.00    0.00    0.00    0.00  100.00
09:24:10 AM   85    0.00    0.00    0.00    0.00    0.00    0.00    0.00    0.00    0.00  100.00
09:24:10 AM   86    0.00    0.00    0.00    0.00    0.00    0.00    0.00    0.00    0.00  100.00
09:24:10 AM   87    0.00    0.00    0.00    0.00    0.00    0.00    0.00    0.00    0.00  100.00
09:24:10 AM   88    0.00    0.00    0.00    0.00    0.00    0.00    0.00    0.00    0.00  100.00
09:24:10 AM   89    0.00    0.00    0.00    0.00    0.00    0.00    0.00    0.00    0.00  100.00
09:24:10 AM   90    0.00    0.00    0.00    0.00    0.00    0.00    0.00    0.00    0.00  100.00
09:24:10 AM   91    0.00    0.00    0.00    0.00    0.00    0.00    0.00    0.00    0.00  100.00
09:24:10 AM   92    0.00    0.00    0.00    0.00    0.00    0.00    0.00    0.00    0.00  100.00
09:24:10 AM   93    0.00    0.00    0.00    0.00    0.00    0.00    0.00    0.00    0.00  100.00
09:24:10 AM   94    0.00    0.00    0.00    0.00    0.00    0.00    0.00    0.00    0.00  100.00
09:24:10 AM   95    0.00    0.00    0.00    0.00    0.00    0.00    0.00    0.00    0.00  100.00
09:24:10 AM   96    0.00    0.00    0.00    0.00    0.00    0.00    0.00    0.00    0.00  100.00
09:24:10 AM   97    0.00    0.00    0.00    0.00    0.00    0.00    0.00    0.00    0.00  100.00
09:24:10 AM   98    0.00    0.00    0.00    0.00    0.00    0.00    0.00    0.00    0.00  100.00
09:24:10 AM   99    0.00    0.00    0.00    0.00    0.00    0.00    0.00    0.00    0.00  100.00
09:24:10 AM  100    0.00    0.00    0.00    0.00    0.00    0.00    0.00    0.00    0.00  100.00
09:24:10 AM  101    0.00    0.00    0.00    0.00    0.00    0.00    0.00    0.00    0.00  100.00
09:24:10 AM  102    0.00    0.00    0.00    0.00    0.00    0.00    0.00    0.00    0.00  100.00
09:24:10 AM  103    0.00    0.00    0.00    0.00    0.00    0.00    0.00    0.00    0.00  100.00
09:24:10 AM  104    0.00    0.00    0.00    0.00    0.00    0.00    0.00    0.00    0.00  100.00
09:24:10 AM  105    0.00    0.00    0.00    0.00    0.00    0.00    0.00    0.00    0.00  100.00
09:24:10 AM  106    0.00    0.00    0.00    0.00    0.00    0.00    0.00    0.00    0.00  100.00
09:24:10 AM  107    0.00    0.00    0.00    0.00    0.00    0.00    0.00    0.00    0.00  100.00
09:24:10 AM  108    0.00    0.00    0.00    0.00    0.00    0.00    0.00    0.00    0.00  100.00
09:24:10 AM  109    0.00    0.00    0.00    0.00    0.00    0.00    0.00    0.00    0.00  100.00
09:24:10 AM  110    0.00    0.00    0.00    0.00    0.00    0.00    0.00    0.00    0.00  100.00
09:24:10 AM  111    0.00    0.00    0.00    0.00    0.00    0.00    0.00    0.00    0.00  100.00
09:24:10 AM  112    0.00    0.00    0.00    0.00    0.00    0.00    0.00    0.00    0.00  100.00
09:24:10 AM  113    0.00    0.00    0.00    0.00    0.00    0.00    0.00    0.00    0.00  100.00
09:24:10 AM  114    0.00    0.00    0.00    0.00    0.00    0.00    0.00    0.00    0.00  100.00
09:24:10 AM  115    0.00    0.00    0.00    0.00    0.00    0.00    0.00    0.00    0.00  100.00
09:24:10 AM  116    0.00    0.00    0.00    0.00    0.00    0.00    0.00    0.00    0.00  100.00
09:24:10 AM  117    0.00    0.00    0.00    0.00    0.00    0.00    0.00    0.00    0.00  100.00
09:24:10 AM  118    0.00    0.00    0.00    0.00    0.00    0.00    0.00    0.00    0.00  100.00
09:24:10 AM  119    0.00    0.00    0.00    0.00    0.00    0.00    0.00    0.00    0.00  100.00
09:24:10 AM  120    0.00    0.00    0.00    0.00    0.00    0.00    0.00    0.00    0.00  100.00
09:24:10 AM  121    0.00    0.00    0.00    0.00    0.00    0.00    0.00    0.00    0.00  100.00
09:24:10 AM  122    0.00    0.00    0.00    0.00    0.00    0.00    0.00    0.00    0.00  100.00
09:24:10 AM  123    0.00    0.00    0.00    0.00    0.00    0.00    0.00    0.00    0.00  100.00
09:24:10 AM  124    0.00    0.00    0.00    0.00    0.00    0.00    0.00    0.00    0.00  100.00
09:24:10 AM  125    0.00    0.00    0.00    0.00    0.00    0.00    0.00    0.00    0.00  100.00
09:24:10 AM  126    0.00    0.00    0.00    0.00    0.00    0.00    0.00    0.00    0.00  100.00
09:24:10 AM  127    0.00    0.00    0.00    0.00    0.00    0.00    0.00    0.00    0.00  100.00
09:24:10 AM  128    0.00    0.00    0.00    0.00    0.00    0.00    0.00    0.00    0.00  100.00
09:24:10 AM  129    0.00    0.00    0.00    0.00    0.00    0.00    0.00    0.00    0.00  100.00
09:24:10 AM  130    0.00    0.00    0.00    0.00    0.00    0.00    0.00    0.00    0.00  100.00
09:24:10 AM  131    0.00    0.00    0.00    0.00    0.00    0.00    0.00    0.00    0.00  100.00
09:24:10 AM  132    0.00    0.00    0.00    0.00    0.00    0.00    0.00    0.00    0.00  100.00
09:24:10 AM  133    0.00    0.00    0.00    0.00    0.00    0.00    0.00    0.00    0.00  100.00
09:24:10 AM  134    0.00    0.00    0.00    0.00    0.00    0.00    0.00    0.00    0.00  100.00
09:24:10 AM  135    0.00    0.00    0.00    0.00    0.00    0.00    0.00    0.00    0.00  100.00
09:24:10 AM  136    0.00    0.00    0.00    0.00    0.00    0.00    0.00    0.00    0.00  100.00
09:24:10 AM  137    0.00    0.00    0.00    0.00    0.00    0.00    0.00    0.00    0.00  100.00
09:24:10 AM  138    0.00    0.00    0.00    0.00    0.00    0.00    0.00    0.00    0.00  100.00
09:24:10 AM  139    0.00    0.00    1.01    0.00    0.00    0.00    0.00    0.00    0.00   98.99
09:24:10 AM  140    0.00    0.00    0.00    0.00    0.00    0.00    0.00    0.00    0.00  100.00
09:24:10 AM  141    0.00    0.00    0.00    0.00    0.00    0.00    0.00    0.00    0.00  100.00
09:24:10 AM  142    0.00    0.00    0.00    0.00    0.00    0.00    0.00    0.00    0.00  100.00
09:24:10 AM  143    0.00    0.00    0.00    0.00    0.00    0.00    0.00    0.00    0.00  100.00
09:24:10 AM  144    0.00    0.00    0.00    0.00    0.00    0.00    0.00    0.00    0.00  100.00
09:24:10 AM  145    0.00    0.00    0.00    0.00    0.00    0.00    0.00    0.00    0.00  100.00
09:24:10 AM  146    0.00    0.00    0.00    0.00    0.00    0.00    0.00    0.00    0.00  100.00
09:24:10 AM  147    0.00    0.00    0.00    0.00    0.00    0.00    0.00    0.00    0.00  100.00
09:24:10 AM  148    0.00    0.00    0.00    0.00    0.00    0.00    0.00    0.00    0.00  100.00
09:24:10 AM  149    0.00    0.00    0.00    0.00    0.00    0.00    0.00    0.00    0.00  100.00
09:24:10 AM  150    0.00    0.00    0.00    0.00    0.00    0.00    0.00    0.00    0.00  100.00
09:24:10 AM  151    0.00    0.00    0.00    0.00    0.00    0.00    0.00    0.00    0.00  100.00
09:24:10 AM  152    0.00    0.00    0.00    0.00    0.00    0.00    0.00    0.00    0.00  100.00
09:24:10 AM  153    0.00    0.00    0.00    0.00    0.00    0.00    0.00    0.00    0.00  100.00
09:24:10 AM  154    0.00    0.00    0.00    0.00    0.00    0.00    0.00    0.00    0.00  100.00
09:24:10 AM  155    0.00    0.00    0.00    0.00    0.00    0.00    0.00    0.00    0.00  100.00
09:24:10 AM  156    0.00    0.00    0.00    0.00    0.00    0.00    0.00    0.00    0.00  100.00
09:24:10 AM  157    0.00    0.00    0.00    0.00    0.00    0.00    0.00    0.00    0.00  100.00
09:24:10 AM  158    0.00    0.00    0.00    0.00    0.00    0.00    0.00    0.00    0.00  100.00
09:24:10 AM  159    0.00    0.00    0.00    0.00    0.00    0.00    0.00    0.00    0.00  100.00
09:24:10 AM  160    0.00    0.00    0.00    0.00    0.00    0.00    0.00    0.00    0.00  100.00
09:24:10 AM  161    0.00    0.00    0.00    0.00    0.00    0.00    0.00    0.00    0.00  100.00
09:24:10 AM  162    0.00    0.00    0.00    0.00    0.00    0.00    0.00    0.00    0.00  100.00
09:24:10 AM  163    0.00    0.00    0.00    0.00    0.00    0.00    0.00    0.00    0.00  100.00
09:24:10 AM  164    0.00    0.00    0.00    0.00    0.00    0.00    0.00    0.00    0.00  100.00
09:24:10 AM  165    0.00    0.00    0.00    0.00    0.00    0.00    0.00    0.00    0.00  100.00
09:24:10 AM  166    0.00    0.00    0.00    0.00    0.00    0.00    0.00    0.00    0.00  100.00
09:24:10 AM  167    0.00    0.00    0.00    0.00    0.00    0.00    0.00    0.00    0.00  100.00
09:24:10 AM  168    0.00    0.00    0.00    0.00    0.00    0.00    0.00    0.00    0.00  100.00
09:24:10 AM  169    2.00    0.00   13.00    0.00    0.00    0.00    0.00    0.00    0.00   85.00
09:24:10 AM  170    0.00    0.00    0.00    0.00    0.00    0.00    0.00    0.00    0.00  100.00
09:24:10 AM  171    0.00    0.00    0.00    0.00    0.00    0.00    0.00    0.00    0.00  100.00
09:24:10 AM  172    0.00    0.00    0.00    0.00    0.00    0.00    0.00    0.00    0.00  100.00
09:24:10 AM  173    0.00    0.00    0.00    0.00    0.00    0.00    0.00    0.00    0.00  100.00
09:24:10 AM  174    0.00    0.00    0.99    0.00    0.00    0.00    0.00    0.00    0.00   99.01
09:24:10 AM  175    0.00    0.00    0.99    0.00    0.00    0.00    0.00    0.00    0.00   99.01
09:24:10 AM  176    0.00    0.00    0.00    0.00    0.00    0.00    0.00    0.00    0.00  100.00
09:24:10 AM  177    0.00    0.00    0.00    0.00    0.00    0.00    0.00    0.00    0.00  100.00
09:24:10 AM  178    0.00    0.00    0.00    0.00    0.00    0.00    0.00    0.00    0.00  100.00
09:24:10 AM  179    0.00    0.00    0.00    0.00    0.00    0.00    0.00    0.00    0.00  100.00
09:24:10 AM  180    0.00    0.00    0.00    0.00    0.00    0.00    0.00    0.00    0.00  100.00
09:24:10 AM  181    0.00    0.00    0.00    0.00    0.00    0.00    0.00    0.00    0.00  100.00
09:24:10 AM  182    0.00    0.00    0.00    0.00    0.00    0.00    0.00    0.00    0.00  100.00
09:24:10 AM  183    0.00    0.00    0.00    0.00    0.00    0.00    0.00    0.00    0.00  100.00
09:24:10 AM  184    0.00    0.00    0.00    0.00    0.00    0.00    0.00    0.00    0.00  100.00
09:24:10 AM  185    0.00    0.00    0.00    0.00    0.00    0.00    0.00    0.00    0.00  100.00
09:24:10 AM  186    0.00    0.00    0.00    0.00    0.00    0.00    0.00    0.00    0.00  100.00
09:24:10 AM  187    0.00    0.00    0.00    0.00    0.00    0.00    0.00    0.00    0.00  100.00
09:24:10 AM  188    0.00    0.00    0.00    0.00    0.00    0.00    0.00    0.00    0.00  100.00
09:24:10 AM  189    0.00    0.00    0.00    0.00    0.00    0.00    0.00    0.00    0.00  100.00
09:24:10 AM  190    0.00    0.00    0.00    0.00    0.00    0.00    0.00    0.00    0.00  100.00
09:24:10 AM  191    0.00    0.00    0.00    0.00    0.00    0.00    0.00    0.00    0.00  100.00
09:24:10 AM  192    0.00    0.00    0.00    0.00    0.00    0.00    0.00    0.00    0.00  100.00
09:24:10 AM  193    0.00    0.00    0.00    0.00    0.00    0.00    0.00    0.00    0.00  100.00
09:24:10 AM  194    0.00    0.00    0.00    0.00    0.00    0.00    0.00    0.00    0.00  100.00
09:24:10 AM  195    0.00    0.00    0.00    0.00    0.00    0.00    0.00    0.00    0.00  100.00
09:24:10 AM  196    0.00    0.00    0.00    0.00    0.00    0.00    0.00    0.00    0.00  100.00
09:24:10 AM  197    0.00    0.00    0.00    0.00    0.00    0.00    0.00    0.00    0.00  100.00
09:24:10 AM  198    0.00    0.00    0.00    0.00    0.00    0.00    0.00    0.00    0.00  100.00
09:24:10 AM  199    0.00    0.00    0.00    0.00    0.00    0.00    0.00    0.00    0.00  100.00
09:24:10 AM  200    0.00    0.00    0.00    0.00    0.00    0.00    0.00    0.00    0.00  100.00
09:24:10 AM  201    0.00    0.00    0.00    0.00    0.00    0.00    0.00    0.00    0.00  100.00
09:24:10 AM  202    0.00    0.00    0.00    0.00    0.00    0.00    0.00    0.00    0.00  100.00
09:24:10 AM  203    0.00    0.00    0.00    0.00    0.00    0.00    0.00    0.00    0.00  100.00
09:24:10 AM  204    0.00    0.00    0.00    0.00    0.00    0.00    0.00    0.00    0.00  100.00
09:24:10 AM  205    0.00    0.00    0.00    0.00    0.00    0.00    0.00    0.00    0.00  100.00
09:24:10 AM  206    0.00    0.00    0.00    0.00    0.00    0.00    0.00    0.00    0.00  100.00
09:24:10 AM  207    0.00    0.00    0.00    0.00    0.00    0.00    0.00    0.00    0.00  100.00
09:24:10 AM  208    0.00    0.00    0.00    0.00    0.00    0.00    0.00    0.00    0.00  100.00
09:24:10 AM  209    0.00    0.00    0.00    0.00    0.00    0.00    0.00    0.00    0.00  100.00
09:24:10 AM  210    0.00    0.00    0.00    0.00    0.00    0.00    0.00    0.00    0.00  100.00
09:24:10 AM  211    0.00    0.00    0.00    0.00    0.00    0.00    0.00    0.00    0.00  100.00
09:24:10 AM  212    0.00    0.00    0.00    0.00    0.00    0.00    0.00    0.00    0.00  100.00
09:24:10 AM  213    0.00    0.00    0.00    0.00    0.00    0.00    0.00    0.00    0.00  100.00
09:24:10 AM  214    0.00    0.00    0.00    0.00    0.00    0.00    0.00    0.00    0.00  100.00
09:24:10 AM  215    0.00    0.00    0.00    0.00    0.00    0.00    0.00    0.00    0.00  100.00
09:24:10 AM  216    0.00    0.00    0.00    0.00    0.00    0.00    0.00    0.00    0.00  100.00
09:24:10 AM  217    0.00    0.00    0.00    0.00    0.00    0.00    0.00    0.00    0.00  100.00
09:24:10 AM  218    0.00    0.00    0.00    0.00    0.00    0.00    0.00    0.00    0.00  100.00
09:24:10 AM  219    0.00    0.00    0.00    0.00    0.00    0.00    0.00    0.00    0.00  100.00
09:24:10 AM  220    0.00    0.00    0.00    0.00    0.00    0.00    0.00    0.00    0.00  100.00
09:24:10 AM  221    0.00    0.00    0.00    0.00    0.00    0.00    0.00    0.00    0.00  100.00
09:24:10 AM  222    0.00    0.00    0.00    0.00    0.00    0.00    0.00    0.00    0.00  100.00
09:24:10 AM  223    0.00    0.00    0.00    0.00    0.00    0.00    0.00    0.00    0.00  100.00
09:24:10 AM  224    0.00    0.00    0.00    0.00    0.00    0.00    0.00    0.00    0.00  100.00
09:24:10 AM  225    0.00    0.00    0.00    0.00    0.00    0.00    0.00    0.00    0.00  100.00
09:24:10 AM  226    0.00    0.00    0.00    0.00    0.00    0.00    0.00    0.00    0.00  100.00
09:24:10 AM  227    0.00    0.00    0.00    0.00    0.00    0.00    0.00    0.00    0.00  100.00
09:24:10 AM  228    0.00    0.00    0.00    0.00    0.00    0.00    0.00    0.00    0.00  100.00
09:24:10 AM  229    0.00    0.00    0.00    0.00    0.00    0.00    0.00    0.00    0.00  100.00
09:24:10 AM  230    0.00    0.00    0.00    0.00    0.00    0.00    0.00    0.00    0.00  100.00
09:24:10 AM  231    0.00    0.00    0.00    0.00    0.00    0.00    0.00    0.00    0.00  100.00
09:24:10 AM  232    0.00    0.00    0.00    0.00    0.00    0.00    0.00    0.00    0.00  100.00
09:24:10 AM  233    0.00    0.00    0.00    0.00    0.00    0.00    0.00    0.00    0.00  100.00
09:24:10 AM  234    0.00    0.00    0.00    0.00    0.00    0.00    0.00    0.00    0.00  100.00
09:24:10 AM  235    0.00    0.00    0.00    0.00    0.00    0.00    0.00    0.00    0.00  100.00
09:24:10 AM  236    0.00    0.00    0.00    0.00    0.00    0.00    0.00    0.00    0.00  100.00
09:24:10 AM  237    0.00    0.00    0.00    0.00    0.00    0.00    0.00    0.00    0.00  100.00
09:24:10 AM  238    0.00    0.00    0.00    0.00    0.00    0.00    0.00    0.00    0.00  100.00
09:24:10 AM  239    0.00    0.00    0.00    0.00    0.00    0.00    0.00    0.00    0.00  100.00
09:24:10 AM  240    0.00    0.00    0.00    0.00    0.00    0.00    0.00    0.00    0.00  100.00
09:24:10 AM  241    0.00    0.00    0.00    0.00    0.00    0.00    0.00    0.00    0.00  100.00
09:24:10 AM  242    0.00    0.00    0.00    0.00    0.00    0.00    0.00    0.00    0.00  100.00
09:24:10 AM  243    0.00    0.00    0.00    0.00    0.00    0.00    0.00    0.00    0.00  100.00
09:24:10 AM  244    0.00    0.00    0.00    0.00    0.00    0.00    0.00    0.00    0.00  100.00
09:24:10 AM  245    0.00    0.00    0.00    0.00    0.00    0.00    0.00    0.00    0.00  100.00
09:24:10 AM  246    0.00    0.00    0.00    0.00    0.00    0.00    0.00    0.00    0.00  100.00
09:24:10 AM  247    0.00    0.00    0.00    0.00    0.00    0.00    0.00    0.00    0.00  100.00
09:24:10 AM  248    0.00    0.00    0.00    0.00    0.00    0.00    0.00    0.00    0.00  100.00
09:24:10 AM  249    0.00    0.00    0.00    0.00    0.00    0.00    0.00    0.00    0.00  100.00
09:24:10 AM  250    0.00    0.00    0.00    0.00    0.00    0.00    0.00    0.00    0.00  100.00
09:24:10 AM  251    0.00    0.00    0.00    0.00    0.00    0.00    0.00    0.00    0.00  100.00
09:24:10 AM  252    0.00    0.00    0.00    0.00    0.00    0.00    0.00    0.00    0.00  100.00
09:24:10 AM  253    0.00    0.00    0.00    0.00    0.00    0.00    0.00    0.00    0.00  100.00
09:24:10 AM  254    0.00    0.00    0.00    0.00    0.00    0.00    0.00    0.00    0.00  100.00
09:24:10 AM  255    0.00    0.00    0.00    0.00    0.00    0.00    0.00    0.00    0.00  100.00

09:24:10 AM  CPU    %usr   %nice    %sys %iowait    %irq   %soft  %steal  %guest  %gnice   %idle
09:24:11 AM  all    0.01    0.00    0.40    0.00    0.00    0.00    0.00    0.00    0.00   99.59
09:24:11 AM    0    0.00    0.00    0.00    0.00    0.00    0.00    0.00    0.00    0.00  100.00
09:24:11 AM    1    0.00    0.00    0.00    0.00    0.00    0.00    0.00    0.00    0.00  100.00
09:24:11 AM    2    0.00    0.00    0.00    0.00    0.00    0.00    0.00    0.00    0.00  100.00
09:24:11 AM    3    0.00    0.00    0.00    0.00    0.00    0.00    0.00    0.00    0.00  100.00
09:24:11 AM    4    0.00    0.00    0.00    0.00    0.00    0.00    0.00    0.00    0.00  100.00
09:24:11 AM    5    0.00    0.00    0.00    0.00    0.00    0.00    0.00    0.00    0.00  100.00
09:24:11 AM    6    0.00    0.00    0.00    0.00    0.00    0.00    0.00    0.00    0.00  100.00
09:24:11 AM    7    0.00    0.00    0.00    0.00    0.00    0.00    0.00    0.00    0.00  100.00
09:24:11 AM    8    0.00    0.00    0.00    0.00    0.00    0.00    0.00    0.00    0.00  100.00
09:24:11 AM    9    0.00    0.00    0.00    0.00    0.00    0.00    0.00    0.00    0.00  100.00
09:24:11 AM   10    0.00    0.00    0.00    0.00    0.00    0.00    0.00    0.00    0.00  100.00
09:24:11 AM   11    0.00    0.00    0.00    0.00    0.00    0.00    0.00    0.00    0.00  100.00
09:24:11 AM   12    0.00    0.00    0.00    0.00    0.00    0.00    0.00    0.00    0.00  100.00
09:24:11 AM   13    0.00    0.00    0.00    0.00    0.00    0.00    0.00    0.00    0.00  100.00
09:24:11 AM   14    0.00    0.00    0.00    0.00    0.00    0.00    0.00    0.00    0.00  100.00
09:24:11 AM   15    0.00    0.00    0.00    0.00    0.00    0.00    0.00    0.00    0.00  100.00
09:24:11 AM   16    0.00    0.00    0.00    0.00    0.00    0.00    0.00    0.00    0.00  100.00
09:24:11 AM   17    1.01    0.00    0.00    0.00    0.00    0.00    0.00    0.00    0.00   98.99
09:24:11 AM   18    0.00    0.00    0.00    0.00    0.00    0.00    0.00    0.00    0.00  100.00
09:24:11 AM   19    0.00    0.00    0.00    0.00    0.00    0.00    0.00    0.00    0.00  100.00
09:24:11 AM   20    0.00    0.00    0.00    0.00    0.00    0.00    0.00    0.00    0.00  100.00
09:24:11 AM   21    0.00    0.00    0.00    0.00    0.00    0.00    0.00    0.00    0.00  100.00
09:24:11 AM   22    0.00    0.00    0.00    0.00    0.00    0.00    0.00    0.00    0.00  100.00
09:24:11 AM   23    0.00    0.00    0.00    0.00    0.00    0.00    0.00    0.00    0.00  100.00
09:24:11 AM   24    0.00    0.00    0.00    0.00    0.00    0.00    0.00    0.00    0.00  100.00
09:24:11 AM   25    0.00    0.00    0.00    0.00    0.00    0.00    0.00    0.00    0.00  100.00
09:24:11 AM   26    0.00    0.00    0.00    0.00    0.00    0.00    0.00    0.00    0.00  100.00
09:24:11 AM   27    0.00    0.00    0.00    0.00    0.00    0.00    0.00    0.00    0.00  100.00
09:24:11 AM   28    0.00    0.00    0.00    0.00    0.00    0.00    0.00    0.00    0.00  100.00
09:24:11 AM   29    0.00    0.00    0.00    0.00    0.00    0.00    0.00    0.00    0.00  100.00
09:24:11 AM   30    0.00    0.00    0.00    0.00    0.00    0.00    0.00    0.00    0.00  100.00
09:24:11 AM   31    0.00    0.00    0.00    0.00    0.00    0.00    0.00    0.00    0.00  100.00
09:24:11 AM   32    0.00    0.00    0.00    0.00    0.00    0.00    0.00    0.00    0.00  100.00
09:24:11 AM   33    0.00    0.00    0.00    0.00    0.00    0.00    0.00    0.00    0.00  100.00
09:24:11 AM   34    0.00    0.00  100.00    0.00    0.00    0.00    0.00    0.00    0.00    0.00
09:24:11 AM   35    0.00    0.00    0.00    0.00    0.00    0.00    0.00    0.00    0.00  100.00
09:24:11 AM   36    0.00    0.00    0.00    0.00    0.00    0.00    0.00    0.00    0.00  100.00
09:24:11 AM   37    0.00    0.00    0.00    0.00    0.00    0.00    0.00    0.00    0.00  100.00
09:24:11 AM   38    0.00    0.00    0.00    0.00    0.00    0.00    0.00    0.00    0.00  100.00
09:24:11 AM   39    0.00    0.00    0.00    0.00    0.00    0.00    0.00    0.00    0.00  100.00
09:24:11 AM   40    0.00    0.00    0.00    0.00    0.00    0.00    0.00    0.00    0.00  100.00
09:24:11 AM   41    0.00    0.00    0.00    0.00    0.00    0.00    0.00    0.00    0.00  100.00
09:24:11 AM   42    0.00    0.00    0.00    0.00    0.00    0.00    0.00    0.00    0.00  100.00
09:24:11 AM   43    0.00    0.00    0.00    0.00    0.00    0.00    0.00    0.00    0.00  100.00
09:24:11 AM   44    0.00    0.00    0.00    0.00    0.00    0.00    0.00    0.00    0.00  100.00
09:24:11 AM   45    0.00    0.00    0.00    0.00    0.00    0.00    0.00    0.00    0.00  100.00
09:24:11 AM   46    0.00    0.00    0.00    0.00    0.00    0.00    0.00    0.00    0.00  100.00
09:24:11 AM   47    0.00    0.00    0.00    0.00    0.00    0.00    0.00    0.00    0.00  100.00
09:24:11 AM   48    0.00    0.00    0.00    0.00    0.00    0.00    0.00    0.00    0.00  100.00
09:24:11 AM   49    0.00    0.00    0.00    0.00    0.00    0.00    0.00    0.00    0.00  100.00
09:24:11 AM   50    0.00    0.00    0.00    0.00    0.00    0.00    0.00    0.00    0.00  100.00
09:24:11 AM   51    0.00    0.00    0.00    0.00    0.00    0.00    0.00    0.00    0.00  100.00
09:24:11 AM   52    0.00    0.00    0.00    0.00    0.00    0.00    0.00    0.00    0.00  100.00
09:24:11 AM   53    0.00    0.00    0.00    0.00    0.00    0.00    0.00    0.00    0.00  100.00
09:24:11 AM   54    0.00    0.00    0.00    0.00    0.00    0.00    0.00    0.00    0.00  100.00
09:24:11 AM   55    0.00    0.00    0.00    0.00    0.00    0.00    0.00    0.00    0.00  100.00
09:24:11 AM   56    0.00    0.00    0.00    0.00    0.00    0.00    0.00    0.00    0.00  100.00
09:24:11 AM   57    0.00    0.00    0.00    0.00    0.00    0.00    0.00    0.00    0.00  100.00
09:24:11 AM   58    0.00    0.00    0.00    0.00    0.00    0.00    0.00    0.00    0.00  100.00
09:24:11 AM   59    0.00    0.00    0.00    0.00    0.00    0.00    0.00    0.00    0.00  100.00
09:24:11 AM   60    0.00    0.00    0.00    0.00    0.00    0.00    0.00    0.00    0.00  100.00
09:24:11 AM   61    0.00    0.00    0.00    0.00    0.00    0.00    0.00    0.00    0.00  100.00
09:24:11 AM   62    0.00    0.00    0.00    0.00    0.00    0.00    0.00    0.00    0.00  100.00
09:24:11 AM   63    0.00    0.00    0.00    0.00    0.00    0.00    0.00    0.00    0.00  100.00
09:24:11 AM   64    0.00    0.00    0.00    0.00    0.00    0.00    0.00    0.00    0.00  100.00
09:24:11 AM   65    0.00    0.00    0.00    0.00    0.00    0.00    0.00    0.00    0.00  100.00
09:24:11 AM   66    0.00    0.00    0.00    0.00    0.00    0.00    0.00    0.00    0.00  100.00
09:24:11 AM   67    0.00    0.00    0.00    0.00    0.00    0.00    0.00    0.00    0.00  100.00
09:24:11 AM   68    0.00    0.00    0.00    0.00    0.00    0.00    0.00    0.00    0.00  100.00
09:24:11 AM   69    0.00    0.00    0.00    0.00    0.00    0.00    0.00    0.00    0.00  100.00
09:24:11 AM   70    0.00    0.00    0.00    0.00    0.00    0.00    0.00    0.00    0.00  100.00
09:24:11 AM   71    0.00    0.00    0.00    0.00    0.00    0.00    0.00    0.00    0.00  100.00
09:24:11 AM   72    0.00    0.00    0.00    0.00    0.00    0.00    0.00    0.00    0.00  100.00
09:24:11 AM   73    0.00    0.00    0.00    0.00    0.00    0.00    0.00    0.00    0.00  100.00
09:24:11 AM   74    0.00    0.00    0.00    0.00    0.00    0.00    0.00    0.00    0.00  100.00
09:24:11 AM   75    0.00    0.00    0.00    0.00    0.00    0.00    0.00    0.00    0.00  100.00
09:24:11 AM   76    0.00    0.00    0.00    0.00    0.00    0.00    0.00    0.00    0.00  100.00
09:24:11 AM   77    0.00    0.00    0.00    0.00    0.00    0.00    0.00    0.00    0.00  100.00
09:24:11 AM   78    0.00    0.00    0.00    0.00    0.00    0.00    0.00    0.00    0.00  100.00
09:24:11 AM   79    0.00    0.00    0.00    0.00    0.00    0.00    0.00    0.00    0.00  100.00
09:24:11 AM   80    0.00    0.00    0.00    0.00    0.00    0.00    0.00    0.00    0.00  100.00
09:24:11 AM   81    0.00    0.00    0.00    0.00    0.00    0.00    0.00    0.00    0.00  100.00
09:24:11 AM   82    0.00    0.00    0.00    0.00    0.00    0.00    0.00    0.00    0.00  100.00
09:24:11 AM   83    0.00    0.00    0.00    0.00    0.00    0.00    0.00    0.00    0.00  100.00
09:24:11 AM   84    0.00    0.00    0.00    0.00    0.00    0.00    0.00    0.00    0.00  100.00
09:24:11 AM   85    0.00    0.00    0.00    0.00    0.00    0.00    0.00    0.00    0.00  100.00
09:24:11 AM   86    0.00    0.00    0.00    0.00    0.00    0.00    0.00    0.00    0.00  100.00
09:24:11 AM   87    0.00    0.00    0.00    0.00    0.00    0.00    0.00    0.00    0.00  100.00
09:24:11 AM   88    0.00    0.00    0.00    0.00    0.00    0.00    0.00    0.00    0.00  100.00
09:24:11 AM   89    0.00    0.00    0.00    0.00    0.00    0.00    0.00    0.00    0.00  100.00
09:24:11 AM   90    0.00    0.00    0.00    0.00    0.00    0.00    0.00    0.00    0.00  100.00
09:24:11 AM   91    0.00    0.00    0.99    0.00    0.00    0.00    0.00    0.00    0.00   99.01
09:24:11 AM   92    0.00    0.00    0.00    0.00    0.00    0.00    0.00    0.00    0.00  100.00
09:24:11 AM   93    0.00    0.00    0.00    0.00    0.00    0.00    0.00    0.00    0.00  100.00
09:24:11 AM   94    0.00    0.00    0.00    0.00    0.00    0.00    0.00    0.00    0.00  100.00
09:24:11 AM   95    0.00    0.00    0.00    0.00    0.00    0.00    0.00    0.00    0.00  100.00
09:24:11 AM   96    0.00    0.00    0.00    0.00    0.00    0.00    0.00    0.00    0.00  100.00
09:24:11 AM   97    0.00    0.00    0.00    0.00    0.00    0.00    0.00    0.00    0.00  100.00
09:24:11 AM   98    0.00    0.00    0.00    0.00    0.00    0.00    0.00    0.00    0.00  100.00
09:24:11 AM   99    0.00    0.00    0.00    0.00    0.00    0.00    0.00    0.00    0.00  100.00
09:24:11 AM  100    0.00    0.00    0.00    0.00    0.00    0.00    0.00    0.00    0.00  100.00
09:24:11 AM  101    0.00    0.00    0.00    0.00    0.00    0.00    0.00    0.00    0.00  100.00
09:24:11 AM  102    0.00    0.00    0.00    0.00    0.00    0.00    0.00    0.00    0.00  100.00
09:24:11 AM  103    0.00    0.00    0.00    0.00    0.00    0.00    0.00    0.00    0.00  100.00
09:24:11 AM  104    0.00    0.00    0.00    0.00    0.00    0.00    0.00    0.00    0.00  100.00
09:24:11 AM  105    0.00    0.00    0.00    0.00    0.00    0.00    0.00    0.00    0.00  100.00
09:24:11 AM  106    0.00    0.00    0.00    0.00    0.00    0.00    0.00    0.00    0.00  100.00
09:24:11 AM  107    0.00    0.00    0.00    0.00    0.00    0.00    0.00    0.00    0.00  100.00
09:24:11 AM  108    0.00    0.00    0.00    0.00    0.00    0.00    0.00    0.00    0.00  100.00
09:24:11 AM  109    0.00    0.00    0.00    0.00    0.00    0.00    0.00    0.00    0.00  100.00
09:24:11 AM  110    0.00    0.00    0.00    0.00    0.00    0.00    0.00    0.00    0.00  100.00
09:24:11 AM  111    0.00    0.00    0.00    0.00    0.00    0.00    0.00    0.00    0.00  100.00
09:24:11 AM  112    0.00    0.00    0.00    0.00    0.00    0.00    0.00    0.00    0.00  100.00
09:24:11 AM  113    0.00    0.00    0.00    0.00    0.00    0.00    0.00    0.00    0.00  100.00
09:24:11 AM  114    0.00    0.00    0.00    0.00    0.00    0.00    0.00    0.00    0.00  100.00
09:24:11 AM  115    0.00    0.00    0.00    0.00    0.00    0.00    0.00    0.00    0.00  100.00
09:24:11 AM  116    0.00    0.00    0.00    0.00    0.00    0.00    0.00    0.00    0.00  100.00
09:24:11 AM  117    0.00    0.00    0.00    0.00    0.00    0.00    0.00    0.00    0.00  100.00
09:24:11 AM  118    0.00    0.00    0.00    0.00    0.00    0.00    0.00    0.00    0.00  100.00
09:24:11 AM  119    0.00    0.00    0.00    0.00    0.00    0.00    0.00    0.00    0.00  100.00
09:24:11 AM  120    0.00    0.00    0.00    0.00    0.00    0.00    0.00    0.00    0.00  100.00
09:24:11 AM  121    0.00    0.00    0.00    0.00    0.00    0.00    0.00    0.00    0.00  100.00
09:24:11 AM  122    0.00    0.00    0.00    0.00    0.00    0.00    0.00    0.00    0.00  100.00
09:24:11 AM  123    0.00    0.00    0.00    0.00    0.00    0.00    0.00    0.00    0.00  100.00
09:24:11 AM  124    0.00    0.00    0.00    0.00    0.00    0.00    0.00    0.00    0.00  100.00
09:24:11 AM  125    0.00    0.00    0.00    0.00    0.00    0.00    0.00    0.00    0.00  100.00
09:24:11 AM  126    0.00    0.00    0.00    0.00    0.00    0.00    0.00    0.00    0.00  100.00
09:24:11 AM  127    0.00    0.00    0.00    0.00    0.00    0.00    0.00    0.00    0.00  100.00
09:24:11 AM  128    0.00    0.00    0.00    0.00    0.00    0.00    0.00    0.00    0.00  100.00
09:24:11 AM  129    0.00    0.00    0.00    0.00    0.00    0.00    0.00    0.00    0.00  100.00
09:24:11 AM  130    0.00    0.00    0.00    0.00    0.00    0.00    0.00    0.00    0.00  100.00
09:24:11 AM  131    0.00    0.00    0.00    0.00    0.00    0.00    0.00    0.00    0.00  100.00
09:24:11 AM  132    0.00    0.00    0.00    0.00    0.00    0.00    0.00    0.00    0.00  100.00
09:24:11 AM  133    0.00    0.00    0.00    0.00    0.00    0.00    0.00    0.00    0.00  100.00
09:24:11 AM  134    0.00    0.00    0.00    0.00    0.00    0.00    0.00    0.00    0.00  100.00
09:24:11 AM  135    0.00    0.00    0.00    0.00    0.00    0.00    0.00    0.00    0.00  100.00
09:24:11 AM  136    0.00    0.00    0.00    0.00    0.00    0.00    0.00    0.00    0.00  100.00
09:24:11 AM  137    0.00    0.00    0.00    0.00    0.00    0.00    0.00    0.00    0.00  100.00
09:24:11 AM  138    0.00    0.00    0.00    0.00    0.00    0.00    0.00    0.00    0.00  100.00
09:24:11 AM  139    0.00    0.00    0.00    0.00    0.00    0.00    0.00    0.00    0.00  100.00
09:24:11 AM  140    0.00    0.00    0.00    0.00    0.00    0.00    0.00    0.00    0.00  100.00
09:24:11 AM  141    0.00    0.00    0.00    0.00    0.00    0.00    0.00    0.00    0.00  100.00
09:24:11 AM  142    0.00    0.00    0.00    0.00    0.00    0.00    0.00    0.00    0.00  100.00
09:24:11 AM  143    0.00    0.00    0.00    0.00    0.00    0.00    0.00    0.00    0.00  100.00
09:24:11 AM  144    0.00    0.00    0.00    0.00    0.00    0.00    0.00    0.00    0.00  100.00
09:24:11 AM  145    0.99    0.00    0.00    0.00    0.00    0.00    0.00    0.00    0.00   99.01
09:24:11 AM  146    0.00    0.00    0.00    0.00    0.00    0.00    0.00    0.00    0.00  100.00
09:24:11 AM  147    0.00    0.00    0.00    0.00    0.00    0.00    0.00    0.00    0.00  100.00
09:24:11 AM  148    0.00    0.00    0.00    0.00    0.00    0.00    0.00    0.00    0.00  100.00
09:24:11 AM  149    0.00    0.00    0.00    0.00    0.00    0.00    0.00    0.00    0.00  100.00
09:24:11 AM  150    0.00    0.00    0.00    0.00    0.00    0.00    0.00    0.00    0.00  100.00
09:24:11 AM  151    0.00    0.00    0.00    0.00    0.00    0.00    0.00    0.00    0.00  100.00
09:24:11 AM  152    0.00    0.00    0.00    0.00    0.00    0.00    0.00    0.00    0.00  100.00
09:24:11 AM  153    0.00    0.00    0.00    0.00    0.00    0.00    0.00    0.00    0.00  100.00
09:24:11 AM  154    0.00    0.00    0.00    0.00    0.00    0.00    0.00    0.00    0.00  100.00
09:24:11 AM  155    0.00    0.00    0.00    0.00    0.00    0.00    0.00    0.00    0.00  100.00
09:24:11 AM  156    0.00    0.00    0.00    0.00    0.00    0.00    0.00    0.00    0.00  100.00
09:24:11 AM  157    0.00    0.00    0.00    0.00    0.00    0.00    0.00    0.00    0.00  100.00
09:24:11 AM  158    0.00    0.00    0.00    0.00    0.00    0.00    0.00    0.00    0.00  100.00
09:24:11 AM  159    0.00    0.00    0.00    0.00    0.00    0.00    0.00    0.00    0.00  100.00
09:24:11 AM  160    0.00    0.00    0.00    0.00    0.00    0.00    0.00    0.00    0.00  100.00
09:24:11 AM  161    0.00    0.00    0.00    0.00    0.00    0.00    0.00    0.00    0.00  100.00
09:24:11 AM  162    0.00    0.00    0.00    0.00    0.00    0.00    0.00    0.00    0.00  100.00
09:24:11 AM  163    0.00    0.00    0.00    0.00    0.00    0.00    0.00    0.00    0.00  100.00
09:24:11 AM  164    0.00    0.00    0.00    0.00    0.00    0.00    0.00    0.00    0.00  100.00
09:24:11 AM  165    0.00    0.00    0.00    0.00    0.00    0.00    0.00    0.00    0.00  100.00
09:24:11 AM  166    0.00    0.00    0.00    0.00    0.00    0.00    0.00    0.00    0.00  100.00
09:24:11 AM  167    0.00    0.00    0.00    0.00    0.00    0.00    0.00    0.00    0.00  100.00
09:24:11 AM  168    0.00    0.00    0.00    0.00    0.00    0.00    0.00    0.00    0.00  100.00
09:24:11 AM  169    0.00    0.00    0.00    0.00    0.00    0.00    0.00    0.00    0.00  100.00
09:24:11 AM  170    0.00    0.00    0.00    0.00    0.00    0.00    0.00    0.00    0.00  100.00
09:24:11 AM  171    0.00    0.00    0.00    0.00    0.00    0.00    0.00    0.00    0.00  100.00
09:24:11 AM  172    0.00    0.00    0.00    0.00    0.00    0.00    0.00    0.00    0.00  100.00
09:24:11 AM  173    0.00    0.00    0.00    0.00    0.00    0.00    0.00    0.00    0.00  100.00
09:24:11 AM  174    0.00    0.00    0.00    0.00    0.00    0.00    0.00    0.00    0.00  100.00
09:24:11 AM  175    0.00    0.00    0.00    0.00    0.00    0.00    0.00    0.00    0.00  100.00
09:24:11 AM  176    0.00    0.00    0.00    0.00    0.00    0.00    0.00    0.00    0.00  100.00
09:24:11 AM  177    0.00    0.00    0.00    0.00    0.00    0.00    0.00    0.00    0.00  100.00
09:24:11 AM  178    0.00    0.00    0.00    0.00    0.00    0.00    0.00    0.00    0.00  100.00
09:24:11 AM  179    0.00    0.00    0.00    0.00    0.00    0.00    0.00    0.00    0.00  100.00
09:24:11 AM  180    0.00    0.00    0.00    0.00    0.00    0.00    0.00    0.00    0.00  100.00
09:24:11 AM  181    0.00    0.00    0.00    0.00    0.00    0.00    0.00    0.00    0.00  100.00
09:24:11 AM  182    0.00    0.00    0.00    0.00    0.00    0.00    0.00    0.00    0.00  100.00
09:24:11 AM  183    0.00    0.00    0.00    0.00    0.00    0.00    0.00    0.00    0.00  100.00
09:24:11 AM  184    0.00    0.00    0.00    0.00    0.00    0.00    0.00    0.00    0.00  100.00
09:24:11 AM  185    0.00    0.00    0.00    0.00    0.00    0.00    0.00    0.00    0.00  100.00
09:24:11 AM  186    0.00    0.00    0.00    0.00    0.00    0.00    0.00    0.00    0.00  100.00
09:24:11 AM  187    0.00    0.00    0.00    0.00    0.00    0.00    0.00    0.00    0.00  100.00
09:24:11 AM  188    0.00    0.00    0.00    0.00    0.00    0.00    0.00    0.00    0.00  100.00
09:24:11 AM  189    0.00    0.00    0.00    0.00    0.00    0.00    0.00    0.00    0.00  100.00
09:24:11 AM  190    0.00    0.00    0.00    0.00    0.00    0.00    0.00    0.00    0.00  100.00
09:24:11 AM  191    0.00    0.00    0.00    0.00    0.00    0.00    0.00    0.00    0.00  100.00
09:24:11 AM  192    0.00    0.00    0.00    0.00    0.00    0.00    0.00    0.00    0.00  100.00
09:24:11 AM  193    0.00    0.00    0.00    0.00    0.00    0.00    0.00    0.00    0.00  100.00
09:24:11 AM  194    0.00    0.00    0.00    0.00    0.00    0.00    0.00    0.00    0.00  100.00
09:24:11 AM  195    0.00    0.00    0.00    0.00    0.00    0.00    0.00    0.00    0.00  100.00
09:24:11 AM  196    0.00    0.00    0.00    0.00    0.00    0.00    0.00    0.00    0.00  100.00
09:24:11 AM  197    0.00    0.00    0.00    0.00    0.00    0.00    0.00    0.00    0.00  100.00
09:24:11 AM  198    0.00    0.00    0.00    0.00    0.00    0.00    0.00    0.00    0.00  100.00
09:24:11 AM  199    0.00    0.00    0.00    0.00    0.00    0.00    0.00    0.00    0.00  100.00
09:24:11 AM  200    0.00    0.00    0.00    0.00    0.00    0.00    0.00    0.00    0.00  100.00
09:24:11 AM  201    0.00    0.00    0.00    0.00    0.00    0.00    0.00    0.00    0.00  100.00
09:24:11 AM  202    0.00    0.00    0.00    0.00    0.00    0.00    0.00    0.00    0.00  100.00
09:24:11 AM  203    0.00    0.00    0.00    0.00    0.00    0.00    0.00    0.00    0.00  100.00
09:24:11 AM  204    0.98    0.00    0.98    0.00    0.00    0.00    0.00    0.00    0.00   98.04
09:24:11 AM  205    0.00    0.00    0.00    0.00    0.00    0.00    0.00    0.00    0.00  100.00
09:24:11 AM  206    0.00    0.00    0.00    0.00    0.00    0.00    0.00    0.00    0.00  100.00
09:24:11 AM  207    0.00    0.00    0.00    0.00    0.00    0.00    0.00    0.00    0.00  100.00
09:24:11 AM  208    0.00    0.00    0.00    0.00    0.00    0.00    0.00    0.00    0.00  100.00
09:24:11 AM  209    0.00    0.00    0.00    0.00    0.00    0.00    0.00    0.00    0.00  100.00
09:24:11 AM  210    0.00    0.00    0.00    0.00    0.00    0.00    0.00    0.00    0.00  100.00
09:24:11 AM  211    0.00    0.00    0.00    0.00    0.00    0.00    0.00    0.00    0.00  100.00
09:24:11 AM  212    0.00    0.00    0.00    0.00    0.00    0.00    0.00    0.00    0.00  100.00
09:24:11 AM  213    0.00    0.00    0.00    0.00    0.00    0.00    0.00    0.00    0.00  100.00
09:24:11 AM  214    0.00    0.00    0.00    0.00    0.00    0.00    0.00    0.00    0.00  100.00
09:24:11 AM  215    0.00    0.00    0.00    0.00    0.00    0.00    0.00    0.00    0.00  100.00
09:24:11 AM  216    0.00    0.00    0.00    0.00    0.00    0.00    0.00    0.00    0.00  100.00
09:24:11 AM  217    0.00    0.00    0.00    0.00    0.00    0.00    0.00    0.00    0.00  100.00
09:24:11 AM  218    0.00    0.00    0.00    0.00    0.00    0.00    0.00    0.00    0.00  100.00
09:24:11 AM  219    0.00    0.00    0.00    0.00    0.00    0.00    0.00    0.00    0.00  100.00
09:24:11 AM  220    0.00    0.00    0.00    0.00    0.00    0.00    0.00    0.00    0.00  100.00
09:24:11 AM  221    0.00    0.00    0.00    0.00    0.00    0.00    0.00    0.00    0.00  100.00
09:24:11 AM  222    0.00    0.00    0.00    0.00    0.00    0.00    0.00    0.00    0.00  100.00
09:24:11 AM  223    0.00    0.00    0.00    0.00    0.00    0.00    0.00    0.00    0.00  100.00
09:24:11 AM  224    0.00    0.00    0.00    0.00    0.00    0.00    0.00    0.00    0.00  100.00
09:24:11 AM  225    0.00    0.00    0.00    0.00    0.00    0.00    0.00    0.00    0.00  100.00
09:24:11 AM  226    0.00    0.00    0.00    0.00    0.00    0.00    0.00    0.00    0.00  100.00
09:24:11 AM  227    0.00    0.00    0.00    0.00    0.00    0.00    0.00    0.00    0.00  100.00
09:24:11 AM  228    0.00    0.00    0.00    0.00    0.00    0.00    0.00    0.00    0.00  100.00
09:24:11 AM  229    0.00    0.00    0.00    0.00    0.00    0.00    0.00    0.00    0.00  100.00
09:24:11 AM  230    0.00    0.00    0.00    0.00    0.00    0.00    0.00    0.00    0.00  100.00
09:24:11 AM  231    0.00    0.00    0.00    0.00    0.00    0.00    0.00    0.00    0.00  100.00
09:24:11 AM  232    0.00    0.00    0.00    0.00    0.00    0.00    0.00    0.00    0.00  100.00
09:24:11 AM  233    0.00    0.00    0.00    0.00    0.00    0.00    0.00    0.00    0.00  100.00
09:24:11 AM  234    0.00    0.00    0.00    0.00    0.00    0.00    0.00    0.00    0.00  100.00
09:24:11 AM  235    0.00    0.00    0.00    0.00    0.00    0.00    0.00    0.00    0.00  100.00
09:24:11 AM  236    0.00    0.00    0.00    0.00    0.00    0.00    0.00    0.00    0.00  100.00
09:24:11 AM  237    0.00    0.00    0.00    0.00    0.00    0.00    0.00    0.00    0.00  100.00
09:24:11 AM  238    0.00    0.00    0.00    0.00    0.00    0.00    0.00    0.00    0.00  100.00
09:24:11 AM  239    0.00    0.00    0.00    0.00    0.00    0.00    0.00    0.00    0.00  100.00
09:24:11 AM  240    0.00    0.00    0.00    0.00    0.00    0.00    0.00    0.00    0.00  100.00
09:24:11 AM  241    0.00    0.00    0.00    0.00    0.00    0.00    0.00    0.00    0.00  100.00
09:24:11 AM  242    0.00    0.00    0.00    0.00    0.00    0.00    0.00    0.00    0.00  100.00
09:24:11 AM  243    0.00    0.00    0.00    0.00    0.00    0.00    0.00    0.00    0.00  100.00
09:24:11 AM  244    0.00    0.00    0.00    0.00    0.00    0.00    0.00    0.00    0.00  100.00
09:24:11 AM  245    0.00    0.00    0.00    0.00    0.00    0.00    0.00    0.00    0.00  100.00
09:24:11 AM  246    0.00    0.00    0.00    0.00    0.00    0.00    0.00    0.00    0.00  100.00
09:24:11 AM  247    0.00    0.00    0.00    0.00    0.00    0.00    0.00    0.00    0.00  100.00
09:24:11 AM  248    0.00    0.00    0.00    0.00    0.00    0.00    0.00    0.00    0.00  100.00
09:24:11 AM  249    0.00    0.00    0.00    0.00    0.00    0.00    0.00    0.00    0.00  100.00
09:24:11 AM  250    0.00    0.00    0.00    0.00    0.00    0.00    0.00    0.00    0.00  100.00
09:24:11 AM  251    0.00    0.00    0.00    0.00    0.00    0.00    0.00    0.00    0.00  100.00
09:24:11 AM  252    0.00    0.00    0.00    0.00    0.00    0.00    0.00    0.00    0.00  100.00
09:24:11 AM  253    0.00    0.00    0.00    0.00    0.00    0.00    0.00    0.00    0.00  100.00
09:24:11 AM  254    0.00    0.00    0.00    0.00    0.00    0.00    0.00    0.00    0.00  100.00
09:24:11 AM  255    0.00    0.00    0.00    0.00    0.00    0.00    0.00    0.00    0.00  100.00

09:24:11 AM  CPU    %usr   %nice    %sys %iowait    %irq   %soft  %steal  %guest  %gnice   %idle
09:24:12 AM  all    0.00    0.00    0.39    0.00    0.00    0.00    0.00    0.00    0.00   99.61
09:24:12 AM    0    0.00    0.00    0.00    0.00    0.00    0.00    0.00    0.00    0.00  100.00
09:24:12 AM    1    0.00    0.00    0.00    0.00    0.00    0.00    0.00    0.00    0.00  100.00
09:24:12 AM    2    0.00    0.00    0.00    0.00    0.00    0.00    0.00    0.00    0.00  100.00
09:24:12 AM    3    0.00    0.00    0.00    0.00    0.00    0.00    0.00    0.00    0.00  100.00
09:24:12 AM    4    0.00    0.00    0.00    0.00    0.00    0.00    0.00    0.00    0.00  100.00
09:24:12 AM    5    0.00    0.00    0.00    0.00    0.00    0.00    0.00    0.00    0.00  100.00
09:24:12 AM    6    0.00    0.00    0.00    0.00    0.00    0.00    0.00    0.00    0.00  100.00
09:24:12 AM    7    0.00    0.00    0.00    0.00    0.00    0.00    0.00    0.00    0.00  100.00
09:24:12 AM    8    0.00    0.00    0.00    0.00    0.00    0.00    0.00    0.00    0.00  100.00
09:24:12 AM    9    0.00    0.00    0.00    0.00    0.00    0.00    0.00    0.00    0.00  100.00
09:24:12 AM   10    0.00    0.00    0.00    0.00    0.00    0.00    0.00    0.00    0.00  100.00
09:24:12 AM   11    0.00    0.00    0.00    0.00    0.00    0.00    0.00    0.00    0.00  100.00
09:24:12 AM   12    0.00    0.00    0.00    0.00    0.00    0.00    0.00    0.00    0.00  100.00
09:24:12 AM   13    0.00    0.00    0.00    0.00    0.00    0.00    0.00    0.00    0.00  100.00
09:24:12 AM   14    0.00    0.00    0.00    0.00    0.00    0.00    0.00    0.00    0.00  100.00
09:24:12 AM   15    0.00    0.00    0.00    0.00    0.00    0.00    0.00    0.00    0.00  100.00
09:24:12 AM   16    0.00    0.00    0.00    0.00    0.00    0.00    0.00    0.00    0.00  100.00
09:24:12 AM   17    0.00    0.00    0.00    0.00    0.00    0.00    0.00    0.00    0.00  100.00
09:24:12 AM   18    0.00    0.00    0.00    0.00    0.00    0.00    0.00    0.00    0.00  100.00
09:24:12 AM   19    0.00    0.00    0.00    0.00    0.00    0.00    0.00    0.00    0.00  100.00
09:24:12 AM   20    0.00    0.00    0.00    0.00    0.00    0.00    0.00    0.00    0.00  100.00
09:24:12 AM   21    0.00    0.00    0.00    0.00    0.00    0.00    0.00    0.00    0.00  100.00
09:24:12 AM   22    0.00    0.00    0.00    0.00    0.00    0.00    0.00    0.00    0.00  100.00
09:24:12 AM   23    0.00    0.00    0.00    0.00    0.00    0.00    0.00    0.00    0.00  100.00
09:24:12 AM   24    0.00    0.00    0.00    0.00    0.00    0.00    0.00    0.00    0.00  100.00
09:24:12 AM   25    0.00    0.00    0.00    0.00    0.00    0.00    0.00    0.00    0.00  100.00
09:24:12 AM   26    0.00    0.00    0.00    0.00    0.00    0.00    0.00    0.00    0.00  100.00
09:24:12 AM   27    0.00    0.00    0.00    0.00    0.00    0.00    0.00    0.00    0.00  100.00
09:24:12 AM   28    0.00    0.00    0.00    0.00    0.00    0.00    0.00    0.00    0.00  100.00
09:24:12 AM   29    0.00    0.00    0.00    0.00    0.00    0.00    0.00    0.00    0.00  100.00
09:24:12 AM   30    0.00    0.00    0.00    0.00    0.00    0.00    0.00    0.00    0.00  100.00
09:24:12 AM   31    0.00    0.00    0.00    0.00    0.00    0.00    0.00    0.00    0.00  100.00
09:24:12 AM   32    0.00    0.00    0.00    0.00    0.00    0.00    0.00    0.00    0.00  100.00
09:24:12 AM   33    0.00    0.00    0.00    0.00    0.00    0.00    0.00    0.00    0.00  100.00
09:24:12 AM   34    0.00    0.00  100.00    0.00    0.00    0.00    0.00    0.00    0.00    0.00
09:24:12 AM   35    0.00    0.00    0.00    0.00    0.00    0.00    0.00    0.00    0.00  100.00
09:24:12 AM   36    0.00    0.00    0.00    0.00    0.00    0.00    0.00    0.00    0.00  100.00
09:24:12 AM   37    0.00    0.00    0.00    0.00    0.00    0.00    0.00    0.00    0.00  100.00
09:24:12 AM   38    0.00    0.00    0.00    0.00    0.00    0.00    0.00    0.00    0.00  100.00
09:24:12 AM   39    0.00    0.00    0.00    0.00    0.00    0.00    0.00    0.00    0.00  100.00
09:24:12 AM   40    0.00    0.00    0.00    0.00    0.00    0.00    0.00    0.00    0.00  100.00
09:24:12 AM   41    0.00    0.00    0.00    0.00    0.00    0.00    0.00    0.00    0.00  100.00
09:24:12 AM   42    0.00    0.00    0.00    0.00    0.00    0.00    0.00    0.00    0.00  100.00
09:24:12 AM   43    0.00    0.00    0.00    0.00    0.00    0.00    0.00    0.00    0.00  100.00
09:24:12 AM   44    0.00    0.00    0.00    0.00    0.00    0.00    0.00    0.00    0.00  100.00
09:24:12 AM   45    0.00    0.00    0.00    0.00    0.00    0.00    0.00    0.00    0.00  100.00
09:24:12 AM   46    0.00    0.00    0.00    0.00    0.00    0.00    0.00    0.00    0.00  100.00
09:24:12 AM   47    0.00    0.00    0.00    0.00    0.00    0.00    0.00    0.00    0.00  100.00
09:24:12 AM   48    0.00    0.00    0.00    0.00    0.00    0.00    0.00    0.00    0.00  100.00
09:24:12 AM   49    0.00    0.00    0.00    0.00    0.00    0.00    0.00    0.00    0.00  100.00
09:24:12 AM   50    0.00    0.00    0.00    0.00    0.00    0.00    0.00    0.00    0.00  100.00
09:24:12 AM   51    0.00    0.00    0.00    0.00    0.00    0.00    0.00    0.00    0.00  100.00
09:24:12 AM   52    0.00    0.00    0.00    0.00    0.00    0.00    0.00    0.00    0.00  100.00
09:24:12 AM   53    0.00    0.00    0.00    0.00    0.00    0.00    0.00    0.00    0.00  100.00
09:24:12 AM   54    0.00    0.00    0.00    0.00    0.00    0.00    0.00    0.00    0.00  100.00
09:24:12 AM   55    0.00    0.00    0.00    0.00    0.00    0.00    0.00    0.00    0.00  100.00
09:24:12 AM   56    0.00    0.00    0.00    0.00    0.00    0.00    0.00    0.00    0.00  100.00
09:24:12 AM   57    0.00    0.00    0.00    0.00    0.00    0.00    0.00    0.00    0.00  100.00
09:24:12 AM   58    0.00    0.00    0.00    0.00    0.00    0.00    0.00    0.00    0.00  100.00
09:24:12 AM   59    0.00    0.00    0.00    0.00    0.00    0.00    0.00    0.00    0.00  100.00
09:24:12 AM   60    0.00    0.00    0.00    0.00    0.00    0.00    0.00    0.00    0.00  100.00
09:24:12 AM   61    0.00    0.00    0.00    0.00    0.00    0.00    0.00    0.00    0.00  100.00
09:24:12 AM   62    0.00    0.00    0.00    0.00    0.00    0.00    0.00    0.00    0.00  100.00
09:24:12 AM   63    0.00    0.00    0.00    0.00    0.00    0.00    0.00    0.00    0.00  100.00
09:24:12 AM   64    0.00    0.00    0.00    0.00    0.00    0.00    0.00    0.00    0.00  100.00
09:24:12 AM   65    0.00    0.00    0.00    0.00    0.00    0.00    0.00    0.00    0.00  100.00
09:24:12 AM   66    0.00    0.00    0.00    0.00    0.00    0.00    0.00    0.00    0.00  100.00
09:24:12 AM   67    0.00    0.00    0.00    0.00    0.00    0.00    0.00    0.00    0.00  100.00
09:24:12 AM   68    0.00    0.00    0.00    0.00    0.00    0.00    0.00    0.00    0.00  100.00
09:24:12 AM   69    0.00    0.00    0.00    0.00    0.00    0.00    0.00    0.00    0.00  100.00
09:24:12 AM   70    0.00    0.00    0.00    0.00    0.00    0.00    0.00    0.00    0.00  100.00
09:24:12 AM   71    0.00    0.00    0.00    0.00    0.00    0.00    0.00    0.00    0.00  100.00
09:24:12 AM   72    0.00    0.00    0.00    0.00    0.00    0.00    0.00    0.00    0.00  100.00
09:24:12 AM   73    0.00    0.00    0.00    0.00    0.00    0.00    0.00    0.00    0.00  100.00
09:24:12 AM   74    0.00    0.00    0.00    0.00    0.00    0.00    0.00    0.00    0.00  100.00
09:24:12 AM   75    0.00    0.00    0.00    0.00    0.00    0.00    0.00    0.00    0.00  100.00
09:24:12 AM   76    0.00    0.00    0.00    0.00    0.00    0.00    0.00    0.00    0.00  100.00
09:24:12 AM   77    0.00    0.00    0.00    0.00    0.00    0.00    0.00    0.00    0.00  100.00
09:24:12 AM   78    0.00    0.00    0.00    0.00    0.00    0.00    0.00    0.00    0.00  100.00
09:24:12 AM   79    0.00    0.00    0.00    0.00    0.00    0.00    0.00    0.00    0.00  100.00
09:24:12 AM   80    0.00    0.00    0.00    0.00    0.00    0.00    0.00    0.00    0.00  100.00
09:24:12 AM   81    0.00    0.00    0.00    0.00    0.00    0.00    0.00    0.00    0.00  100.00
09:24:12 AM   82    0.00    0.00    0.00    0.00    0.00    0.00    0.00    0.00    0.00  100.00
09:24:12 AM   83    0.00    0.00    0.00    0.00    0.00    0.00    0.00    0.00    0.00  100.00
09:24:12 AM   84    0.00    0.00    0.00    0.00    0.00    0.00    0.00    0.00    0.00  100.00
09:24:12 AM   85    0.00    0.00    0.00    0.00    0.00    0.00    0.00    0.00    0.00  100.00
09:24:12 AM   86    0.00    0.00    0.00    0.00    0.00    0.00    0.00    0.00    0.00  100.00
09:24:12 AM   87    0.00    0.00    0.00    0.00    0.00    0.00    0.00    0.00    0.00  100.00
09:24:12 AM   88    0.00    0.00    0.00    0.00    0.00    0.00    0.00    0.00    0.00  100.00
09:24:12 AM   89    0.00    0.00    0.00    0.00    0.00    0.00    0.00    0.00    0.00  100.00
09:24:12 AM   90    0.00    0.00    0.00    0.00    0.00    0.00    0.00    0.00    0.00  100.00
09:24:12 AM   91    0.00    0.00    0.00    0.00    0.00    0.00    0.00    0.00    0.00  100.00
09:24:12 AM   92    0.00    0.00    0.00    0.00    0.00    0.00    0.00    0.00    0.00  100.00
09:24:12 AM   93    0.00    0.00    0.00    0.00    0.00    0.00    0.00    0.00    0.00  100.00
09:24:12 AM   94    0.00    0.00    0.00    0.00    0.00    0.00    0.00    0.00    0.00  100.00
09:24:12 AM   95    0.00    0.00    0.00    0.00    0.00    0.00    0.00    0.00    0.00  100.00
09:24:12 AM   96    0.00    0.00    0.00    0.00    0.00    0.00    0.00    0.00    0.00  100.00
09:24:12 AM   97    0.00    0.00    0.00    0.00    0.00    0.00    0.00    0.00    0.00  100.00
09:24:12 AM   98    0.00    0.00    0.00    0.00    0.00    0.00    0.00    0.00    0.00  100.00
09:24:12 AM   99    0.00    0.00    0.00    0.00    0.00    0.00    0.00    0.00    0.00  100.00
09:24:12 AM  100    0.00    0.00    0.00    0.00    0.00    0.00    0.00    0.00    0.00  100.00
09:24:12 AM  101    0.00    0.00    0.00    0.00    0.00    0.00    0.00    0.00    0.00  100.00
09:24:12 AM  102    0.00    0.00    0.00    0.00    0.00    0.00    0.00    0.00    0.00  100.00
09:24:12 AM  103    0.00    0.00    0.00    0.00    0.00    0.00    0.00    0.00    0.00  100.00
09:24:12 AM  104    0.00    0.00    0.00    0.00    0.00    0.00    0.00    0.00    0.00  100.00
09:24:12 AM  105    0.00    0.00    0.00    0.00    0.00    0.00    0.00    0.00    0.00  100.00
09:24:12 AM  106    0.00    0.00    0.00    0.00    0.00    0.00    0.00    0.00    0.00  100.00
09:24:12 AM  107    0.00    0.00    0.00    0.00    0.00    0.00    0.00    0.00    0.00  100.00
09:24:12 AM  108    0.00    0.00    0.00    0.00    0.00    0.00    0.00    0.00    0.00  100.00
09:24:12 AM  109    0.00    0.00    0.00    0.00    0.00    0.00    0.00    0.00    0.00  100.00
09:24:12 AM  110    0.00    0.00    0.00    0.00    0.00    0.00    0.00    0.00    0.00  100.00
09:24:12 AM  111    0.00    0.00    0.00    0.00    0.00    0.00    0.00    0.00    0.00  100.00
09:24:12 AM  112    0.00    0.00    0.00    0.00    0.00    0.00    0.00    0.00    0.00  100.00
09:24:12 AM  113    0.00    0.00    0.00    0.00    0.00    0.00    0.00    0.00    0.00  100.00
09:24:12 AM  114    0.00    0.00    0.00    0.00    0.00    0.00    0.00    0.00    0.00  100.00
09:24:12 AM  115    0.00    0.00    0.00    0.00    0.00    0.00    0.00    0.00    0.00  100.00
09:24:12 AM  116    0.00    0.00    0.00    0.00    0.00    0.00    0.00    0.00    0.00  100.00
09:24:12 AM  117    0.00    0.00    0.00    0.00    0.00    0.00    0.00    0.00    0.00  100.00
09:24:12 AM  118    0.00    0.00    0.00    0.00    0.00    0.00    0.00    0.00    0.00  100.00
09:24:12 AM  119    0.00    0.00    0.00    0.00    0.00    0.00    0.00    0.00    0.00  100.00
09:24:12 AM  120    0.00    0.00    0.00    0.00    0.00    0.00    0.00    0.00    0.00  100.00
09:24:12 AM  121    0.00    0.00    0.00    0.00    0.00    0.00    0.00    0.00    0.00  100.00
09:24:12 AM  122    0.00    0.00    0.00    0.00    0.00    0.00    0.00    0.00    0.00  100.00
09:24:12 AM  123    0.00    0.00    0.00    0.00    0.00    0.00    0.00    0.00    0.00  100.00
09:24:12 AM  124    0.00    0.00    0.00    0.00    0.00    0.00    0.00    0.00    0.00  100.00
09:24:12 AM  125    0.00    0.00    0.00    0.00    0.00    0.00    0.00    0.00    0.00  100.00
09:24:12 AM  126    0.00    0.00    0.00    0.00    0.00    0.00    0.00    0.00    0.00  100.00
09:24:12 AM  127    0.00    0.00    0.00    0.00    0.00    0.00    0.00    0.00    0.00  100.00
09:24:12 AM  128    0.00    0.00    0.00    0.00    0.00    0.00    0.00    0.00    0.00  100.00
09:24:12 AM  129    0.00    0.00    0.00    0.00    0.00    0.00    0.00    0.00    0.00  100.00
09:24:12 AM  130    0.00    0.00    0.00    0.00    0.00    0.00    0.00    0.00    0.00  100.00
09:24:12 AM  131    0.00    0.00    0.00    0.00    0.00    0.00    0.00    0.00    0.00  100.00
09:24:12 AM  132    0.00    0.00    0.00    0.00    0.00    0.00    0.00    0.00    0.00  100.00
09:24:12 AM  133    0.00    0.00    0.00    0.00    0.00    0.00    0.00    0.00    0.00  100.00
09:24:12 AM  134    0.00    0.00    0.00    0.00    0.00    0.00    0.00    0.00    0.00  100.00
09:24:12 AM  135    0.00    0.00    0.00    0.00    0.00    0.00    0.00    0.00    0.00  100.00
09:24:12 AM  136    0.00    0.00    0.00    0.00    0.00    0.00    0.00    0.00    0.00  100.00
09:24:12 AM  137    0.00    0.00    0.00    0.00    0.00    0.00    0.00    0.00    0.00  100.00
09:24:12 AM  138    0.00    0.00    0.00    0.00    0.00    0.00    0.00    0.00    0.00  100.00
09:24:12 AM  139    0.00    0.00    0.00    0.00    0.00    0.00    0.00    0.00    0.00  100.00
09:24:12 AM  140    0.00    0.00    0.00    0.00    0.00    0.00    0.00    0.00    0.00  100.00
09:24:12 AM  141    0.00    0.00    0.00    0.00    0.00    0.00    0.00    0.00    0.00  100.00
09:24:12 AM  142    0.00    0.00    0.00    0.00    0.00    0.00    0.00    0.00    0.00  100.00
09:24:12 AM  143    0.00    0.00    0.00    0.00    0.00    0.00    0.00    0.00    0.00  100.00
09:24:12 AM  144    0.00    0.00    0.00    0.00    0.00    0.00    0.00    0.00    0.00  100.00
09:24:12 AM  145    0.00    0.00    0.00    0.00    0.00    0.00    0.00    0.00    0.00  100.00
09:24:12 AM  146    0.00    0.00    0.00    0.00    0.00    0.00    0.00    0.00    0.00  100.00
09:24:12 AM  147    0.00    0.00    0.00    0.00    0.00    0.00    0.00    0.00    0.00  100.00
09:24:12 AM  148    0.00    0.00    0.00    0.00    0.00    0.00    0.00    0.00    0.00  100.00
09:24:12 AM  149    0.00    0.00    0.00    0.00    0.00    0.00    0.00    0.00    0.00  100.00
09:24:12 AM  150    0.00    0.00    0.00    0.00    0.00    0.00    0.00    0.00    0.00  100.00
09:24:12 AM  151    0.00    0.00    0.00    0.00    0.00    0.00    0.00    0.00    0.00  100.00
09:24:12 AM  152    0.00    0.00    0.00    0.00    0.00    0.00    0.00    0.00    0.00  100.00
09:24:12 AM  153    0.00    0.00    0.00    0.00    0.00    0.00    0.00    0.00    0.00  100.00
09:24:12 AM  154    0.00    0.00    0.00    0.00    0.00    0.00    0.00    0.00    0.00  100.00
09:24:12 AM  155    0.00    0.00    0.00    0.00    0.00    0.00    0.00    0.00    0.00  100.00
09:24:12 AM  156    0.00    0.00    0.00    0.00    0.00    0.00    0.00    0.00    0.00  100.00
09:24:12 AM  157    0.00    0.00    0.00    0.00    0.00    0.00    0.00    0.00    0.00  100.00
09:24:12 AM  158    0.00    0.00    0.00    0.00    0.00    0.00    0.00    0.00    0.00  100.00
09:24:12 AM  159    0.00    0.00    0.00    0.00    0.00    0.00    0.00    0.00    0.00  100.00
09:24:12 AM  160    0.00    0.00    0.00    0.00    0.00    0.00    0.00    0.00    0.00  100.00
09:24:12 AM  161    0.00    0.00    0.00    0.00    0.00    0.00    0.00    0.00    0.00  100.00
09:24:12 AM  162    0.00    0.00    0.00    0.00    0.00    0.00    0.00    0.00    0.00  100.00
09:24:12 AM  163    0.00    0.00    0.00    0.00    0.00    0.00    0.00    0.00    0.00  100.00
09:24:12 AM  164    0.00    0.00    0.00    0.00    0.00    0.00    0.00    0.00    0.00  100.00
09:24:12 AM  165    0.00    0.00    0.00    0.00    0.00    0.00    0.00    0.00    0.00  100.00
09:24:12 AM  166    0.00    0.00    0.00    0.00    0.00    0.00    0.00    0.00    0.00  100.00
09:24:12 AM  167    0.00    0.00    0.00    0.00    0.00    0.00    0.00    0.00    0.00  100.00
09:24:12 AM  168    0.00    0.00    0.00    0.00    0.00    0.00    0.00    0.00    0.00  100.00
09:24:12 AM  169    0.00    0.00    0.00    0.00    0.00    0.00    0.00    0.00    0.00  100.00
09:24:12 AM  170    0.00    0.00    0.00    0.00    0.00    0.00    0.00    0.00    0.00  100.00
09:24:12 AM  171    0.00    0.00    0.00    0.00    0.00    0.00    0.00    0.00    0.00  100.00
09:24:12 AM  172    0.00    0.00    0.00    0.00    0.00    0.00    0.00    0.00    0.00  100.00
09:24:12 AM  173    0.00    0.00    0.00    0.00    0.00    0.00    0.00    0.00    0.00  100.00
09:24:12 AM  174    0.00    0.00    0.00    0.00    0.00    0.00    0.00    0.00    0.00  100.00
09:24:12 AM  175    0.00    0.00    0.00    0.00    0.00    0.00    0.00    0.00    0.00  100.00
09:24:12 AM  176    0.00    0.00    0.00    0.00    0.00    0.00    0.00    0.00    0.00  100.00
09:24:12 AM  177    0.00    0.00    0.00    0.00    0.00    0.00    0.00    0.00    0.00  100.00
09:24:12 AM  178    0.00    0.00    0.00    0.00    0.00    0.00    0.00    0.00    0.00  100.00
09:24:12 AM  179    0.00    0.00    0.00    0.00    0.00    0.00    0.00    0.00    0.00  100.00
09:24:12 AM  180    0.00    0.00    0.00    0.00    0.00    0.00    0.00    0.00    0.00  100.00
09:24:12 AM  181    0.00    0.00    0.00    0.00    0.00    0.00    0.00    0.00    0.00  100.00
09:24:12 AM  182    0.00    0.00    0.00    0.00    0.00    0.00    0.00    0.00    0.00  100.00
09:24:12 AM  183    0.00    0.00    0.00    0.00    0.00    0.00    0.00    0.00    0.00  100.00
09:24:12 AM  184    0.00    0.00    0.00    0.00    0.00    0.00    0.00    0.00    0.00  100.00
09:24:12 AM  185    0.00    0.00    0.00    0.00    0.00    0.00    0.00    0.00    0.00  100.00
09:24:12 AM  186    0.00    0.00    0.00    0.00    0.00    0.00    0.00    0.00    0.00  100.00
09:24:12 AM  187    0.00    0.00    0.00    0.00    0.00    0.00    0.00    0.00    0.00  100.00
09:24:12 AM  188    0.00    0.00    0.00    0.00    0.00    0.00    0.00    0.00    0.00  100.00
09:24:12 AM  189    0.00    0.00    0.00    0.00    0.00    0.00    0.00    0.00    0.00  100.00
09:24:12 AM  190    0.00    0.00    0.00    0.00    0.00    0.00    0.00    0.00    0.00  100.00
09:24:12 AM  191    0.00    0.00    0.00    0.00    0.00    0.00    0.00    0.00    0.00  100.00
09:24:12 AM  192    0.00    0.00    0.00    0.00    0.00    0.00    0.00    0.00    0.00  100.00
09:24:12 AM  193    0.00    0.00    0.00    0.00    0.00    0.00    0.00    0.00    0.00  100.00
09:24:12 AM  194    0.00    0.00    0.00    0.00    0.00    0.00    0.00    0.00    0.00  100.00
09:24:12 AM  195    0.00    0.00    0.00    0.00    0.00    0.00    0.00    0.00    0.00  100.00
09:24:12 AM  196    0.00    0.00    0.00    0.00    0.00    0.00    0.00    0.00    0.00  100.00
09:24:12 AM  197    0.00    0.00    0.00    0.00    0.00    0.00    0.00    0.00    0.00  100.00
09:24:12 AM  198    0.00    0.00    0.00    0.00    0.00    0.00    0.00    0.00    0.00  100.00
09:24:12 AM  199    0.00    0.00    0.00    0.00    0.00    0.00    0.00    0.00    0.00  100.00
09:24:12 AM  200    0.00    0.00    0.00    0.00    0.00    0.00    0.00    0.00    0.00  100.00
09:24:12 AM  201    0.00    0.00    0.00    0.00    0.00    0.00    0.00    0.00    0.00  100.00
09:24:12 AM  202    0.00    0.00    0.00    0.00    0.00    0.00    0.00    0.00    0.00  100.00
09:24:12 AM  203    0.00    0.00    0.00    0.00    0.00    0.00    0.00    0.00    0.00  100.00
09:24:12 AM  204    0.00    0.00    0.00    0.00    0.00    0.00    0.00    0.00    0.00  100.00
09:24:12 AM  205    0.00    0.00    0.00    0.00    0.00    0.00    0.00    0.00    0.00  100.00
09:24:12 AM  206    0.00    0.00    0.00    0.00    0.00    0.00    0.00    0.00    0.00  100.00
09:24:12 AM  207    0.00    0.00    0.00    0.00    0.00    0.00    0.00    0.00    0.00  100.00
09:24:12 AM  208    0.00    0.00    0.00    0.00    0.00    0.00    0.00    0.00    0.00  100.00
09:24:12 AM  209    0.00    0.00    0.00    0.00    0.00    0.00    0.00    0.00    0.00  100.00
09:24:12 AM  210    0.00    0.00    0.00    0.00    0.00    0.00    0.00    0.00    0.00  100.00
09:24:12 AM  211    0.00    0.00    0.00    0.00    0.00    0.00    0.00    0.00    0.00  100.00
09:24:12 AM  212    0.00    0.00    0.00    0.00    0.00    0.00    0.00    0.00    0.00  100.00
09:24:12 AM  213    0.00    0.00    0.00    0.00    0.00    0.00    0.00    0.00    0.00  100.00
09:24:12 AM  214    0.00    0.00    0.00    0.00    0.00    0.00    0.00    0.00    0.00  100.00
09:24:12 AM  215    0.00    0.00    0.00    0.00    0.00    0.00    0.00    0.00    0.00  100.00
09:24:12 AM  216    0.00    0.00    0.00    0.00    0.00    0.00    0.00    0.00    0.00  100.00
09:24:12 AM  217    0.00    0.00    0.00    0.00    0.00    0.00    0.00    0.00    0.00  100.00
09:24:12 AM  218    0.00    0.00    0.00    0.00    0.00    0.00    0.00    0.00    0.00  100.00
09:24:12 AM  219    0.00    0.00    0.00    0.00    0.00    0.00    0.00    0.00    0.00  100.00
09:24:12 AM  220    0.00    0.00    0.00    0.00    0.00    0.00    0.00    0.00    0.00  100.00
09:24:12 AM  221    0.00    0.00    0.00    0.00    0.00    0.00    0.00    0.00    0.00  100.00
09:24:12 AM  222    0.00    0.00    0.00    0.00    0.00    0.00    0.00    0.00    0.00  100.00
09:24:12 AM  223    0.00    0.00    0.00    0.00    0.00    0.00    0.00    0.00    0.00  100.00
09:24:12 AM  224    0.00    0.00    0.00    0.00    0.00    0.00    0.00    0.00    0.00  100.00
09:24:12 AM  225    0.00    0.00    0.00    0.00    0.00    0.00    0.00    0.00    0.00  100.00
09:24:12 AM  226    0.00    0.00    0.00    0.00    0.00    0.00    0.00    0.00    0.00  100.00
09:24:12 AM  227    0.00    0.00    0.00    0.00    0.00    0.00    0.00    0.00    0.00  100.00
09:24:12 AM  228    0.00    0.00    0.00    0.00    0.00    0.00    0.00    0.00    0.00  100.00
09:24:12 AM  229    0.00    0.00    0.00    0.00    0.00    0.00    0.00    0.00    0.00  100.00
09:24:12 AM  230    0.00    0.00    0.00    0.00    0.00    0.00    0.00    0.00    0.00  100.00
09:24:12 AM  231    0.00    0.00    0.00    0.00    0.00    0.00    0.00    0.00    0.00  100.00
09:24:12 AM  232    0.00    0.00    0.00    0.00    0.00    0.00    0.00    0.00    0.00  100.00
09:24:12 AM  233    0.00    0.00    0.00    0.00    0.00    0.00    0.00    0.00    0.00  100.00
09:24:12 AM  234    0.00    0.00    0.00    0.00    0.00    0.00    0.00    0.00    0.00  100.00
09:24:12 AM  235    0.00    0.00    0.00    0.00    0.00    0.00    0.00    0.00    0.00  100.00
09:24:12 AM  236    0.00    0.00    0.00    0.00    0.00    0.00    0.00    0.00    0.00  100.00
09:24:12 AM  237    0.00    0.00    0.00    0.00    0.00    0.00    0.00    0.00    0.00  100.00
09:24:12 AM  238    0.00    0.00    0.00    0.00    0.00    0.00    0.00    0.00    0.00  100.00
09:24:12 AM  239    0.00    0.00    0.00    0.00    0.00    0.00    0.00    0.00    0.00  100.00
09:24:12 AM  240    0.00    0.00    0.00    0.00    0.00    0.00    0.00    0.00    0.00  100.00
09:24:12 AM  241    0.00    0.00    0.00    0.00    0.00    0.00    0.00    0.00    0.00  100.00
09:24:12 AM  242    0.00    0.00    0.00    0.00    0.00    0.00    0.00    0.00    0.00  100.00
09:24:12 AM  243    0.00    0.00    0.00    0.00    0.00    0.00    0.00    0.00    0.00  100.00
09:24:12 AM  244    0.00    0.00    0.00    0.00    0.00    0.00    0.00    0.00    0.00  100.00
09:24:12 AM  245    0.00    0.00    0.00    0.00    0.00    0.00    0.00    0.00    0.00  100.00
09:24:12 AM  246    0.00    0.00    0.00    0.00    0.00    0.00    0.00    0.00    0.00  100.00
09:24:12 AM  247    0.00    0.00    0.00    0.00    0.00    0.00    0.00    0.00    0.00  100.00
09:24:12 AM  248    0.00    0.00    0.00    0.00    0.00    0.00    0.00    0.00    0.00  100.00
09:24:12 AM  249    0.00    0.00    0.00    0.00    0.00    0.00    0.00    0.00    0.00  100.00
09:24:12 AM  250    0.00    0.00    0.00    0.00    0.00    0.00    0.00    0.00    0.00  100.00
09:24:12 AM  251    0.00    0.00    0.00    0.00    0.00    0.00    0.00    0.00    0.00  100.00
09:24:12 AM  252    0.00    0.00    0.00    0.00    0.00    0.00    0.00    0.00    0.00  100.00
09:24:12 AM  253    0.00    0.00    0.00    0.00    0.00    0.00    0.00    0.00    0.00  100.00
09:24:12 AM  254    0.00    0.00    0.00    0.00    0.00    0.00    0.00    0.00    0.00  100.00
09:24:12 AM  255    0.00    0.00    0.00    0.00    0.00    0.00    0.00    0.00    0.00  100.00

09:24:12 AM  CPU    %usr   %nice    %sys %iowait    %irq   %soft  %steal  %guest  %gnice   %idle
09:24:13 AM  all    0.00    0.00    0.39    0.00    0.00    0.00    0.00    0.00    0.00   99.61
09:24:13 AM    0    0.00    0.00    0.00    0.00    0.00    0.00    0.00    0.00    0.00  100.00
09:24:13 AM    1    0.00    0.00    0.00    0.00    0.00    0.00    0.00    0.00    0.00  100.00
09:24:13 AM    2    0.00    0.00    0.00    0.00    0.00    0.00    0.00    0.00    0.00  100.00
09:24:13 AM    3    0.00    0.00    0.00    0.00    0.00    0.00    0.00    0.00    0.00  100.00
09:24:13 AM    4    0.00    0.00    0.00    0.00    0.00    0.00    0.00    0.00    0.00  100.00
09:24:13 AM    5    0.00    0.00    0.00    0.00    0.00    0.00    0.00    0.00    0.00  100.00
09:24:13 AM    6    0.00    0.00    0.00    0.00    0.00    0.00    0.00    0.00    0.00  100.00
09:24:13 AM    7    0.00    0.00    0.00    0.00    0.00    0.00    0.00    0.00    0.00  100.00
09:24:13 AM    8    0.00    0.00    0.00    0.00    0.00    0.00    0.00    0.00    0.00  100.00
09:24:13 AM    9    0.00    0.00    0.00    0.00    0.00    0.00    0.00    0.00    0.00  100.00
09:24:13 AM   10    0.00    0.00    0.00    0.00    0.00    0.00    0.00    0.00    0.00  100.00
09:24:13 AM   11    0.00    0.00    0.00    0.00    0.00    0.00    0.00    0.00    0.00  100.00
09:24:13 AM   12    0.00    0.00    0.00    0.00    0.00    0.00    0.00    0.00    0.00  100.00
09:24:13 AM   13    0.00    0.00    0.00    0.00    0.00    0.00    0.00    0.00    0.00  100.00
09:24:13 AM   14    0.00    0.00    0.00    0.00    0.00    0.00    0.00    0.00    0.00  100.00
09:24:13 AM   15    0.00    0.00    0.00    0.00    0.00    0.00    0.00    0.00    0.00  100.00
09:24:13 AM   16    0.00    0.00    0.00    0.00    0.00    0.00    0.00    0.00    0.00  100.00
09:24:13 AM   17    0.00    0.00    0.00    0.00    0.00    0.00    0.00    0.00    0.00  100.00
09:24:13 AM   18    0.00    0.00    0.00    0.00    0.00    0.00    0.00    0.00    0.00  100.00
09:24:13 AM   19    0.00    0.00    0.00    0.00    0.00    0.00    0.00    0.00    0.00  100.00
09:24:13 AM   20    0.00    0.00    0.00    0.00    0.00    0.00    0.00    0.00    0.00  100.00
09:24:13 AM   21    0.00    0.00    0.00    0.00    0.00    0.00    0.00    0.00    0.00  100.00
09:24:13 AM   22    0.00    0.00    0.00    0.00    0.00    0.00    0.00    0.00    0.00  100.00
09:24:13 AM   23    0.00    0.00    0.00    0.00    0.00    0.00    0.00    0.00    0.00  100.00
09:24:13 AM   24    0.00    0.00    0.00    0.00    0.00    0.00    0.00    0.00    0.00  100.00
09:24:13 AM   25    0.00    0.00    0.00    0.00    0.00    0.00    0.00    0.00    0.00  100.00
09:24:13 AM   26    0.00    0.00    0.00    0.00    0.00    0.00    0.00    0.00    0.00  100.00
09:24:13 AM   27    0.00    0.00    0.00    0.00    0.00    0.00    0.00    0.00    0.00  100.00
09:24:13 AM   28    0.00    0.00    0.00    0.00    0.00    0.00    0.00    0.00    0.00  100.00
09:24:13 AM   29    0.00    0.00    0.00    0.00    0.00    0.00    0.00    0.00    0.00  100.00
09:24:13 AM   30    0.00    0.00    0.00    0.00    0.00    0.00    0.00    0.00    0.00  100.00
09:24:13 AM   31    0.00    0.00    0.00    0.00    0.00    0.00    0.00    0.00    0.00  100.00
09:24:13 AM   32    0.00    0.00    0.00    0.00    0.00    0.00    0.00    0.00    0.00  100.00
09:24:13 AM   33    0.00    0.00    0.00    0.00    0.00    0.00    0.00    0.00    0.00  100.00
09:24:13 AM   34    0.00    0.00  100.00    0.00    0.00    0.00    0.00    0.00    0.00    0.00
09:24:13 AM   35    0.00    0.00    0.00    0.00    0.00    0.00    0.00    0.00    0.00  100.00
09:24:13 AM   36    0.00    0.00    0.00    0.00    0.00    0.00    0.00    0.00    0.00  100.00
09:24:13 AM   37    0.00    0.00    0.00    0.00    0.00    0.00    0.00    0.00    0.00  100.00
09:24:13 AM   38    0.00    0.00    0.00    0.00    0.00    0.00    0.00    0.00    0.00  100.00
09:24:13 AM   39    0.00    0.00    0.00    0.00    0.00    0.00    0.00    0.00    0.00  100.00
09:24:13 AM   40    0.00    0.00    0.00    0.00    0.00    0.00    0.00    0.00    0.00  100.00
09:24:13 AM   41    0.00    0.00    0.00    0.00    0.00    0.00    0.00    0.00    0.00  100.00
09:24:13 AM   42    0.00    0.00    0.00    0.00    0.00    0.00    0.00    0.00    0.00  100.00
09:24:13 AM   43    0.00    0.00    0.00    0.00    0.00    0.00    0.00    0.00    0.00  100.00
09:24:13 AM   44    0.00    0.00    0.00    0.00    0.00    0.00    0.00    0.00    0.00  100.00
09:24:13 AM   45    0.00    0.00    0.00    0.00    0.00    0.00    0.00    0.00    0.00  100.00
09:24:13 AM   46    0.00    0.00    0.00    0.00    0.00    0.00    0.00    0.00    0.00  100.00
09:24:13 AM   47    0.00    0.00    0.00    0.00    0.00    0.00    0.00    0.00    0.00  100.00
09:24:13 AM   48    0.00    0.00    0.00    0.00    0.00    0.00    0.00    0.00    0.00  100.00
09:24:13 AM   49    0.00    0.00    0.00    0.00    0.00    0.00    0.00    0.00    0.00  100.00
09:24:13 AM   50    0.00    0.00    0.00    0.00    0.00    0.00    0.00    0.00    0.00  100.00
09:24:13 AM   51    0.00    0.00    0.00    0.00    0.00    0.00    0.00    0.00    0.00  100.00
09:24:13 AM   52    0.00    0.00    0.00    0.00    0.00    0.00    0.00    0.00    0.00  100.00
09:24:13 AM   53    0.00    0.00    0.00    0.00    0.00    0.00    0.00    0.00    0.00  100.00
09:24:13 AM   54    0.00    0.00    0.00    0.00    0.00    0.00    0.00    0.00    0.00  100.00
09:24:13 AM   55    0.00    0.00    0.00    0.00    0.00    0.00    0.00    0.00    0.00  100.00
09:24:13 AM   56    0.00    0.00    0.00    0.00    0.00    0.00    0.00    0.00    0.00  100.00
09:24:13 AM   57    0.00    0.00    0.00    0.00    0.00    0.00    0.00    0.00    0.00  100.00
09:24:13 AM   58    0.00    0.00    0.00    0.00    0.00    0.00    0.00    0.00    0.00  100.00
09:24:13 AM   59    0.00    0.00    0.00    0.00    0.00    0.00    0.00    0.00    0.00  100.00
09:24:13 AM   60    0.00    0.00    0.00    0.00    0.00    0.00    0.00    0.00    0.00  100.00
09:24:13 AM   61    0.00    0.00    0.00    0.00    0.00    0.00    0.00    0.00    0.00  100.00
09:24:13 AM   62    0.00    0.00    0.00    0.00    0.00    0.00    0.00    0.00    0.00  100.00
09:24:13 AM   63    0.00    0.00    0.00    0.00    0.00    0.00    0.00    0.00    0.00  100.00
09:24:13 AM   64    0.00    0.00    0.00    0.00    0.00    0.00    0.00    0.00    0.00  100.00
09:24:13 AM   65    0.00    0.00    0.00    0.00    0.00    0.00    0.00    0.00    0.00  100.00
09:24:13 AM   66    0.00    0.00    0.00    0.00    0.00    0.00    0.00    0.00    0.00  100.00
09:24:13 AM   67    0.00    0.00    0.00    0.00    0.00    0.00    0.00    0.00    0.00  100.00
09:24:13 AM   68    0.00    0.00    0.00    0.00    0.00    0.00    0.00    0.00    0.00  100.00
09:24:13 AM   69    0.00    0.00    0.00    0.00    0.00    0.00    0.00    0.00    0.00  100.00
09:24:13 AM   70    0.00    0.00    0.00    0.00    0.00    0.00    0.00    0.00    0.00  100.00
09:24:13 AM   71    0.00    0.00    0.00    0.00    0.00    0.00    0.00    0.00    0.00  100.00
09:24:13 AM   72    0.00    0.00    0.00    0.00    0.00    0.00    0.00    0.00    0.00  100.00
09:24:13 AM   73    0.00    0.00    0.00    0.00    0.00    0.00    0.00    0.00    0.00  100.00
09:24:13 AM   74    0.00    0.00    0.00    0.00    0.00    0.00    0.00    0.00    0.00  100.00
09:24:13 AM   75    0.00    0.00    0.00    0.00    0.00    0.00    0.00    0.00    0.00  100.00
09:24:13 AM   76    0.00    0.00    0.00    0.00    0.00    0.00    0.00    0.00    0.00  100.00
09:24:13 AM   77    0.00    0.00    0.00    0.00    0.00    0.00    0.00    0.00    0.00  100.00
09:24:13 AM   78    0.00    0.00    0.00    0.00    0.00    0.00    0.00    0.00    0.00  100.00
09:24:13 AM   79    0.00    0.00    0.00    0.00    0.00    0.00    0.00    0.00    0.00  100.00
09:24:13 AM   80    0.00    0.00    0.00    0.00    0.00    0.00    0.00    0.00    0.00  100.00
09:24:13 AM   81    0.00    0.00    0.00    0.00    0.00    0.00    0.00    0.00    0.00  100.00
09:24:13 AM   82    0.00    0.00    0.00    0.00    0.00    0.00    0.00    0.00    0.00  100.00
09:24:13 AM   83    0.00    0.00    0.00    0.00    0.00    0.00    0.00    0.00    0.00  100.00
09:24:13 AM   84    0.00    0.00    0.00    0.00    0.00    0.00    0.00    0.00    0.00  100.00
09:24:13 AM   85    0.00    0.00    0.00    0.00    0.00    0.00    0.00    0.00    0.00  100.00
09:24:13 AM   86    0.00    0.00    0.00    0.00    0.00    0.00    0.00    0.00    0.00  100.00
09:24:13 AM   87    0.00    0.00    0.00    0.00    0.00    0.00    0.00    0.00    0.00  100.00
09:24:13 AM   88    0.00    0.00    0.00    0.00    0.00    0.00    0.00    0.00    0.00  100.00
09:24:13 AM   89    0.00    0.00    0.00    0.00    0.00    0.00    0.00    0.00    0.00  100.00
09:24:13 AM   90    0.00    0.00    0.00    0.00    0.00    0.00    0.00    0.00    0.00  100.00
09:24:13 AM   91    0.00    0.00    0.00    0.00    0.00    0.00    0.00    0.00    0.00  100.00
09:24:13 AM   92    0.00    0.00    0.00    0.00    0.00    0.00    0.00    0.00    0.00  100.00
09:24:13 AM   93    0.00    0.00    0.00    0.00    0.00    0.00    0.00    0.00    0.00  100.00
09:24:13 AM   94    0.00    0.00    0.00    0.00    0.00    0.00    0.00    0.00    0.00  100.00
09:24:13 AM   95    0.00    0.00    0.00    0.00    0.00    0.00    0.00    0.00    0.00  100.00
09:24:13 AM   96    0.00    0.00    0.00    0.00    0.00    0.00    0.00    0.00    0.00  100.00
09:24:13 AM   97    0.00    0.00    0.00    0.00    0.00    0.00    0.00    0.00    0.00  100.00
09:24:13 AM   98    0.00    0.00    0.00    0.00    0.00    0.00    0.00    0.00    0.00  100.00
09:24:13 AM   99    0.00    0.00    0.00    0.00    0.00    0.00    0.00    0.00    0.00  100.00
09:24:13 AM  100    0.00    0.00    0.00    0.00    0.00    0.00    0.00    0.00    0.00  100.00
09:24:13 AM  101    0.00    0.00    0.00    0.00    0.00    0.00    0.00    0.00    0.00  100.00
09:24:13 AM  102    0.00    0.00    0.00    0.00    0.00    0.00    0.00    0.00    0.00  100.00
09:24:13 AM  103    0.00    0.00    0.00    0.00    0.00    0.00    0.00    0.00    0.00  100.00
09:24:13 AM  104    0.00    0.00    0.00    0.00    0.00    0.00    0.00    0.00    0.00  100.00
09:24:13 AM  105    0.00    0.00    0.00    0.00    0.00    0.00    0.00    0.00    0.00  100.00
09:24:13 AM  106    0.00    0.00    0.00    0.00    0.00    0.00    0.00    0.00    0.00  100.00
09:24:13 AM  107    0.00    0.00    0.00    0.00    0.00    0.00    0.00    0.00    0.00  100.00
09:24:13 AM  108    0.00    0.00    0.00    0.00    0.00    0.00    0.00    0.00    0.00  100.00
09:24:13 AM  109    0.00    0.00    0.00    0.00    0.00    0.00    0.00    0.00    0.00  100.00
09:24:13 AM  110    0.00    0.00    0.00    0.00    0.00    0.00    0.00    0.00    0.00  100.00
09:24:13 AM  111    0.00    0.00    0.00    0.00    0.00    0.00    0.00    0.00    0.00  100.00
09:24:13 AM  112    0.00    0.00    0.00    0.00    0.00    0.00    0.00    0.00    0.00  100.00
09:24:13 AM  113    0.00    0.00    0.00    0.00    0.00    0.00    0.00    0.00    0.00  100.00
09:24:13 AM  114    0.00    0.00    0.00    0.00    0.00    0.00    0.00    0.00    0.00  100.00
09:24:13 AM  115    0.00    0.00    0.00    0.00    0.00    0.00    0.00    0.00    0.00  100.00
09:24:13 AM  116    0.00    0.00    0.00    0.00    0.00    0.00    0.00    0.00    0.00  100.00
09:24:13 AM  117    0.00    0.00    0.00    0.00    0.00    0.00    0.00    0.00    0.00  100.00
09:24:13 AM  118    0.00    0.00    0.00    0.00    0.00    0.00    0.00    0.00    0.00  100.00
09:24:13 AM  119    0.00    0.00    0.00    0.00    0.00    0.00    0.00    0.00    0.00  100.00
09:24:13 AM  120    0.00    0.00    0.00    0.00    0.00    0.00    0.00    0.00    0.00  100.00
09:24:13 AM  121    0.00    0.00    0.00    0.00    0.00    0.00    0.00    0.00    0.00  100.00
09:24:13 AM  122    0.00    0.00    0.00    0.00    0.00    0.00    0.00    0.00    0.00  100.00
09:24:13 AM  123    0.00    0.00    0.00    0.00    0.00    0.00    0.00    0.00    0.00  100.00
09:24:13 AM  124    0.00    0.00    0.00    0.00    0.00    0.00    0.00    0.00    0.00  100.00
09:24:13 AM  125    0.00    0.00    0.00    0.00    0.00    0.00    0.00    0.00    0.00  100.00
09:24:13 AM  126    0.00    0.00    0.00    0.00    0.00    0.00    0.00    0.00    0.00  100.00
09:24:13 AM  127    0.00    0.00    0.00    0.00    0.00    0.00    0.00    0.00    0.00  100.00
09:24:13 AM  128    0.00    0.00    0.00    0.00    0.00    0.00    0.00    0.00    0.00  100.00
09:24:13 AM  129    0.00    0.00    0.00    0.00    0.00    0.00    0.00    0.00    0.00  100.00
09:24:13 AM  130    0.00    0.00    0.00    0.00    0.00    0.00    0.00    0.00    0.00  100.00
09:24:13 AM  131    0.00    0.00    0.00    0.00    0.00    0.00    0.00    0.00    0.00  100.00
09:24:13 AM  132    0.00    0.00    0.00    0.00    0.00    0.00    0.00    0.00    0.00  100.00
09:24:13 AM  133    0.00    0.00    0.00    0.00    0.00    0.00    0.00    0.00    0.00  100.00
09:24:13 AM  134    0.00    0.00    0.00    0.00    0.00    0.00    0.00    0.00    0.00  100.00
09:24:13 AM  135    0.00    0.00    0.00    0.00    0.00    0.00    0.00    0.00    0.00  100.00
09:24:13 AM  136    0.00    0.00    0.00    0.00    0.00    0.00    0.00    0.00    0.00  100.00
09:24:13 AM  137    0.00    0.00    0.00    0.00    0.00    0.00    0.00    0.00    0.00  100.00
09:24:13 AM  138    0.00    0.00    0.00    0.00    0.00    0.00    0.00    0.00    0.00  100.00
09:24:13 AM  139    0.00    0.00    0.00    0.00    0.00    0.00    0.00    0.00    0.00  100.00
09:24:13 AM  140    0.00    0.00    0.00    0.00    0.00    0.00    0.00    0.00    0.00  100.00
09:24:13 AM  141    0.00    0.00    0.00    0.00    0.00    0.00    0.00    0.00    0.00  100.00
09:24:13 AM  142    0.00    0.00    0.00    0.00    0.00    0.00    0.00    0.00    0.00  100.00
09:24:13 AM  143    0.00    0.00    0.00    0.00    0.00    0.00    0.00    0.00    0.00  100.00
09:24:13 AM  144    0.00    0.00    0.00    0.00    0.00    0.00    0.00    0.00    0.00  100.00
09:24:13 AM  145    0.00    0.00    0.00    0.00    0.00    0.00    0.00    0.00    0.00  100.00
09:24:13 AM  146    0.00    0.00    0.00    0.00    0.00    0.00    0.00    0.00    0.00  100.00
09:24:13 AM  147    0.00    0.00    0.00    0.00    0.00    0.00    0.00    0.00    0.00  100.00
09:24:13 AM  148    0.00    0.00    0.00    0.00    0.00    0.00    0.00    0.00    0.00  100.00
09:24:13 AM  149    0.00    0.00    0.00    0.00    0.00    0.00    0.00    0.00    0.00  100.00
09:24:13 AM  150    0.00    0.00    0.00    0.00    0.00    0.00    0.00    0.00    0.00  100.00
09:24:13 AM  151    0.00    0.00    0.00    0.00    0.00    0.00    0.00    0.00    0.00  100.00
09:24:13 AM  152    0.00    0.00    0.00    0.00    0.00    0.00    0.00    0.00    0.00  100.00
09:24:13 AM  153    0.00    0.00    0.00    0.00    0.00    0.00    0.00    0.00    0.00  100.00
09:24:13 AM  154    0.00    0.00    0.00    0.00    0.00    0.00    0.00    0.00    0.00  100.00
09:24:13 AM  155    0.00    0.00    0.00    0.00    0.00    0.00    0.00    0.00    0.00  100.00
09:24:13 AM  156    0.00    0.00    0.00    0.00    0.00    0.00    0.00    0.00    0.00  100.00
09:24:13 AM  157    0.00    0.00    0.00    0.00    0.00    0.00    0.00    0.00    0.00  100.00
09:24:13 AM  158    0.00    0.00    0.00    0.00    0.00    0.00    0.00    0.00    0.00  100.00
09:24:13 AM  159    0.00    0.00    0.00    0.00    0.00    0.00    0.00    0.00    0.00  100.00
09:24:13 AM  160    0.00    0.00    0.00    0.00    0.00    0.00    0.00    0.00    0.00  100.00
09:24:13 AM  161    0.00    0.00    0.99    0.00    0.00    0.00    0.00    0.00    0.00   99.01
09:24:13 AM  162    0.00    0.00    0.00    0.00    0.00    0.00    0.00    0.00    0.00  100.00
09:24:13 AM  163    0.00    0.00    0.00    0.00    0.00    0.00    0.00    0.00    0.00  100.00
09:24:13 AM  164    0.00    0.00    0.00    0.00    0.00    0.00    0.00    0.00    0.00  100.00
09:24:13 AM  165    0.00    0.00    0.00    0.00    0.00    0.00    0.00    0.00    0.00  100.00
09:24:13 AM  166    0.00    0.00    0.00    0.00    0.00    0.00    0.00    0.00    0.00  100.00
09:24:13 AM  167    0.00    0.00    0.00    0.00    0.00    0.00    0.00    0.00    0.00  100.00
09:24:13 AM  168    0.00    0.00    0.00    0.00    0.00    0.00    0.00    0.00    0.00  100.00
09:24:13 AM  169    0.00    0.00    0.00    0.00    0.00    0.00    0.00    0.00    0.00  100.00
09:24:13 AM  170    0.00    0.00    0.00    0.00    0.00    0.00    0.00    0.00    0.00  100.00
09:24:13 AM  171    0.00    0.00    0.00    0.00    0.00    0.00    0.00    0.00    0.00  100.00
09:24:13 AM  172    0.00    0.00    0.00    0.00    0.00    0.00    0.00    0.00    0.00  100.00
09:24:13 AM  173    0.00    0.00    0.00    0.00    0.00    0.00    0.00    0.00    0.00  100.00
09:24:13 AM  174    0.00    0.00    0.00    0.00    0.00    0.00    0.00    0.00    0.00  100.00
09:24:13 AM  175    0.00    0.00    0.00    0.00    0.00    0.00    0.00    0.00    0.00  100.00
09:24:13 AM  176    0.00    0.00    0.00    0.00    0.00    0.00    0.00    0.00    0.00  100.00
09:24:13 AM  177    0.00    0.00    0.00    0.00    0.00    0.00    0.00    0.00    0.00  100.00
09:24:13 AM  178    0.00    0.00    0.00    0.00    0.00    0.00    0.00    0.00    0.00  100.00
09:24:13 AM  179    0.00    0.00    0.00    0.00    0.00    0.00    0.00    0.00    0.00  100.00
09:24:13 AM  180    0.00    0.00    0.00    0.00    0.00    0.00    0.00    0.00    0.00  100.00
09:24:13 AM  181    0.00    0.00    0.00    0.00    0.00    0.00    0.00    0.00    0.00  100.00
09:24:13 AM  182    0.00    0.00    0.00    0.00    0.00    0.00    0.00    0.00    0.00  100.00
09:24:13 AM  183    0.00    0.00    0.00    0.00    0.00    0.00    0.00    0.00    0.00  100.00
09:24:13 AM  184    0.00    0.00    0.00    0.00    0.00    0.00    0.00    0.00    0.00  100.00
09:24:13 AM  185    0.00    0.00    0.00    0.00    0.00    0.00    0.00    0.00    0.00  100.00
09:24:13 AM  186    0.00    0.00    0.00    0.00    0.00    0.00    0.00    0.00    0.00  100.00
09:24:13 AM  187    0.00    0.00    0.00    0.00    0.00    0.00    0.00    0.00    0.00  100.00
09:24:13 AM  188    0.00    0.00    0.00    0.00    0.00    0.00    0.00    0.00    0.00  100.00
09:24:13 AM  189    0.00    0.00    0.00    0.00    0.00    0.00    0.00    0.00    0.00  100.00
09:24:13 AM  190    0.00    0.00    0.00    0.00    0.00    0.00    0.00    0.00    0.00  100.00
09:24:13 AM  191    0.00    0.00    0.00    0.00    0.00    0.00    0.00    0.00    0.00  100.00
09:24:13 AM  192    0.00    0.00    0.00    0.00    0.00    0.00    0.00    0.00    0.00  100.00
09:24:13 AM  193    0.00    0.00    0.00    0.00    0.00    0.00    0.00    0.00    0.00  100.00
09:24:13 AM  194    0.00    0.00    0.00    0.00    0.00    0.00    0.00    0.00    0.00  100.00
09:24:13 AM  195    0.00    0.00    0.00    0.00    0.00    0.00    0.00    0.00    0.00  100.00
09:24:13 AM  196    0.00    0.00    0.00    0.00    0.00    0.00    0.00    0.00    0.00  100.00
09:24:13 AM  197    0.00    0.00    0.00    0.00    0.00    0.00    0.00    0.00    0.00  100.00
09:24:13 AM  198    0.00    0.00    0.00    0.00    0.00    0.00    0.00    0.00    0.00  100.00
09:24:13 AM  199    0.00    0.00    0.00    0.00    0.00    0.00    0.00    0.00    0.00  100.00
09:24:13 AM  200    0.00    0.00    0.00    0.00    0.00    0.00    0.00    0.00    0.00  100.00
09:24:13 AM  201    0.00    0.00    0.00    0.00    0.00    0.00    0.00    0.00    0.00  100.00
09:24:13 AM  202    0.00    0.00    0.00    0.00    0.00    0.00    0.00    0.00    0.00  100.00
09:24:13 AM  203    0.00    0.00    0.00    0.00    0.00    0.00    0.00    0.00    0.00  100.00
09:24:13 AM  204    0.00    0.00    0.00    0.00    0.00    0.00    0.00    0.00    0.00  100.00
09:24:13 AM  205    0.00    0.00    0.00    0.00    0.00    0.00    0.00    0.00    0.00  100.00
09:24:13 AM  206    0.00    0.00    0.00    0.00    0.00    0.00    0.00    0.00    0.00  100.00
09:24:13 AM  207    0.00    0.00    0.00    0.00    0.00    0.00    0.00    0.00    0.00  100.00
09:24:13 AM  208    0.00    0.00    0.00    0.00    0.00    0.00    0.00    0.00    0.00  100.00
09:24:13 AM  209    0.00    0.00    0.00    0.00    0.00    0.00    0.00    0.00    0.00  100.00
09:24:13 AM  210    0.00    0.00    0.00    0.00    0.00    0.00    0.00    0.00    0.00  100.00
09:24:13 AM  211    0.00    0.00    0.00    0.00    0.00    0.00    0.00    0.00    0.00  100.00
09:24:13 AM  212    0.00    0.00    0.00    0.00    0.00    0.00    0.00    0.00    0.00  100.00
09:24:13 AM  213    0.00    0.00    0.00    0.00    0.00    0.00    0.00    0.00    0.00  100.00
09:24:13 AM  214    0.00    0.00    0.00    0.00    0.00    0.00    0.00    0.00    0.00  100.00
09:24:13 AM  215    0.00    0.00    0.00    0.00    0.00    0.00    0.00    0.00    0.00  100.00
09:24:13 AM  216    0.00    0.00    0.00    0.00    0.00    0.00    0.00    0.00    0.00  100.00
09:24:13 AM  217    0.00    0.00    0.00    0.00    0.00    0.00    0.00    0.00    0.00  100.00
09:24:13 AM  218    0.00    0.00    0.00    0.00    0.00    0.00    0.00    0.00    0.00  100.00
09:24:13 AM  219    0.00    0.00    0.00    0.00    0.00    0.00    0.00    0.00    0.00  100.00
09:24:13 AM  220    0.00    0.00    0.00    0.00    0.00    0.00    0.00    0.00    0.00  100.00
09:24:13 AM  221    0.00    0.00    0.00    0.00    0.00    0.00    0.00    0.00    0.00  100.00
09:24:13 AM  222    0.00    0.00    0.00    0.00    0.00    0.00    0.00    0.00    0.00  100.00
09:24:13 AM  223    0.00    0.00    0.00    0.00    0.00    0.00    0.00    0.00    0.00  100.00
09:24:13 AM  224    0.00    0.00    0.00    0.00    0.00    0.00    0.00    0.00    0.00  100.00
09:24:13 AM  225    0.00    0.00    0.00    0.00    0.00    0.00    0.00    0.00    0.00  100.00
09:24:13 AM  226    0.00    0.00    0.00    0.00    0.00    0.00    0.00    0.00    0.00  100.00
09:24:13 AM  227    0.00    0.00    0.00    0.00    0.00    0.00    0.00    0.00    0.00  100.00
09:24:13 AM  228    0.00    0.00    0.00    0.00    0.00    0.00    0.00    0.00    0.00  100.00
09:24:13 AM  229    0.00    0.00    0.00    0.00    0.00    0.00    0.00    0.00    0.00  100.00
09:24:13 AM  230    0.00    0.00    0.00    0.00    0.00    0.00    0.00    0.00    0.00  100.00
09:24:13 AM  231    0.00    0.00    0.00    0.00    0.00    0.00    0.00    0.00    0.00  100.00
09:24:13 AM  232    0.00    0.00    0.00    0.00    0.00    0.00    0.00    0.00    0.00  100.00
09:24:13 AM  233    0.00    0.00    0.00    0.00    0.00    0.00    0.00    0.00    0.00  100.00
09:24:13 AM  234    0.00    0.00    0.00    0.00    0.00    0.00    0.00    0.00    0.00  100.00
09:24:13 AM  235    0.00    0.00    0.00    0.00    0.00    0.00    0.00    0.00    0.00  100.00
09:24:13 AM  236    0.00    0.00    0.00    0.00    0.00    0.00    0.00    0.00    0.00  100.00
09:24:13 AM  237    0.00    0.00    0.00    0.00    0.00    0.00    0.00    0.00    0.00  100.00
09:24:13 AM  238    0.00    0.00    0.00    0.00    0.00    0.00    0.00    0.00    0.00  100.00
09:24:13 AM  239    0.00    0.00    0.00    0.00    0.00    0.00    0.00    0.00    0.00  100.00
09:24:13 AM  240    0.00    0.00    0.00    0.00    0.00    0.00    0.00    0.00    0.00  100.00
09:24:13 AM  241    0.00    0.00    0.00    0.00    0.00    0.00    0.00    0.00    0.00  100.00
09:24:13 AM  242    0.00    0.00    0.00    0.00    0.00    0.00    0.00    0.00    0.00  100.00
09:24:13 AM  243    0.00    0.00    0.00    0.00    0.00    0.00    0.00    0.00    0.00  100.00
09:24:13 AM  244    0.00    0.00    0.00    0.00    0.00    0.00    0.00    0.00    0.00  100.00
09:24:13 AM  245    0.00    0.00    0.00    0.00    0.00    0.00    0.00    0.00    0.00  100.00
09:24:13 AM  246    0.00    0.00    0.00    0.00    0.00    0.00    0.00    0.00    0.00  100.00
09:24:13 AM  247    0.00    0.00    0.00    0.00    0.00    0.00    0.00    0.00    0.00  100.00
09:24:13 AM  248    0.00    0.00    0.00    0.00    0.00    0.00    0.00    0.00    0.00  100.00
09:24:13 AM  249    0.00    0.00    0.00    0.00    0.00    0.00    0.00    0.00    0.00  100.00
09:24:13 AM  250    0.00    0.00    0.00    0.00    0.00    0.00    0.00    0.00    0.00  100.00
09:24:13 AM  251    0.00    0.00    0.00    0.00    0.00    0.00    0.00    0.00    0.00  100.00
09:24:13 AM  252    0.00    0.00    0.00    0.00    0.00    0.00    0.00    0.00    0.00  100.00
09:24:13 AM  253    0.00    0.00    0.00    0.00    0.00    0.00    0.00    0.00    0.00  100.00
09:24:13 AM  254    0.00    0.00    0.00    0.00    0.00    0.00    0.00    0.00    0.00  100.00
09:24:13 AM  255    0.00    0.00    0.00    0.00    0.00    0.00    0.00    0.00    0.00  100.00

09:24:13 AM  CPU    %usr   %nice    %sys %iowait    %irq   %soft  %steal  %guest  %gnice   %idle
09:24:14 AM  all    0.00    0.00    0.39    0.31    0.00    0.00    0.00    0.00    0.00   99.29
09:24:14 AM    0    0.00    0.00    0.00    0.00    0.00    0.00    0.00    0.00    0.00  100.00
09:24:14 AM    1    0.00    0.00    0.00    0.00    0.00    0.00    0.00    0.00    0.00  100.00
09:24:14 AM    2    0.00    0.00    0.00    0.00    0.00    0.00    0.00    0.00    0.00  100.00
09:24:14 AM    3    0.00    0.00    0.00    0.00    0.00    0.00    0.00    0.00    0.00  100.00
09:24:14 AM    4    0.00    0.00    0.00    0.00    0.00    0.00    0.00    0.00    0.00  100.00
09:24:14 AM    5    0.00    0.00    0.00    0.00    0.00    0.00    0.00    0.00    0.00  100.00
09:24:14 AM    6    0.00    0.00    0.00    0.00    0.00    0.00    0.00    0.00    0.00  100.00
09:24:14 AM    7    0.00    0.00    0.00    0.00    0.00    0.00    0.00    0.00    0.00  100.00
09:24:14 AM    8    0.00    0.00    0.00    0.00    0.00    0.00    0.00    0.00    0.00  100.00
09:24:14 AM    9    0.00    0.00    0.00    0.00    0.00    0.00    0.00    0.00    0.00  100.00
09:24:14 AM   10    0.00    0.00    0.00    0.00    0.00    0.00    0.00    0.00    0.00  100.00
09:24:14 AM   11    0.00    0.00    0.00    0.00    0.00    0.00    0.00    0.00    0.00  100.00
09:24:14 AM   12    0.00    0.00    0.00    0.00    0.00    0.00    0.00    0.00    0.00  100.00
09:24:14 AM   13    0.00    0.00    0.00    0.00    0.00    0.00    0.00    0.00    0.00  100.00
09:24:14 AM   14    0.00    0.00    0.00    0.00    0.00    0.00    0.00    0.00    0.00  100.00
09:24:14 AM   15    0.00    0.00    0.00    0.00    0.00    0.00    0.00    0.00    0.00  100.00
09:24:14 AM   16    0.00    0.00    0.00    0.00    0.00    0.00    0.00    0.00    0.00  100.00
09:24:14 AM   17    0.00    0.00    0.00    0.00    0.00    0.00    0.00    0.00    0.00  100.00
09:24:14 AM   18    0.00    0.00    0.00    0.00    0.00    0.00    0.00    0.00    0.00  100.00
09:24:14 AM   19    0.00    0.00    0.00    0.00    0.00    0.00    0.00    0.00    0.00  100.00
09:24:14 AM   20    0.00    0.00    0.00    0.00    0.00    0.00    0.00    0.00    0.00  100.00
09:24:14 AM   21    0.00    0.00    0.00    0.00    0.00    0.00    0.00    0.00    0.00  100.00
09:24:14 AM   22    0.00    0.00    0.00    0.00    0.00    0.00    0.00    0.00    0.00  100.00
09:24:14 AM   23    0.00    0.00    0.00    0.00    0.00    0.00    0.00    0.00    0.00  100.00
09:24:14 AM   24    0.00    0.00    0.00    0.00    0.00    0.00    0.00    0.00    0.00  100.00
09:24:14 AM   25    0.00    0.00    0.00    0.00    0.00    0.00    0.00    0.00    0.00  100.00
09:24:14 AM   26    0.00    0.00    0.00    0.00    0.00    0.00    0.00    0.00    0.00  100.00
09:24:14 AM   27    0.00    0.00    0.00    0.00    0.00    0.00    0.00    0.00    0.00  100.00
09:24:14 AM   28    0.00    0.00    0.00    0.00    0.00    0.00    0.00    0.00    0.00  100.00
09:24:14 AM   29    0.00    0.00    0.00   80.00    0.00    0.00    0.00    0.00    0.00   20.00
09:24:14 AM   30    0.00    0.00    0.00    0.00    0.00    0.00    0.00    0.00    0.00  100.00
09:24:14 AM   31    0.00    0.00    0.00    0.00    0.00    0.00    0.00    0.00    0.00  100.00
09:24:14 AM   32    0.00    0.00    0.00    0.00    0.00    0.00    0.00    0.00    0.00  100.00
09:24:14 AM   33    0.00    0.00    0.00    0.00    0.00    0.00    0.00    0.00    0.00  100.00
09:24:14 AM   34    0.00    0.00  100.00    0.00    0.00    0.00    0.00    0.00    0.00    0.00
09:24:14 AM   35    0.00    0.00    0.00    0.00    0.00    0.00    0.00    0.00    0.00  100.00
09:24:14 AM   36    0.00    0.00    0.00    0.00    0.00    0.00    0.00    0.00    0.00  100.00
09:24:14 AM   37    0.00    0.00    0.00    0.00    0.00    0.00    0.00    0.00    0.00  100.00
09:24:14 AM   38    0.00    0.00    0.00    0.00    0.00    0.00    0.00    0.00    0.00  100.00
09:24:14 AM   39    0.00    0.00    0.00    0.00    0.00    0.00    0.00    0.00    0.00  100.00
09:24:14 AM   40    0.00    0.00    0.00    0.00    0.00    0.00    0.00    0.00    0.00  100.00
09:24:14 AM   41    0.00    0.00    0.00    0.00    0.00    0.00    0.00    0.00    0.00  100.00
09:24:14 AM   42    0.00    0.00    0.00    0.00    0.00    0.00    0.00    0.00    0.00  100.00
09:24:14 AM   43    0.00    0.00    0.00    0.00    0.00    0.00    0.00    0.00    0.00  100.00
09:24:14 AM   44    0.00    0.00    0.00    0.00    0.00    0.00    0.00    0.00    0.00  100.00
09:24:14 AM   45    0.00    0.00    0.00    0.00    0.00    0.00    0.00    0.00    0.00  100.00
09:24:14 AM   46    0.00    0.00    0.00    0.00    0.00    0.00    0.00    0.00    0.00  100.00
09:24:14 AM   47    0.00    0.00    0.00    0.00    0.00    0.00    0.00    0.00    0.00  100.00
09:24:14 AM   48    0.00    0.00    0.00    0.00    0.00    0.00    0.00    0.00    0.00  100.00
09:24:14 AM   49    0.00    0.00    0.00    0.00    0.00    0.00    0.00    0.00    0.00  100.00
09:24:14 AM   50    0.00    0.00    0.00    0.00    0.00    0.00    0.00    0.00    0.00  100.00
09:24:14 AM   51    0.00    0.00    0.00    0.00    0.00    0.00    0.00    0.00    0.00  100.00
09:24:14 AM   52    0.00    0.00    0.00    0.00    0.00    0.00    0.00    0.00    0.00  100.00
09:24:14 AM   53    0.00    0.00    0.00    0.00    0.00    0.00    0.00    0.00    0.00  100.00
09:24:14 AM   54    0.00    0.00    0.00    0.00    0.00    0.00    0.00    0.00    0.00  100.00
09:24:14 AM   55    0.00    0.00    0.00    0.00    0.00    0.00    0.00    0.00    0.00  100.00
09:24:14 AM   56    0.00    0.00    0.00    0.00    0.00    0.00    0.00    0.00    0.00  100.00
09:24:14 AM   57    0.00    0.00    0.00    0.00    0.00    0.00    0.00    0.00    0.00  100.00
09:24:14 AM   58    0.00    0.00    0.00    0.00    0.00    0.00    0.00    0.00    0.00  100.00
09:24:14 AM   59    0.00    0.00    0.00    0.00    0.00    0.00    0.00    0.00    0.00  100.00
09:24:14 AM   60    0.00    0.00    0.00    0.00    0.00    0.00    0.00    0.00    0.00  100.00
09:24:14 AM   61    0.00    0.00    0.00    0.00    0.00    0.00    0.00    0.00    0.00  100.00
09:24:14 AM   62    0.00    0.00    0.00    0.00    0.00    0.00    0.00    0.00    0.00  100.00
09:24:14 AM   63    0.00    0.00    0.00    0.00    0.00    0.00    0.00    0.00    0.00  100.00
09:24:14 AM   64    0.00    0.00    0.00    0.00    0.00    0.00    0.00    0.00    0.00  100.00
09:24:14 AM   65    0.00    0.00    0.00    0.00    0.00    0.00    0.00    0.00    0.00  100.00
09:24:14 AM   66    0.00    0.00    0.00    0.00    0.00    0.00    0.00    0.00    0.00  100.00
09:24:14 AM   67    0.00    0.00    0.00    0.00    0.00    0.00    0.00    0.00    0.00  100.00
09:24:14 AM   68    0.00    0.00    0.00    0.00    0.00    0.00    0.00    0.00    0.00  100.00
09:24:14 AM   69    0.00    0.00    0.00    0.00    0.00    0.00    0.00    0.00    0.00  100.00
09:24:14 AM   70    0.00    0.00    0.00    0.00    0.00    0.00    0.00    0.00    0.00  100.00
09:24:14 AM   71    0.00    0.00    0.00    0.00    0.00    0.00    0.00    0.00    0.00  100.00
09:24:14 AM   72    0.00    0.00    0.00    0.00    0.00    0.00    0.00    0.00    0.00  100.00
09:24:14 AM   73    0.00    0.00    0.00    0.00    0.00    0.00    0.00    0.00    0.00  100.00
09:24:14 AM   74    0.00    0.00    0.00    0.00    0.00    0.00    0.00    0.00    0.00  100.00
09:24:14 AM   75    0.00    0.00    0.00    0.00    0.00    0.00    0.00    0.00    0.00  100.00
09:24:14 AM   76    0.00    0.00    0.00    0.00    0.00    0.00    0.00    0.00    0.00  100.00
09:24:14 AM   77    0.00    0.00    0.00    0.00    0.00    0.00    0.00    0.00    0.00  100.00
09:24:14 AM   78    0.00    0.00    0.00    0.00    0.00    0.00    0.00    0.00    0.00  100.00
09:24:14 AM   79    0.00    0.00    0.00    0.00    0.00    0.00    0.00    0.00    0.00  100.00
09:24:14 AM   80    0.00    0.00    0.00    0.00    0.00    0.00    0.00    0.00    0.00  100.00
09:24:14 AM   81    0.00    0.00    0.00    0.00    0.00    0.00    0.00    0.00    0.00  100.00
09:24:14 AM   82    0.00    0.00    0.00    0.00    0.00    0.00    0.00    0.00    0.00  100.00
09:24:14 AM   83    0.00    0.00    0.00    0.00    0.00    0.00    0.00    0.00    0.00  100.00
09:24:14 AM   84    0.00    0.00    0.00    0.00    0.00    0.00    0.00    0.00    0.00  100.00
09:24:14 AM   85    0.00    0.00    0.00    0.00    0.00    0.00    0.00    0.00    0.00  100.00
09:24:14 AM   86    0.00    0.00    0.00    0.00    0.00    0.00    0.00    0.00    0.00  100.00
09:24:14 AM   87    0.00    0.00    0.00    0.00    0.00    0.00    0.00    0.00    0.00  100.00
09:24:14 AM   88    0.00    0.00    0.00    0.00    0.00    0.00    0.00    0.00    0.00  100.00
09:24:14 AM   89    0.00    0.00    0.00    0.00    0.00    0.00    0.00    0.00    0.00  100.00
09:24:14 AM   90    0.00    0.00    0.00    0.00    0.00    0.00    0.00    0.00    0.00  100.00
09:24:14 AM   91    0.00    0.00    0.00    0.00    0.00    0.00    0.00    0.00    0.00  100.00
09:24:14 AM   92    0.00    0.00    0.00    0.00    0.00    0.00    0.00    0.00    0.00  100.00
09:24:14 AM   93    0.00    0.00    0.00    0.00    0.00    0.00    0.00    0.00    0.00  100.00
09:24:14 AM   94    0.00    0.00    0.00    0.00    0.00    0.00    0.00    0.00    0.00  100.00
09:24:14 AM   95    0.00    0.00    0.00    0.00    0.00    0.00    0.00    0.00    0.00  100.00
09:24:14 AM   96    0.00    0.00    0.00    0.00    0.00    0.00    0.00    0.00    0.00  100.00
09:24:14 AM   97    0.00    0.00    0.00    0.00    0.00    0.00    0.00    0.00    0.00  100.00
09:24:14 AM   98    0.00    0.00    0.00    0.00    0.00    0.00    0.00    0.00    0.00  100.00
09:24:14 AM   99    0.00    0.00    0.00    0.00    0.00    0.00    0.00    0.00    0.00  100.00
09:24:14 AM  100    0.00    0.00    0.00    0.00    0.00    0.00    0.00    0.00    0.00  100.00
09:24:14 AM  101    0.00    0.00    0.00    0.00    0.00    0.00    0.00    0.00    0.00  100.00
09:24:14 AM  102    0.00    0.00    0.00    0.00    0.00    0.00    0.00    0.00    0.00  100.00
09:24:14 AM  103    0.00    0.00    0.00    0.00    0.00    0.00    0.00    0.00    0.00  100.00
09:24:14 AM  104    0.00    0.00    0.00    0.00    0.00    0.00    0.00    0.00    0.00  100.00
09:24:14 AM  105    0.00    0.00    0.00    0.00    0.00    0.00    0.00    0.00    0.00  100.00
09:24:14 AM  106    0.00    0.00    0.00    0.00    0.00    0.00    0.00    0.00    0.00  100.00
09:24:14 AM  107    0.00    0.00    0.00    0.00    0.00    0.00    0.00    0.00    0.00  100.00
09:24:14 AM  108    0.00    0.00    0.00    0.00    0.00    0.00    0.00    0.00    0.00  100.00
09:24:14 AM  109    0.00    0.00    0.00    0.00    0.00    0.00    0.00    0.00    0.00  100.00
09:24:14 AM  110    0.00    0.00    0.00    0.00    0.00    0.00    0.00    0.00    0.00  100.00
09:24:14 AM  111    0.00    0.00    0.00    0.00    0.00    0.00    0.00    0.00    0.00  100.00
09:24:14 AM  112    0.00    0.00    0.00    0.00    0.00    0.00    0.00    0.00    0.00  100.00
09:24:14 AM  113    0.00    0.00    0.00    0.00    0.00    0.00    0.00    0.00    0.00  100.00
09:24:14 AM  114    0.00    0.00    0.00    0.00    0.00    0.00    0.00    0.00    0.00  100.00
09:24:14 AM  115    0.00    0.00    0.00    0.00    0.00    0.00    0.00    0.00    0.00  100.00
09:24:14 AM  116    0.00    0.00    0.00    0.00    0.00    0.00    0.00    0.00    0.00  100.00
09:24:14 AM  117    0.00    0.00    0.00    0.00    0.00    0.00    0.00    0.00    0.00  100.00
09:24:14 AM  118    0.00    0.00    0.00    0.00    0.00    0.00    0.00    0.00    0.00  100.00
09:24:14 AM  119    0.00    0.00    0.00    0.00    0.00    0.00    0.00    0.00    0.00  100.00
09:24:14 AM  120    0.00    0.00    0.00    0.00    0.00    0.00    0.00    0.00    0.00  100.00
09:24:14 AM  121    0.00    0.00    0.00    0.00    0.00    0.00    0.00    0.00    0.00  100.00
09:24:14 AM  122    0.00    0.00    0.00    0.00    0.00    0.00    0.00    0.00    0.00  100.00
09:24:14 AM  123    0.00    0.00    0.00    0.00    0.00    0.00    0.00    0.00    0.00  100.00
09:24:14 AM  124    0.00    0.00    0.00    0.00    0.00    0.00    0.00    0.00    0.00  100.00
09:24:14 AM  125    0.00    0.00    0.00    0.00    0.00    0.00    0.00    0.00    0.00  100.00
09:24:14 AM  126    0.00    0.00    0.00    0.00    0.00    0.00    0.00    0.00    0.00  100.00
09:24:14 AM  127    0.00    0.00    0.00    0.00    0.00    0.00    0.00    0.00    0.00  100.00
09:24:14 AM  128    0.00    0.00    0.00    0.00    0.00    0.00    0.00    0.00    0.00  100.00
09:24:14 AM  129    0.00    0.00    0.00    0.00    0.00    0.00    0.00    0.00    0.00  100.00
09:24:14 AM  130    0.00    0.00    0.00    0.00    0.00    0.00    0.00    0.00    0.00  100.00
09:24:14 AM  131    0.00    0.00    0.00    0.00    0.00    0.00    0.00    0.00    0.00  100.00
09:24:14 AM  132    0.00    0.00    0.00    0.00    0.00    0.00    0.00    0.00    0.00  100.00
09:24:14 AM  133    0.00    0.00    0.00    0.00    0.00    0.00    0.00    0.00    0.00  100.00
09:24:14 AM  134    0.00    0.00    0.00    0.00    0.00    0.00    0.00    0.00    0.00  100.00
09:24:14 AM  135    0.00    0.00    0.00    0.00    0.00    0.00    0.00    0.00    0.00  100.00
09:24:14 AM  136    0.00    0.00    0.00    0.00    0.00    0.00    0.00    0.00    0.00  100.00
09:24:14 AM  137    0.00    0.00    0.00    0.00    0.00    0.00    0.00    0.00    0.00  100.00
09:24:14 AM  138    0.00    0.00    0.00    0.00    0.00    0.00    0.00    0.00    0.00  100.00
09:24:14 AM  139    0.00    0.00    0.00    0.00    0.00    0.00    0.00    0.00    0.00  100.00
09:24:14 AM  140    0.00    0.00    0.00    0.00    0.00    0.00    0.00    0.00    0.00  100.00
09:24:14 AM  141    0.00    0.00    0.00    0.00    0.00    0.00    0.00    0.00    0.00  100.00
09:24:14 AM  142    0.00    0.00    0.00    0.00    0.00    0.00    0.00    0.00    0.00  100.00
09:24:14 AM  143    0.00    0.00    0.00    0.00    0.00    0.00    0.00    0.00    0.00  100.00
09:24:14 AM  144    0.00    0.00    0.00    0.00    0.00    0.00    0.00    0.00    0.00  100.00
09:24:14 AM  145    0.00    0.00    0.00    0.00    0.00    0.00    0.00    0.00    0.00  100.00
09:24:14 AM  146    0.00    0.00    0.00    0.00    0.00    0.00    0.00    0.00    0.00  100.00
09:24:14 AM  147    0.00    0.00    0.00    0.00    0.00    0.00    0.00    0.00    0.00  100.00
09:24:14 AM  148    0.00    0.00    0.00    0.00    0.00    0.00    0.00    0.00    0.00  100.00
09:24:14 AM  149    0.00    0.00    0.00    0.00    0.00    0.00    0.00    0.00    0.00  100.00
09:24:14 AM  150    0.00    0.00    0.00    0.00    0.00    0.00    0.00    0.00    0.00  100.00
09:24:14 AM  151    0.00    0.00    0.00    0.00    0.00    0.00    0.00    0.00    0.00  100.00
09:24:14 AM  152    0.00    0.00    0.00    0.00    0.00    0.00    0.00    0.00    0.00  100.00
09:24:14 AM  153    0.00    0.00    0.00    0.00    0.00    0.00    0.00    0.00    0.00  100.00
09:24:14 AM  154    0.00    0.00    0.00    0.00    0.00    0.00    0.00    0.00    0.00  100.00
09:24:14 AM  155    0.00    0.00    0.00    0.00    0.00    0.00    0.00    0.00    0.00  100.00
09:24:14 AM  156    0.00    0.00    0.00    0.00    0.00    0.00    0.00    0.00    0.00  100.00
09:24:14 AM  157    0.00    0.00    0.00    0.00    0.00    0.00    0.00    0.00    0.00  100.00
09:24:14 AM  158    0.00    0.00    0.00    0.00    0.00    0.00    0.00    0.00    0.00  100.00
09:24:14 AM  159    0.00    0.00    0.00    0.00    0.00    0.00    0.00    0.00    0.00  100.00
09:24:14 AM  160    0.00    0.00    0.00    0.00    0.00    0.00    0.00    0.00    0.00  100.00
09:24:14 AM  161    0.00    0.00    0.00    0.00    0.00    0.00    0.00    0.00    0.00  100.00
09:24:14 AM  162    0.00    0.00    0.00    0.00    0.00    0.00    0.00    0.00    0.00  100.00
09:24:14 AM  163    0.00    0.00    0.00    0.00    0.00    0.00    0.00    0.00    0.00  100.00
09:24:14 AM  164    0.00    0.00    0.00    0.00    0.00    0.00    0.00    0.00    0.00  100.00
09:24:14 AM  165    0.00    0.00    0.00    0.00    0.00    0.00    0.00    0.00    0.00  100.00
09:24:14 AM  166    0.00    0.00    0.00    0.00    0.00    0.00    0.00    0.00    0.00  100.00
09:24:14 AM  167    0.00    0.00    0.00    0.00    0.00    0.00    0.00    0.00    0.00  100.00
09:24:14 AM  168    0.00    0.00    0.00    0.00    0.00    0.00    0.00    0.00    0.00  100.00
09:24:14 AM  169    0.00    0.00    0.00    0.00    0.00    0.00    0.00    0.00    0.00  100.00
09:24:14 AM  170    0.00    0.00    0.00    0.00    0.00    0.00    0.00    0.00    0.00  100.00
09:24:14 AM  171    0.00    0.00    0.00    0.00    0.00    0.00    0.00    0.00    0.00  100.00
09:24:14 AM  172    0.00    0.00    0.00    0.00    0.00    0.00    0.00    0.00    0.00  100.00
09:24:14 AM  173    0.00    0.00    0.00    0.00    0.00    0.00    0.00    0.00    0.00  100.00
09:24:14 AM  174    0.00    0.00    0.00    0.00    0.00    0.00    0.00    0.00    0.00  100.00
09:24:14 AM  175    0.00    0.00    0.00    0.00    0.00    0.00    0.00    0.00    0.00  100.00
09:24:14 AM  176    0.00    0.00    0.00    0.00    0.00    0.00    0.00    0.00    0.00  100.00
09:24:14 AM  177    0.00    0.00    0.00    0.00    0.00    0.00    0.00    0.00    0.00  100.00
09:24:14 AM  178    0.00    0.00    0.00    0.00    0.00    0.00    0.00    0.00    0.00  100.00
09:24:14 AM  179    0.00    0.00    0.00    0.00    0.00    0.00    0.00    0.00    0.00  100.00
09:24:14 AM  180    0.00    0.00    0.00    0.00    0.00    0.00    0.00    0.00    0.00  100.00
09:24:14 AM  181    0.00    0.00    0.00    0.00    0.00    0.00    0.00    0.00    0.00  100.00
09:24:14 AM  182    0.00    0.00    0.00    0.00    0.00    0.00    0.00    0.00    0.00  100.00
09:24:14 AM  183    0.00    0.00    0.00    0.00    0.00    0.00    0.00    0.00    0.00  100.00
09:24:14 AM  184    0.00    0.00    0.00    0.00    0.00    0.00    0.00    0.00    0.00  100.00
09:24:14 AM  185    0.00    0.00    0.00    0.00    0.00    0.00    0.00    0.00    0.00  100.00
09:24:14 AM  186    0.00    0.00    0.00    0.00    0.00    0.00    0.00    0.00    0.00  100.00
09:24:14 AM  187    0.00    0.00    0.00    0.00    0.00    0.00    0.00    0.00    0.00  100.00
09:24:14 AM  188    0.00    0.00    0.00    0.00    0.00    0.00    0.00    0.00    0.00  100.00
09:24:14 AM  189    0.00    0.00    0.00    0.00    0.00    0.00    0.00    0.00    0.00  100.00
09:24:14 AM  190    0.00    0.00    0.00    0.00    0.00    0.00    0.00    0.00    0.00  100.00
09:24:14 AM  191    0.00    0.00    0.00    0.00    0.00    0.00    0.00    0.00    0.00  100.00
09:24:14 AM  192    0.00    0.00    0.00    0.00    0.00    0.00    0.00    0.00    0.00  100.00
09:24:14 AM  193    0.00    0.00    0.00    0.00    0.00    0.00    0.00    0.00    0.00  100.00
09:24:14 AM  194    0.00    0.00    0.00    0.00    0.00    0.00    0.00    0.00    0.00  100.00
09:24:14 AM  195    0.00    0.00    0.00    0.00    0.00    0.00    0.00    0.00    0.00  100.00
09:24:14 AM  196    0.00    0.00    0.00    0.00    0.00    0.00    0.00    0.00    0.00  100.00
09:24:14 AM  197    0.00    0.00    0.00    0.00    0.00    0.00    0.00    0.00    0.00  100.00
09:24:14 AM  198    0.00    0.00    0.00    0.00    0.00    0.00    0.00    0.00    0.00  100.00
09:24:14 AM  199    0.00    0.00    0.00    0.00    0.00    0.00    0.00    0.00    0.00  100.00
09:24:14 AM  200    0.00    0.00    0.00    0.00    0.00    0.00    0.00    0.00    0.00  100.00
09:24:14 AM  201    0.00    0.00    0.00    0.00    0.00    0.00    0.00    0.00    0.00  100.00
09:24:14 AM  202    0.00    0.00    0.00    0.00    0.00    0.00    0.00    0.00    0.00  100.00
09:24:14 AM  203    0.00    0.00    0.00    0.00    0.00    0.00    0.00    0.00    0.00  100.00
09:24:14 AM  204    0.00    0.00    1.00    0.00    0.00    0.00    0.00    0.00    0.00   99.00
09:24:14 AM  205    0.00    0.00    0.00    0.00    0.00    0.00    0.00    0.00    0.00  100.00
09:24:14 AM  206    0.00    0.00    0.00    0.00    0.00    0.00    0.00    0.00    0.00  100.00
09:24:14 AM  207    0.00    0.00    0.00    0.00    0.00    0.00    0.00    0.00    0.00  100.00
09:24:14 AM  208    0.00    0.00    0.00    0.00    0.00    0.00    0.00    0.00    0.00  100.00
09:24:14 AM  209    0.00    0.00    0.00    0.00    0.00    0.00    0.00    0.00    0.00  100.00
09:24:14 AM  210    0.00    0.00    0.00    0.00    0.00    0.00    0.00    0.00    0.00  100.00
09:24:14 AM  211    0.00    0.00    0.00    0.00    0.00    0.00    0.00    0.00    0.00  100.00
09:24:14 AM  212    0.00    0.00    0.00    0.00    0.00    0.00    0.00    0.00    0.00  100.00
09:24:14 AM  213    0.00    0.00    0.00    0.00    0.00    0.00    0.00    0.00    0.00  100.00
09:24:14 AM  214    0.00    0.00    0.00    0.00    0.00    0.00    0.00    0.00    0.00  100.00
09:24:14 AM  215    0.00    0.00    0.00    0.00    0.00    0.00    0.00    0.00    0.00  100.00
09:24:14 AM  216    0.00    0.00    0.00    0.00    0.00    0.00    0.00    0.00    0.00  100.00
09:24:14 AM  217    0.00    0.00    0.00    0.00    0.00    0.00    0.00    0.00    0.00  100.00
09:24:14 AM  218    0.00    0.00    0.00    0.00    0.00    0.00    0.00    0.00    0.00  100.00
09:24:14 AM  219    0.00    0.00    0.00    0.00    0.00    0.00    0.00    0.00    0.00  100.00
09:24:14 AM  220    0.00    0.00    0.00    0.00    0.00    0.00    0.00    0.00    0.00  100.00
09:24:14 AM  221    0.00    0.00    0.00    0.00    0.00    0.00    0.00    0.00    0.00  100.00
09:24:14 AM  222    0.00    0.00    0.00    0.00    0.00    0.00    0.00    0.00    0.00  100.00
09:24:14 AM  223    0.00    0.00    0.00    0.00    0.00    0.00    0.00    0.00    0.00  100.00
09:24:14 AM  224    0.00    0.00    0.00    0.00    0.00    0.00    0.00    0.00    0.00  100.00
09:24:14 AM  225    0.00    0.00    0.00    0.00    0.00    0.00    0.00    0.00    0.00  100.00
09:24:14 AM  226    0.00    0.00    0.00    0.00    0.00    0.00    0.00    0.00    0.00  100.00
09:24:14 AM  227    0.00    0.00    0.00    0.00    0.00    0.00    0.00    0.00    0.00  100.00
09:24:14 AM  228    0.00    0.00    0.00    0.00    0.00    0.00    0.00    0.00    0.00  100.00
09:24:14 AM  229    0.00    0.00    0.00    0.00    0.00    0.00    0.00    0.00    0.00  100.00
09:24:14 AM  230    0.00    0.00    0.00    0.00    0.00    0.00    0.00    0.00    0.00  100.00
09:24:14 AM  231    0.00    0.00    0.00    0.00    0.00    0.00    0.00    0.00    0.00  100.00
09:24:14 AM  232    0.00    0.00    0.00    0.00    0.00    0.00    0.00    0.00    0.00  100.00
09:24:14 AM  233    0.00    0.00    0.00    0.00    0.00    0.00    0.00    0.00    0.00  100.00
09:24:14 AM  234    0.00    0.00    0.00    0.00    0.00    0.00    0.00    0.00    0.00  100.00
09:24:14 AM  235    0.00    0.00    0.00    0.00    0.00    0.00    0.00    0.00    0.00  100.00
09:24:14 AM  236    0.00    0.00    0.00    0.00    0.00    0.00    0.00    0.00    0.00  100.00
09:24:14 AM  237    0.00    0.00    0.00    0.00    0.00    0.00    0.00    0.00    0.00  100.00
09:24:14 AM  238    0.00    0.00    0.00    0.00    0.00    0.00    0.00    0.00    0.00  100.00
09:24:14 AM  239    0.00    0.00    0.00    0.00    0.00    0.00    0.00    0.00    0.00  100.00
09:24:14 AM  240    0.00    0.00    0.00    0.00    0.00    0.00    0.00    0.00    0.00  100.00
09:24:14 AM  241    0.00    0.00    0.00    0.00    0.00    0.00    0.00    0.00    0.00  100.00
09:24:14 AM  242    0.00    0.00    0.00    0.00    0.00    0.00    0.00    0.00    0.00  100.00
09:24:14 AM  243    0.00    0.00    0.00    0.00    0.00    0.00    0.00    0.00    0.00  100.00
09:24:14 AM  244    0.00    0.00    0.00    0.00    0.00    0.00    0.00    0.00    0.00  100.00
09:24:14 AM  245    0.00    0.00    0.00    0.00    0.00    0.00    0.00    0.00    0.00  100.00
09:24:14 AM  246    0.00    0.00    0.00    0.00    0.00    0.00    0.00    0.00    0.00  100.00
09:24:14 AM  247    0.00    0.00    0.00    0.00    0.00    0.00    0.00    0.00    0.00  100.00
09:24:14 AM  248    0.00    0.00    0.00    0.00    0.00    0.00    0.00    0.00    0.00  100.00
09:24:14 AM  249    0.00    0.00    0.00    0.00    0.00    0.00    0.00    0.00    0.00  100.00
09:24:14 AM  250    0.00    0.00    0.00    0.00    0.00    0.00    0.00    0.00    0.00  100.00
09:24:14 AM  251    0.00    0.00    0.00    0.00    0.00    0.00    0.00    0.00    0.00  100.00
09:24:14 AM  252    0.00    0.00    0.00    0.00    0.00    0.00    0.00    0.00    0.00  100.00
09:24:14 AM  253    0.00    0.00    0.00    0.00    0.00    0.00    0.00    0.00    0.00  100.00
09:24:14 AM  254    0.00    0.00    0.00    0.00    0.00    0.00    0.00    0.00    0.00  100.00
09:24:14 AM  255    0.00    0.00    0.00    0.00    0.00    0.00    0.00    0.00    0.00  100.00

09:24:14 AM  CPU    %usr   %nice    %sys %iowait    %irq   %soft  %steal  %guest  %gnice   %idle
09:24:15 AM  all    0.00    0.00    0.39    0.15    0.00    0.00    0.00    0.00    0.00   99.45
09:24:15 AM    0    0.00    0.00    0.00    0.00    0.00    0.00    0.00    0.00    0.00  100.00
09:24:15 AM    1    0.00    0.00    0.00    0.00    0.00    0.00    0.00    0.00    0.00  100.00
09:24:15 AM    2    0.00    0.00    0.00    0.00    0.00    0.00    0.00    0.00    0.00  100.00
09:24:15 AM    3    0.00    0.00    0.00    0.00    0.00    0.00    0.00    0.00    0.00  100.00
09:24:15 AM    4    0.00    0.00    0.00    0.00    0.00    0.00    0.00    0.00    0.00  100.00
09:24:15 AM    5    0.00    0.00    0.00    0.00    0.00    0.00    0.00    0.00    0.00  100.00
09:24:15 AM    6    0.00    0.00    0.00    0.00    0.00    0.00    0.00    0.00    0.00  100.00
09:24:15 AM    7    0.00    0.00    0.00    0.00    0.00    0.00    0.00    0.00    0.00  100.00
09:24:15 AM    8    0.00    0.00    0.00    0.00    0.00    0.00    0.00    0.00    0.00  100.00
09:24:15 AM    9    0.00    0.00    0.00    0.00    0.00    0.00    0.00    0.00    0.00  100.00
09:24:15 AM   10    0.00    0.00    0.00    0.00    0.00    0.00    0.00    0.00    0.00  100.00
09:24:15 AM   11    0.00    0.00    0.00    0.00    0.00    0.00    0.00    0.00    0.00  100.00
09:24:15 AM   12    0.00    0.00    0.00    0.00    0.00    0.00    0.00    0.00    0.00  100.00
09:24:15 AM   13    0.00    0.00    0.00    0.00    0.00    0.00    0.00    0.00    0.00  100.00
09:24:15 AM   14    0.00    0.00    0.00    0.00    0.00    0.00    0.00    0.00    0.00  100.00
09:24:15 AM   15    0.00    0.00    0.00    0.00    0.00    0.00    0.00    0.00    0.00  100.00
09:24:15 AM   16    0.00    0.00    0.00    0.00    0.00    0.00    0.00    0.00    0.00  100.00
09:24:15 AM   17    0.00    0.00    0.00    0.00    0.00    0.00    0.00    0.00    0.00  100.00
09:24:15 AM   18    0.00    0.00    0.00    0.00    0.00    0.00    0.00    0.00    0.00  100.00
09:24:15 AM   19    0.00    0.00    0.00    0.00    0.00    0.00    0.00    0.00    0.00  100.00
09:24:15 AM   20    0.00    0.00    0.00    0.00    0.00    0.00    0.00    0.00    0.00  100.00
09:24:15 AM   21    0.00    0.00    0.00    0.00    0.00    0.00    0.00    0.00    0.00  100.00
09:24:15 AM   22    0.00    0.00    0.00    0.00    0.00    0.00    0.00    0.00    0.00  100.00
09:24:15 AM   23    0.00    0.00    0.00    0.00    0.00    0.00    0.00    0.00    0.00  100.00
09:24:15 AM   24    0.00    0.00    0.00    0.00    0.00    0.00    0.00    0.00    0.00  100.00
09:24:15 AM   25    0.00    0.00    0.00    0.00    0.00    0.00    0.00    0.00    0.00  100.00
09:24:15 AM   26    0.00    0.00    0.00    0.00    0.00    0.00    0.00    0.00    0.00  100.00
09:24:15 AM   27    0.00    0.00    0.00    0.00    0.00    0.00    0.00    0.00    0.00  100.00
09:24:15 AM   28    0.00    0.00    0.00    0.00    0.00    0.00    0.00    0.00    0.00  100.00
09:24:15 AM   29    0.00    0.00    0.00   39.39    0.00    0.00    0.00    0.00    0.00   60.61
09:24:15 AM   30    0.00    0.00    0.00    0.00    0.00    0.00    0.00    0.00    0.00  100.00
09:24:15 AM   31    0.00    0.00    0.00    0.00    0.00    0.00    0.00    0.00    0.00  100.00
09:24:15 AM   32    0.00    0.00    0.00    0.00    0.00    0.00    0.00    0.00    0.00  100.00
09:24:15 AM   33    0.00    0.00    0.00    0.00    0.00    0.00    0.00    0.00    0.00  100.00
09:24:15 AM   34    0.00    0.00  100.00    0.00    0.00    0.00    0.00    0.00    0.00    0.00
09:24:15 AM   35    0.00    0.00    0.00    0.00    0.00    0.00    0.00    0.00    0.00  100.00
09:24:15 AM   36    0.00    0.00    0.00    0.00    0.00    0.00    0.00    0.00    0.00  100.00
09:24:15 AM   37    0.00    0.00    0.00    0.00    0.00    0.00    0.00    0.00    0.00  100.00
09:24:15 AM   38    0.00    0.00    0.00    0.00    0.00    0.00    0.00    0.00    0.00  100.00
09:24:15 AM   39    0.00    0.00    0.00    0.00    0.00    0.00    0.00    0.00    0.00  100.00
09:24:15 AM   40    0.00    0.00    0.00    0.00    0.00    0.00    0.00    0.00    0.00  100.00
09:24:15 AM   41    0.00    0.00    0.00    0.00    0.00    0.00    0.00    0.00    0.00  100.00
09:24:15 AM   42    0.00    0.00    0.00    0.00    0.00    0.00    0.00    0.00    0.00  100.00
09:24:15 AM   43    0.00    0.00    0.00    0.00    0.00    0.00    0.00    0.00    0.00  100.00
09:24:15 AM   44    0.00    0.00    0.00    0.00    0.00    0.00    0.00    0.00    0.00  100.00
09:24:15 AM   45    0.00    0.00    0.00    0.00    0.00    0.00    0.00    0.00    0.00  100.00
09:24:15 AM   46    0.00    0.00    0.00    0.00    0.00    0.00    0.00    0.00    0.00  100.00
09:24:15 AM   47    0.00    0.00    0.00    0.00    0.00    0.00    0.00    0.00    0.00  100.00
09:24:15 AM   48    0.00    0.00    0.00    0.00    0.00    0.00    0.00    0.00    0.00  100.00
09:24:15 AM   49    0.00    0.00    0.00    0.00    0.00    0.00    0.00    0.00    0.00  100.00
09:24:15 AM   50    0.00    0.00    0.00    0.00    0.00    0.00    0.00    0.00    0.00  100.00
09:24:15 AM   51    0.00    0.00    0.00    0.00    0.00    0.00    0.00    0.00    0.00  100.00
09:24:15 AM   52    0.00    0.00    0.00    0.00    0.00    0.00    0.00    0.00    0.00  100.00
09:24:15 AM   53    0.00    0.00    0.00    0.00    0.00    0.00    0.00    0.00    0.00  100.00
09:24:15 AM   54    0.00    0.00    0.00    0.00    0.00    0.00    0.00    0.00    0.00  100.00
09:24:15 AM   55    0.00    0.00    0.00    0.00    0.00    0.00    0.00    0.00    0.00  100.00
09:24:15 AM   56    0.00    0.00    0.00    0.00    0.00    0.00    0.00    0.00    0.00  100.00
09:24:15 AM   57    0.00    0.00    0.00    0.00    0.00    0.00    0.00    0.00    0.00  100.00
09:24:15 AM   58    0.00    0.00    0.00    0.00    0.00    0.00    0.00    0.00    0.00  100.00
09:24:15 AM   59    0.00    0.00    0.00    0.00    0.00    0.00    0.00    0.00    0.00  100.00
09:24:15 AM   60    0.00    0.00    0.00    0.00    0.00    0.00    0.00    0.00    0.00  100.00
09:24:15 AM   61    0.00    0.00    0.00    0.00    0.00    0.00    0.00    0.00    0.00  100.00
09:24:15 AM   62    0.00    0.00    0.00    0.00    0.00    0.00    0.00    0.00    0.00  100.00
09:24:15 AM   63    0.00    0.00    0.00    0.00    0.00    0.00    0.00    0.00    0.00  100.00
09:24:15 AM   64    0.00    0.00    0.00    0.00    0.00    0.00    0.00    0.00    0.00  100.00
09:24:15 AM   65    0.00    0.00    0.00    0.00    0.00    0.00    0.00    0.00    0.00  100.00
09:24:15 AM   66    0.00    0.00    0.00    0.00    0.00    0.00    0.00    0.00    0.00  100.00
09:24:15 AM   67    0.00    0.00    0.00    0.00    0.00    0.00    0.00    0.00    0.00  100.00
09:24:15 AM   68    0.00    0.00    0.00    0.00    0.00    0.00    0.00    0.00    0.00  100.00
09:24:15 AM   69    0.00    0.00    0.00    0.00    0.00    0.00    0.00    0.00    0.00  100.00
09:24:15 AM   70    0.00    0.00    0.00    0.00    0.00    0.00    0.00    0.00    0.00  100.00
09:24:15 AM   71    0.00    0.00    0.00    0.00    0.00    0.00    0.00    0.00    0.00  100.00
09:24:15 AM   72    0.00    0.00    0.00    0.00    0.00    0.00    0.00    0.00    0.00  100.00
09:24:15 AM   73    0.00    0.00    0.00    0.00    0.00    0.00    0.00    0.00    0.00  100.00
09:24:15 AM   74    0.00    0.00    0.00    0.00    0.00    0.00    0.00    0.00    0.00  100.00
09:24:15 AM   75    0.00    0.00    0.00    0.00    0.00    0.00    0.00    0.00    0.00  100.00
09:24:15 AM   76    0.00    0.00    0.00    0.00    0.00    0.00    0.00    0.00    0.00  100.00
09:24:15 AM   77    0.00    0.00    0.00    0.00    0.00    0.00    0.00    0.00    0.00  100.00
09:24:15 AM   78    0.00    0.00    0.00    0.00    0.00    0.00    0.00    0.00    0.00  100.00
09:24:15 AM   79    0.00    0.00    0.00    0.00    0.00    0.00    0.00    0.00    0.00  100.00
09:24:15 AM   80    0.00    0.00    0.00    0.00    0.00    0.00    0.00    0.00    0.00  100.00
09:24:15 AM   81    0.00    0.00    0.00    0.00    0.00    0.00    0.00    0.00    0.00  100.00
09:24:15 AM   82    0.00    0.00    0.00    0.00    0.00    0.00    0.00    0.00    0.00  100.00
09:24:15 AM   83    0.00    0.00    0.00    0.00    0.00    0.00    0.00    0.00    0.00  100.00
09:24:15 AM   84    0.00    0.00    0.00    0.00    0.00    0.00    0.00    0.00    0.00  100.00
09:24:15 AM   85    0.00    0.00    0.00    0.00    0.00    0.00    0.00    0.00    0.00  100.00
09:24:15 AM   86    0.00    0.00    0.00    0.00    0.00    0.00    0.00    0.00    0.00  100.00
09:24:15 AM   87    0.00    0.00    0.00    0.00    0.00    0.00    0.00    0.00    0.00  100.00
09:24:15 AM   88    0.00    0.00    0.00    0.00    0.00    0.00    0.00    0.00    0.00  100.00
09:24:15 AM   89    0.00    0.00    0.00    0.00    0.00    0.00    0.00    0.00    0.00  100.00
09:24:15 AM   90    0.00    0.00    0.00    0.00    0.00    0.00    0.00    0.00    0.00  100.00
09:24:15 AM   91    0.00    0.00    0.99    0.00    0.00    0.00    0.00    0.00    0.00   99.01
09:24:15 AM   92    0.00    0.00    0.00    0.00    0.00    0.00    0.00    0.00    0.00  100.00
09:24:15 AM   93    0.00    0.00    0.00    0.00    0.00    0.00    0.00    0.00    0.00  100.00
09:24:15 AM   94    0.00    0.00    0.00    0.00    0.00    0.00    0.00    0.00    0.00  100.00
09:24:15 AM   95    0.00    0.00    0.00    0.00    0.00    0.00    0.00    0.00    0.00  100.00
09:24:15 AM   96    0.00    0.00    0.00    0.00    0.00    0.00    0.00    0.00    0.00  100.00
09:24:15 AM   97    0.00    0.00    0.00    0.00    0.00    0.00    0.00    0.00    0.00  100.00
09:24:15 AM   98    0.00    0.00    0.00    0.00    0.00    0.00    0.00    0.00    0.00  100.00
09:24:15 AM   99    0.00    0.00    0.00    0.00    0.00    0.00    0.00    0.00    0.00  100.00
09:24:15 AM  100    0.00    0.00    0.00    0.00    0.00    0.00    0.00    0.00    0.00  100.00
09:24:15 AM  101    0.00    0.00    0.00    0.00    0.00    0.00    0.00    0.00    0.00  100.00
09:24:15 AM  102    0.00    0.00    0.00    0.00    0.00    0.00    0.00    0.00    0.00  100.00
09:24:15 AM  103    0.00    0.00    0.00    0.00    0.00    0.00    0.00    0.00    0.00  100.00
09:24:15 AM  104    0.00    0.00    0.00    0.00    0.00    0.00    0.00    0.00    0.00  100.00
09:24:15 AM  105    0.00    0.00    0.00    0.00    0.00    0.00    0.00    0.00    0.00  100.00
09:24:15 AM  106    0.00    0.00    0.00    0.00    0.00    0.00    0.00    0.00    0.00  100.00
09:24:15 AM  107    0.00    0.00    0.00    0.00    0.00    0.00    0.00    0.00    0.00  100.00
09:24:15 AM  108    0.00    0.00    0.00    0.00    0.00    0.00    0.00    0.00    0.00  100.00
09:24:15 AM  109    0.00    0.00    0.00    0.00    0.00    0.00    0.00    0.00    0.00  100.00
09:24:15 AM  110    0.00    0.00    0.00    0.00    0.00    0.00    0.00    0.00    0.00  100.00
09:24:15 AM  111    0.00    0.00    0.00    0.00    0.00    0.00    0.00    0.00    0.00  100.00
09:24:15 AM  112    0.00    0.00    0.00    0.00    0.00    0.00    0.00    0.00    0.00  100.00
09:24:15 AM  113    0.00    0.00    0.00    0.00    0.00    0.00    0.00    0.00    0.00  100.00
09:24:15 AM  114    0.00    0.00    0.00    0.00    0.00    0.00    0.00    0.00    0.00  100.00
09:24:15 AM  115    0.00    0.00    0.00    0.00    0.00    0.00    0.00    0.00    0.00  100.00
09:24:15 AM  116    0.00    0.00    0.00    0.00    0.00    0.00    0.00    0.00    0.00  100.00
09:24:15 AM  117    0.00    0.00    0.00    0.00    0.00    0.00    0.00    0.00    0.00  100.00
09:24:15 AM  118    0.00    0.00    0.00    0.00    0.00    0.00    0.00    0.00    0.00  100.00
09:24:15 AM  119    0.00    0.00    0.00    0.00    0.00    0.00    0.00    0.00    0.00  100.00
09:24:15 AM  120    0.00    0.00    0.00    0.00    0.00    0.00    0.00    0.00    0.00  100.00
09:24:15 AM  121    0.00    0.00    0.00    0.00    0.00    0.00    0.00    0.00    0.00  100.00
09:24:15 AM  122    0.00    0.00    0.00    0.00    0.00    0.00    0.00    0.00    0.00  100.00
09:24:15 AM  123    0.00    0.00    0.00    0.00    0.00    0.00    0.00    0.00    0.00  100.00
09:24:15 AM  124    0.00    0.00    0.00    0.00    0.00    0.00    0.00    0.00    0.00  100.00
09:24:15 AM  125    0.00    0.00    0.00    0.00    0.00    0.00    0.00    0.00    0.00  100.00
09:24:15 AM  126    0.00    0.00    0.00    0.00    0.00    0.00    0.00    0.00    0.00  100.00
09:24:15 AM  127    0.00    0.00    0.00    0.00    0.00    0.00    0.00    0.00    0.00  100.00
09:24:15 AM  128    0.00    0.00    0.00    0.00    0.00    0.00    0.00    0.00    0.00  100.00
09:24:15 AM  129    0.00    0.00    0.00    0.00    0.00    0.00    0.00    0.00    0.00  100.00
09:24:15 AM  130    0.00    0.00    0.00    0.00    0.00    0.00    0.00    0.00    0.00  100.00
09:24:15 AM  131    0.00    0.00    0.00    0.00    0.00    0.00    0.00    0.00    0.00  100.00
09:24:15 AM  132    0.00    0.00    0.00    0.00    0.00    0.00    0.00    0.00    0.00  100.00
09:24:15 AM  133    0.00    0.00    0.00    0.00    0.00    0.00    0.00    0.00    0.00  100.00
09:24:15 AM  134    0.00    0.00    0.00    0.00    0.00    0.00    0.00    0.00    0.00  100.00
09:24:15 AM  135    0.00    0.00    0.00    0.00    0.00    0.00    0.00    0.00    0.00  100.00
09:24:15 AM  136    0.00    0.00    0.00    0.00    0.00    0.00    0.00    0.00    0.00  100.00
09:24:15 AM  137    0.00    0.00    0.00    0.00    0.00    0.00    0.00    0.00    0.00  100.00
09:24:15 AM  138    0.00    0.00    0.00    0.00    0.00    0.00    0.00    0.00    0.00  100.00
09:24:15 AM  139    0.00    0.00    0.00    0.00    0.00    0.00    0.00    0.00    0.00  100.00
09:24:15 AM  140    0.00    0.00    0.00    0.00    0.00    0.00    0.00    0.00    0.00  100.00
09:24:15 AM  141    0.00    0.00    0.00    0.00    0.00    0.00    0.00    0.00    0.00  100.00
09:24:15 AM  142    0.00    0.00    0.00    0.00    0.00    0.00    0.00    0.00    0.00  100.00
09:24:15 AM  143    0.00    0.00    0.00    0.00    0.00    0.00    0.00    0.00    0.00  100.00
09:24:15 AM  144    0.00    0.00    0.00    0.00    0.00    0.00    0.00    0.00    0.00  100.00
09:24:15 AM  145    0.00    0.00    0.00    0.00    0.00    0.00    0.00    0.00    0.00  100.00
09:24:15 AM  146    0.00    0.00    0.00    0.00    0.00    0.00    0.00    0.00    0.00  100.00
09:24:15 AM  147    0.00    0.00    0.00    0.00    0.00    0.00    0.00    0.00    0.00  100.00
09:24:15 AM  148    0.00    0.00    0.00    0.00    0.00    0.00    0.00    0.00    0.00  100.00
09:24:15 AM  149    0.00    0.00    0.00    0.00    0.00    0.00    0.00    0.00    0.00  100.00
09:24:15 AM  150    0.00    0.00    0.00    0.00    0.00    0.00    0.00    0.00    0.00  100.00
09:24:15 AM  151    0.00    0.00    0.00    0.00    0.00    0.00    0.00    0.00    0.00  100.00
09:24:15 AM  152    0.00    0.00    0.00    0.00    0.00    0.00    0.00    0.00    0.00  100.00
09:24:15 AM  153    0.00    0.00    0.00    0.00    0.00    0.00    0.00    0.00    0.00  100.00
09:24:15 AM  154    0.00    0.00    0.00    0.00    0.00    0.00    0.00    0.00    0.00  100.00
09:24:15 AM  155    0.00    0.00    0.00    0.00    0.00    0.00    0.00    0.00    0.00  100.00
09:24:15 AM  156    0.00    0.00    0.00    0.00    0.00    0.00    0.00    0.00    0.00  100.00
09:24:15 AM  157    0.00    0.00    0.00    0.00    0.00    0.00    0.00    0.00    0.00  100.00
09:24:15 AM  158    0.00    0.00    0.00    0.00    0.00    0.00    0.00    0.00    0.00  100.00
09:24:15 AM  159    0.00    0.00    0.00    0.00    0.00    0.00    0.00    0.00    0.00  100.00
09:24:15 AM  160    0.00    0.00    0.00    0.00    0.00    0.00    0.00    0.00    0.00  100.00
09:24:15 AM  161    0.00    0.00    0.00    0.00    0.00    0.00    0.00    0.00    0.00  100.00
09:24:15 AM  162    0.00    0.00    0.00    0.00    0.00    0.00    0.00    0.00    0.00  100.00
09:24:15 AM  163    0.00    0.00    0.00    0.00    0.00    0.00    0.00    0.00    0.00  100.00
09:24:15 AM  164    0.00    0.00    0.00    0.00    0.00    0.00    0.00    0.00    0.00  100.00
09:24:15 AM  165    0.00    0.00    0.00    0.00    0.00    0.00    0.00    0.00    0.00  100.00
09:24:15 AM  166    0.00    0.00    0.00    0.00    0.00    0.00    0.00    0.00    0.00  100.00
09:24:15 AM  167    0.00    0.00    0.00    0.00    0.00    0.00    0.00    0.00    0.00  100.00
09:24:15 AM  168    0.00    0.00    0.00    0.00    0.00    0.00    0.00    0.00    0.00  100.00
09:24:15 AM  169    0.00    0.00    0.00    0.00    0.00    0.00    0.00    0.00    0.00  100.00
09:24:15 AM  170    0.00    0.00    0.00    0.00    0.00    0.00    0.00    0.00    0.00  100.00
09:24:15 AM  171    0.00    0.00    0.00    0.00    0.00    0.00    0.00    0.00    0.00  100.00
09:24:15 AM  172    0.00    0.00    0.00    0.00    0.00    0.00    0.00    0.00    0.00  100.00
09:24:15 AM  173    0.00    0.00    0.00    0.00    0.00    0.00    0.00    0.00    0.00  100.00
09:24:15 AM  174    0.00    0.00    0.00    0.00    0.00    0.00    0.00    0.00    0.00  100.00
09:24:15 AM  175    0.00    0.00    0.00    0.00    0.00    0.00    0.00    0.00    0.00  100.00
09:24:15 AM  176    0.00    0.00    0.00    0.00    0.00    0.00    0.00    0.00    0.00  100.00
09:24:15 AM  177    0.00    0.00    0.00    0.00    0.00    0.00    0.00    0.00    0.00  100.00
09:24:15 AM  178    0.00    0.00    0.00    0.00    0.00    0.00    0.00    0.00    0.00  100.00
09:24:15 AM  179    0.00    0.00    0.00    0.00    0.00    0.00    0.00    0.00    0.00  100.00
09:24:15 AM  180    0.00    0.00    0.00    0.00    0.00    0.00    0.00    0.00    0.00  100.00
09:24:15 AM  181    0.00    0.00    0.00    0.00    0.00    0.00    0.00    0.00    0.00  100.00
09:24:15 AM  182    0.00    0.00    0.00    0.00    0.00    0.00    0.00    0.00    0.00  100.00
09:24:15 AM  183    0.00    0.00    0.00    0.00    0.00    0.00    0.00    0.00    0.00  100.00
09:24:15 AM  184    0.00    0.00    0.00    0.00    0.00    0.00    0.00    0.00    0.00  100.00
09:24:15 AM  185    0.00    0.00    0.00    0.00    0.00    0.00    0.00    0.00    0.00  100.00
09:24:15 AM  186    0.00    0.00    0.00    0.00    0.00    0.00    0.00    0.00    0.00  100.00
09:24:15 AM  187    0.00    0.00    0.00    0.00    0.00    0.00    0.00    0.00    0.00  100.00
09:24:15 AM  188    0.00    0.00    0.00    0.00    0.00    0.00    0.00    0.00    0.00  100.00
09:24:15 AM  189    0.00    0.00    0.00    0.00    0.00    0.00    0.00    0.00    0.00  100.00
09:24:15 AM  190    0.00    0.00    0.00    0.00    0.00    0.00    0.00    0.00    0.00  100.00
09:24:15 AM  191    0.00    0.00    0.00    0.00    0.00    0.00    0.00    0.00    0.00  100.00
09:24:15 AM  192    0.00    0.00    0.00    0.00    0.00    0.00    0.00    0.00    0.00  100.00
09:24:15 AM  193    0.00    0.00    0.00    0.00    0.00    0.00    0.00    0.00    0.00  100.00
09:24:15 AM  194    0.00    0.00    0.00    0.00    0.00    0.00    0.00    0.00    0.00  100.00
09:24:15 AM  195    0.00    0.00    0.00    0.00    0.00    0.00    0.00    0.00    0.00  100.00
09:24:15 AM  196    0.00    0.00    0.00    0.00    0.00    0.00    0.00    0.00    0.00  100.00
09:24:15 AM  197    0.00    0.00    0.00    0.00    0.00    0.00    0.00    0.00    0.00  100.00
09:24:15 AM  198    0.00    0.00    0.00    0.00    0.00    0.00    0.00    0.00    0.00  100.00
09:24:15 AM  199    0.00    0.00    0.00    0.00    0.00    0.00    0.00    0.00    0.00  100.00
09:24:15 AM  200    0.00    0.00    0.00    0.00    0.00    0.00    0.00    0.00    0.00  100.00
09:24:15 AM  201    0.00    0.00    0.00    0.00    0.00    0.00    0.00    0.00    0.00  100.00
09:24:15 AM  202    0.00    0.00    0.00    0.00    0.00    0.00    0.00    0.00    0.00  100.00
09:24:15 AM  203    0.00    0.00    0.00    0.00    0.00    0.00    0.00    0.00    0.00  100.00
09:24:15 AM  204    0.00    0.00    0.00    0.00    0.00    0.00    0.00    0.00    0.00  100.00
09:24:15 AM  205    0.00    0.00    0.00    0.00    0.00    0.00    0.00    0.00    0.00  100.00
09:24:15 AM  206    0.00    0.00    0.00    0.00    0.00    0.00    0.00    0.00    0.00  100.00
09:24:15 AM  207    0.00    0.00    0.00    0.00    0.00    0.00    0.00    0.00    0.00  100.00
09:24:15 AM  208    0.00    0.00    0.00    0.00    0.00    0.00    0.00    0.00    0.00  100.00
09:24:15 AM  209    0.00    0.00    0.00    0.00    0.00    0.00    0.00    0.00    0.00  100.00
09:24:15 AM  210    0.00    0.00    0.00    0.00    0.00    0.00    0.00    0.00    0.00  100.00
09:24:15 AM  211    0.00    0.00    0.00    0.00    0.00    0.00    0.00    0.00    0.00  100.00
09:24:15 AM  212    0.00    0.00    0.00    0.00    0.00    0.00    0.00    0.00    0.00  100.00
09:24:15 AM  213    0.00    0.00    0.00    0.00    0.00    0.00    0.00    0.00    0.00  100.00
09:24:15 AM  214    0.00    0.00    0.00    0.00    0.00    0.00    0.00    0.00    0.00  100.00
09:24:15 AM  215    0.00    0.00    0.00    0.00    0.00    0.00    0.00    0.00    0.00  100.00
09:24:15 AM  216    0.00    0.00    0.00    0.00    0.00    0.00    0.00    0.00    0.00  100.00
09:24:15 AM  217    0.00    0.00    0.00    0.00    0.00    0.00    0.00    0.00    0.00  100.00
09:24:15 AM  218    0.00    0.00    0.00    0.00    0.00    0.00    0.00    0.00    0.00  100.00
09:24:15 AM  219    0.00    0.00    0.00    0.00    0.00    0.00    0.00    0.00    0.00  100.00
09:24:15 AM  220    0.00    0.00    0.00    0.00    0.00    0.00    0.00    0.00    0.00  100.00
09:24:15 AM  221    0.00    0.00    0.00    0.00    0.00    0.00    0.00    0.00    0.00  100.00
09:24:15 AM  222    0.00    0.00    0.00    0.00    0.00    0.00    0.00    0.00    0.00  100.00
09:24:15 AM  223    0.00    0.00    0.00    0.00    0.00    0.00    0.00    0.00    0.00  100.00
09:24:15 AM  224    0.00    0.00    0.00    0.00    0.00    0.00    0.00    0.00    0.00  100.00
09:24:15 AM  225    0.00    0.00    0.00    0.00    0.00    0.00    0.00    0.00    0.00  100.00
09:24:15 AM  226    0.00    0.00    0.00    0.00    0.00    0.00    0.00    0.00    0.00  100.00
09:24:15 AM  227    0.00    0.00    0.00    0.00    0.00    0.00    0.00    0.00    0.00  100.00
09:24:15 AM  228    0.00    0.00    0.00    0.00    0.00    0.00    0.00    0.00    0.00  100.00
09:24:15 AM  229    0.00    0.00    0.00    0.00    0.00    0.00    0.00    0.00    0.00  100.00
09:24:15 AM  230    0.00    0.00    0.00    0.00    0.00    0.00    0.00    0.00    0.00  100.00
09:24:15 AM  231    0.00    0.00    0.00    0.00    0.00    0.00    0.00    0.00    0.00  100.00
09:24:15 AM  232    0.00    0.00    0.00    0.00    0.00    0.00    0.00    0.00    0.00  100.00
09:24:15 AM  233    0.00    0.00    0.00    0.00    0.00    0.00    0.00    0.00    0.00  100.00
09:24:15 AM  234    0.00    0.00    0.00    0.00    0.00    0.00    0.00    0.00    0.00  100.00
09:24:15 AM  235    0.00    0.00    0.00    0.00    0.00    0.00    0.00    0.00    0.00  100.00
09:24:15 AM  236    0.00    0.00    0.00    0.00    0.00    0.00    0.00    0.00    0.00  100.00
09:24:15 AM  237    0.00    0.00    0.00    0.00    0.00    0.00    0.00    0.00    0.00  100.00
09:24:15 AM  238    0.00    0.00    0.00    0.00    0.00    0.00    0.00    0.00    0.00  100.00
09:24:15 AM  239    0.00    0.00    0.00    0.00    0.00    0.00    0.00    0.00    0.00  100.00
09:24:15 AM  240    0.00    0.00    0.00    0.00    0.00    0.00    0.00    0.00    0.00  100.00
09:24:15 AM  241    0.00    0.00    0.00    0.00    0.00    0.00    0.00    0.00    0.00  100.00
09:24:15 AM  242    0.00    0.00    0.00    0.00    0.00    0.00    0.00    0.00    0.00  100.00
09:24:15 AM  243    0.00    0.00    0.00    0.00    0.00    0.00    0.00    0.00    0.00  100.00
09:24:15 AM  244    0.00    0.00    0.00    0.00    0.00    0.00    0.00    0.00    0.00  100.00
09:24:15 AM  245    0.00    0.00    0.00    0.00    0.00    0.00    0.00    0.00    0.00  100.00
09:24:15 AM  246    0.00    0.00    0.00    0.00    0.00    0.00    0.00    0.00    0.00  100.00
09:24:15 AM  247    0.00    0.00    0.00    0.00    0.00    0.00    0.00    0.00    0.00  100.00
09:24:15 AM  248    0.00    0.00    0.00    0.00    0.00    0.00    0.00    0.00    0.00  100.00
09:24:15 AM  249    0.00    0.00    0.00    0.00    0.00    0.00    0.00    0.00    0.00  100.00
09:24:15 AM  250    0.00    0.00    0.00    0.00    0.00    0.00    0.00    0.00    0.00  100.00
09:24:15 AM  251    0.00    0.00    0.00    0.00    0.00    0.00    0.00    0.00    0.00  100.00
09:24:15 AM  252    0.00    0.00    0.00    0.00    0.00    0.00    0.00    0.00    0.00  100.00
09:24:15 AM  253    0.00    0.00    0.00    0.00    0.00    0.00    0.00    0.00    0.00  100.00
09:24:15 AM  254    0.00    0.00    0.00    0.00    0.00    0.00    0.00    0.00    0.00  100.00
09:24:15 AM  255    0.00    0.00    0.00    0.00    0.00    0.00    0.00    0.00    0.00  100.00

09:24:15 AM  CPU    %usr   %nice    %sys %iowait    %irq   %soft  %steal  %guest  %gnice   %idle
09:24:16 AM  all    0.00    0.00    0.39    0.00    0.00    0.00    0.00    0.00    0.00   99.61
09:24:16 AM    0    0.00    0.00    0.00    0.00    0.00    0.00    0.00    0.00    0.00  100.00
09:24:16 AM    1    0.00    0.00    0.00    0.00    0.00    0.00    0.00    0.00    0.00  100.00
09:24:16 AM    2    0.00    0.00    0.00    0.00    0.00    0.00    0.00    0.00    0.00  100.00
09:24:16 AM    3    0.00    0.00    0.00    0.00    0.00    0.00    0.00    0.00    0.00  100.00
09:24:16 AM    4    0.00    0.00    0.00    0.00    0.00    0.00    0.00    0.00    0.00  100.00
09:24:16 AM    5    0.00    0.00    0.00    0.00    0.00    0.00    0.00    0.00    0.00  100.00
09:24:16 AM    6    0.00    0.00    0.00    0.00    0.00    0.00    0.00    0.00    0.00  100.00
09:24:16 AM    7    0.00    0.00    0.00    0.00    0.00    0.00    0.00    0.00    0.00  100.00
09:24:16 AM    8    0.00    0.00    0.00    0.00    0.00    0.00    0.00    0.00    0.00  100.00
09:24:16 AM    9    0.00    0.00    0.00    0.00    0.00    0.00    0.00    0.00    0.00  100.00
09:24:16 AM   10    0.00    0.00    0.00    0.00    0.00    0.00    0.00    0.00    0.00  100.00
09:24:16 AM   11    0.00    0.00    0.00    0.00    0.00    0.00    0.00    0.00    0.00  100.00
09:24:16 AM   12    0.00    0.00    0.00    0.00    0.00    0.00    0.00    0.00    0.00  100.00
09:24:16 AM   13    0.00    0.00    0.00    0.00    0.00    0.00    0.00    0.00    0.00  100.00
09:24:16 AM   14    0.00    0.00    0.00    0.00    0.00    0.00    0.00    0.00    0.00  100.00
09:24:16 AM   15    0.00    0.00    0.00    0.00    0.00    0.00    0.00    0.00    0.00  100.00
09:24:16 AM   16    0.00    0.00    0.00    0.00    0.00    0.00    0.00    0.00    0.00  100.00
09:24:16 AM   17    0.00    0.00    0.00    0.00    0.00    0.00    0.00    0.00    0.00  100.00
09:24:16 AM   18    0.00    0.00    0.00    0.00    0.00    0.00    0.00    0.00    0.00  100.00
09:24:16 AM   19    0.00    0.00    0.00    0.00    0.00    0.00    0.00    0.00    0.00  100.00
09:24:16 AM   20    0.00    0.00    0.00    0.00    0.00    0.00    0.00    0.00    0.00  100.00
09:24:16 AM   21    0.00    0.00    0.00    0.00    0.00    0.00    0.00    0.00    0.00  100.00
09:24:16 AM   22    0.00    0.00    0.00    0.00    0.00    0.00    0.00    0.00    0.00  100.00
09:24:16 AM   23    0.00    0.00    0.00    0.00    0.00    0.00    0.00    0.00    0.00  100.00
09:24:16 AM   24    0.00    0.00    0.00    0.00    0.00    0.00    0.00    0.00    0.00  100.00
09:24:16 AM   25    0.00    0.00    0.00    0.00    0.00    0.00    0.00    0.00    0.00  100.00
09:24:16 AM   26    0.00    0.00    0.00    0.00    0.00    0.00    0.00    0.00    0.00  100.00
09:24:16 AM   27    0.00    0.00    0.00    0.00    0.00    0.00    0.00    0.00    0.00  100.00
09:24:16 AM   28    0.00    0.00    0.00    0.00    0.00    0.00    0.00    0.00    0.00  100.00
09:24:16 AM   29    0.00    0.00    0.00    0.00    0.00    0.00    0.00    0.00    0.00  100.00
09:24:16 AM   30    0.00    0.00    0.00    0.00    0.00    0.00    0.00    0.00    0.00  100.00
09:24:16 AM   31    0.00    0.00    0.00    0.00    0.00    0.00    0.00    0.00    0.00  100.00
09:24:16 AM   32    0.00    0.00    0.00    0.00    0.00    0.00    0.00    0.00    0.00  100.00
09:24:16 AM   33    0.00    0.00    0.00    0.00    0.00    0.00    0.00    0.00    0.00  100.00
09:24:16 AM   34    0.00    0.00  100.00    0.00    0.00    0.00    0.00    0.00    0.00    0.00
09:24:16 AM   35    0.00    0.00    0.00    0.00    0.00    0.00    0.00    0.00    0.00  100.00
09:24:16 AM   36    0.00    0.00    0.00    0.00    0.00    0.00    0.00    0.00    0.00  100.00
09:24:16 AM   37    0.00    0.00    0.00    0.00    0.00    0.00    0.00    0.00    0.00  100.00
09:24:16 AM   38    0.00    0.00    0.00    0.00    0.00    0.00    0.00    0.00    0.00  100.00
09:24:16 AM   39    0.00    0.00    0.00    0.00    0.00    0.00    0.00    0.00    0.00  100.00
09:24:16 AM   40    0.00    0.00    0.00    0.00    0.00    0.00    0.00    0.00    0.00  100.00
09:24:16 AM   41    0.00    0.00    0.00    0.00    0.00    0.00    0.00    0.00    0.00  100.00
09:24:16 AM   42    0.00    0.00    0.00    0.00    0.00    0.00    0.00    0.00    0.00  100.00
09:24:16 AM   43    0.00    0.00    0.00    0.00    0.00    0.00    0.00    0.00    0.00  100.00
09:24:16 AM   44    0.00    0.00    0.00    0.00    0.00    0.00    0.00    0.00    0.00  100.00
09:24:16 AM   45    0.00    0.00    0.00    0.00    0.00    0.00    0.00    0.00    0.00  100.00
09:24:16 AM   46    0.00    0.00    0.00    0.00    0.00    0.00    0.00    0.00    0.00  100.00
09:24:16 AM   47    0.00    0.00    0.00    0.00    0.00    0.00    0.00    0.00    0.00  100.00
09:24:16 AM   48    0.00    0.00    0.00    0.00    0.00    0.00    0.00    0.00    0.00  100.00
09:24:16 AM   49    0.00    0.00    0.00    0.00    0.00    0.00    0.00    0.00    0.00  100.00
09:24:16 AM   50    0.00    0.00    0.00    0.00    0.00    0.00    0.00    0.00    0.00  100.00
09:24:16 AM   51    0.00    0.00    0.00    0.00    0.00    0.00    0.00    0.00    0.00  100.00
09:24:16 AM   52    0.00    0.00    0.00    0.00    0.00    0.00    0.00    0.00    0.00  100.00
09:24:16 AM   53    0.00    0.00    0.00    0.00    0.00    0.00    0.00    0.00    0.00  100.00
09:24:16 AM   54    0.00    0.00    0.00    0.00    0.00    0.00    0.00    0.00    0.00  100.00
09:24:16 AM   55    0.00    0.00    0.00    0.00    0.00    0.00    0.00    0.00    0.00  100.00
09:24:16 AM   56    0.00    0.00    0.00    0.00    0.00    0.00    0.00    0.00    0.00  100.00
09:24:16 AM   57    0.00    0.00    0.00    0.00    0.00    0.00    0.00    0.00    0.00  100.00
09:24:16 AM   58    0.00    0.00    0.00    0.00    0.00    0.00    0.00    0.00    0.00  100.00
09:24:16 AM   59    0.00    0.00    0.00    0.00    0.00    0.00    0.00    0.00    0.00  100.00
09:24:16 AM   60    0.00    0.00    0.00    0.00    0.00    0.00    0.00    0.00    0.00  100.00
09:24:16 AM   61    0.00    0.00    0.00    0.00    0.00    0.00    0.00    0.00    0.00  100.00
09:24:16 AM   62    0.00    0.00    0.00    0.00    0.00    0.00    0.00    0.00    0.00  100.00
09:24:16 AM   63    0.00    0.00    0.00    0.00    0.00    0.00    0.00    0.00    0.00  100.00
09:24:16 AM   64    0.00    0.00    0.00    0.00    0.00    0.00    0.00    0.00    0.00  100.00
09:24:16 AM   65    0.00    0.00    0.00    0.00    0.00    0.00    0.00    0.00    0.00  100.00
09:24:16 AM   66    0.00    0.00    0.00    0.00    0.00    0.00    0.00    0.00    0.00  100.00
09:24:16 AM   67    0.00    0.00    0.00    0.00    0.00    0.00    0.00    0.00    0.00  100.00
09:24:16 AM   68    0.00    0.00    0.00    0.00    0.00    0.00    0.00    0.00    0.00  100.00
09:24:16 AM   69    0.00    0.00    0.00    0.00    0.00    0.00    0.00    0.00    0.00  100.00
09:24:16 AM   70    0.00    0.00    0.00    0.00    0.00    0.00    0.00    0.00    0.00  100.00
09:24:16 AM   71    0.00    0.00    0.00    0.00    0.00    0.00    0.00    0.00    0.00  100.00
09:24:16 AM   72    0.00    0.00    0.00    0.00    0.00    0.00    0.00    0.00    0.00  100.00
09:24:16 AM   73    0.00    0.00    0.00    0.00    0.00    0.00    0.00    0.00    0.00  100.00
09:24:16 AM   74    0.00    0.00    0.00    0.00    0.00    0.00    0.00    0.00    0.00  100.00
09:24:16 AM   75    0.00    0.00    0.00    0.00    0.00    0.00    0.00    0.00    0.00  100.00
09:24:16 AM   76    0.00    0.00    0.00    0.00    0.00    0.00    0.00    0.00    0.00  100.00
09:24:16 AM   77    0.00    0.00    0.00    0.00    0.00    0.00    0.00    0.00    0.00  100.00
09:24:16 AM   78    0.00    0.00    0.00    0.00    0.00    0.00    0.00    0.00    0.00  100.00
09:24:16 AM   79    0.00    0.00    0.00    0.00    0.00    0.00    0.00    0.00    0.00  100.00
09:24:16 AM   80    0.00    0.00    0.00    0.00    0.00    0.00    0.00    0.00    0.00  100.00
09:24:16 AM   81    0.00    0.00    0.00    0.00    0.00    0.00    0.00    0.00    0.00  100.00
09:24:16 AM   82    0.00    0.00    0.00    0.00    0.00    0.00    0.00    0.00    0.00  100.00
09:24:16 AM   83    0.00    0.00    0.00    0.00    0.00    0.00    0.00    0.00    0.00  100.00
09:24:16 AM   84    0.00    0.00    0.00    0.00    0.00    0.00    0.00    0.00    0.00  100.00
09:24:16 AM   85    0.00    0.00    0.00    0.00    0.00    0.00    0.00    0.00    0.00  100.00
09:24:16 AM   86    0.00    0.00    0.00    0.00    0.00    0.00    0.00    0.00    0.00  100.00
09:24:16 AM   87    0.00    0.00    0.00    0.00    0.00    0.00    0.00    0.00    0.00  100.00
09:24:16 AM   88    0.00    0.00    0.00    0.00    0.00    0.00    0.00    0.00    0.00  100.00
09:24:16 AM   89    0.00    0.00    0.00    0.00    0.00    0.00    0.00    0.00    0.00  100.00
09:24:16 AM   90    0.00    0.00    0.00    0.00    0.00    0.00    0.00    0.00    0.00  100.00
09:24:16 AM   91    0.00    0.00    0.00    0.00    0.00    0.00    0.00    0.00    0.00  100.00
09:24:16 AM   92    0.00    0.00    0.00    0.00    0.00    0.00    0.00    0.00    0.00  100.00
09:24:16 AM   93    0.00    0.00    0.00    0.00    0.00    0.00    0.00    0.00    0.00  100.00
09:24:16 AM   94    0.00    0.00    0.00    0.00    0.00    0.00    0.00    0.00    0.00  100.00
09:24:16 AM   95    0.00    0.00    0.00    0.00    0.00    0.00    0.00    0.00    0.00  100.00
09:24:16 AM   96    0.00    0.00    0.00    0.00    0.00    0.00    0.00    0.00    0.00  100.00
09:24:16 AM   97    0.00    0.00    0.00    0.00    0.00    0.00    0.00    0.00    0.00  100.00
09:24:16 AM   98    0.00    0.00    0.00    0.00    0.00    0.00    0.00    0.00    0.00  100.00
09:24:16 AM   99    0.00    0.00    0.00    0.00    0.00    0.00    0.00    0.00    0.00  100.00
09:24:16 AM  100    0.00    0.00    0.00    0.00    0.00    0.00    0.00    0.00    0.00  100.00
09:24:16 AM  101    0.00    0.00    0.00    0.00    0.00    0.00    0.00    0.00    0.00  100.00
09:24:16 AM  102    0.00    0.00    0.00    0.00    0.00    0.00    0.00    0.00    0.00  100.00
09:24:16 AM  103    0.00    0.00    0.00    0.00    0.00    0.00    0.00    0.00    0.00  100.00
09:24:16 AM  104    0.00    0.00    0.00    0.00    0.00    0.00    0.00    0.00    0.00  100.00
09:24:16 AM  105    0.00    0.00    0.00    0.00    0.00    0.00    0.00    0.00    0.00  100.00
09:24:16 AM  106    0.00    0.00    0.00    0.00    0.00    0.00    0.00    0.00    0.00  100.00
09:24:16 AM  107    0.00    0.00    0.00    0.00    0.00    0.00    0.00    0.00    0.00  100.00
09:24:16 AM  108    0.00    0.00    0.00    0.00    0.00    0.00    0.00    0.00    0.00  100.00
09:24:16 AM  109    0.00    0.00    0.00    0.00    0.00    0.00    0.00    0.00    0.00  100.00
09:24:16 AM  110    0.00    0.00    0.00    0.00    0.00    0.00    0.00    0.00    0.00  100.00
09:24:16 AM  111    0.00    0.00    0.00    0.00    0.00    0.00    0.00    0.00    0.00  100.00
09:24:16 AM  112    0.00    0.00    0.00    0.00    0.00    0.00    0.00    0.00    0.00  100.00
09:24:16 AM  113    0.00    0.00    0.00    0.00    0.00    0.00    0.00    0.00    0.00  100.00
09:24:16 AM  114    0.00    0.00    0.00    0.00    0.00    0.00    0.00    0.00    0.00  100.00
09:24:16 AM  115    0.00    0.00    0.00    0.00    0.00    0.00    0.00    0.00    0.00  100.00
09:24:16 AM  116    0.00    0.00    0.00    0.00    0.00    0.00    0.00    0.00    0.00  100.00
09:24:16 AM  117    0.00    0.00    0.00    0.00    0.00    0.00    0.00    0.00    0.00  100.00
09:24:16 AM  118    0.00    0.00    0.00    0.00    0.00    0.00    0.00    0.00    0.00  100.00
09:24:16 AM  119    0.00    0.00    0.00    0.00    0.00    0.00    0.00    0.00    0.00  100.00
09:24:16 AM  120    0.00    0.00    0.00    0.00    0.00    0.00    0.00    0.00    0.00  100.00
09:24:16 AM  121    0.00    0.00    0.00    0.00    0.00    0.00    0.00    0.00    0.00  100.00
09:24:16 AM  122    0.00    0.00    0.00    0.00    0.00    0.00    0.00    0.00    0.00  100.00
09:24:16 AM  123    0.00    0.00    0.00    0.00    0.00    0.00    0.00    0.00    0.00  100.00
09:24:16 AM  124    0.00    0.00    0.00    0.00    0.00    0.00    0.00    0.00    0.00  100.00
09:24:16 AM  125    0.00    0.00    0.00    0.00    0.00    0.00    0.00    0.00    0.00  100.00
09:24:16 AM  126    0.00    0.00    0.00    0.00    0.00    0.00    0.00    0.00    0.00  100.00
09:24:16 AM  127    0.00    0.00    0.00    0.00    0.00    0.00    0.00    0.00    0.00  100.00
09:24:16 AM  128    0.00    0.00    0.00    0.00    0.00    0.00    0.00    0.00    0.00  100.00
09:24:16 AM  129    0.00    0.00    0.00    0.00    0.00    0.00    0.00    0.00    0.00  100.00
09:24:16 AM  130    0.00    0.00    0.00    0.00    0.00    0.00    0.00    0.00    0.00  100.00
09:24:16 AM  131    0.00    0.00    0.00    0.00    0.00    0.00    0.00    0.00    0.00  100.00
09:24:16 AM  132    0.00    0.00    0.00    0.00    0.00    0.00    0.00    0.00    0.00  100.00
09:24:16 AM  133    0.00    0.00    0.00    0.00    0.00    0.00    0.00    0.00    0.00  100.00
09:24:16 AM  134    0.00    0.00    0.00    0.00    0.00    0.00    0.00    0.00    0.00  100.00
09:24:16 AM  135    0.00    0.00    0.00    0.00    0.00    0.00    0.00    0.00    0.00  100.00
09:24:16 AM  136    0.00    0.00    0.00    0.00    0.00    0.00    0.00    0.00    0.00  100.00
09:24:16 AM  137    0.00    0.00    0.00    0.00    0.00    0.00    0.00    0.00    0.00  100.00
09:24:16 AM  138    0.00    0.00    0.00    0.00    0.00    0.00    0.00    0.00    0.00  100.00
09:24:16 AM  139    0.00    0.00    0.00    0.00    0.00    0.00    0.00    0.00    0.00  100.00
09:24:16 AM  140    0.00    0.00    0.00    0.00    0.00    0.00    0.00    0.00    0.00  100.00
09:24:16 AM  141    0.00    0.00    0.00    0.00    0.00    0.00    0.00    0.00    0.00  100.00
09:24:16 AM  142    0.00    0.00    0.00    0.00    0.00    0.00    0.00    0.00    0.00  100.00
09:24:16 AM  143    0.00    0.00    0.99    0.00    0.00    0.00    0.00    0.00    0.00   99.01
09:24:16 AM  144    0.00    0.00    0.00    0.00    0.00    0.00    0.00    0.00    0.00  100.00
09:24:16 AM  145    0.00    0.00    0.00    0.00    0.00    0.00    0.00    0.00    0.00  100.00
09:24:16 AM  146    0.00    0.00    0.00    0.00    0.00    0.00    0.00    0.00    0.00  100.00
09:24:16 AM  147    0.00    0.00    0.00    0.00    0.00    0.00    0.00    0.00    0.00  100.00
09:24:16 AM  148    0.00    0.00    0.00    0.00    0.00    0.00    0.00    0.00    0.00  100.00
09:24:16 AM  149    0.00    0.00    0.00    0.00    0.00    0.00    0.00    0.00    0.00  100.00
09:24:16 AM  150    0.00    0.00    0.00    0.00    0.00    0.00    0.00    0.00    0.00  100.00
09:24:16 AM  151    0.00    0.00    0.00    0.00    0.00    0.00    0.00    0.00    0.00  100.00
09:24:16 AM  152    0.00    0.00    0.00    0.00    0.00    0.00    0.00    0.00    0.00  100.00
09:24:16 AM  153    0.00    0.00    0.00    0.00    0.00    0.00    0.00    0.00    0.00  100.00
09:24:16 AM  154    0.00    0.00    0.00    0.00    0.00    0.00    0.00    0.00    0.00  100.00
09:24:16 AM  155    0.00    0.00    0.00    0.00    0.00    0.00    0.00    0.00    0.00  100.00
09:24:16 AM  156    0.00    0.00    0.00    0.00    0.00    0.00    0.00    0.00    0.00  100.00
09:24:16 AM  157    0.00    0.00    0.00    0.00    0.00    0.00    0.00    0.00    0.00  100.00
09:24:16 AM  158    0.00    0.00    0.00    0.00    0.00    0.00    0.00    0.00    0.00  100.00
09:24:16 AM  159    0.00    0.00    0.00    0.00    0.00    0.00    0.00    0.00    0.00  100.00
09:24:16 AM  160    0.00    0.00    0.00    0.00    0.00    0.00    0.00    0.00    0.00  100.00
09:24:16 AM  161    0.00    0.00    0.00    0.00    0.00    0.00    0.00    0.00    0.00  100.00
09:24:16 AM  162    0.00    0.00    0.00    0.00    0.00    0.00    0.00    0.00    0.00  100.00
09:24:16 AM  163    0.00    0.00    0.00    0.00    0.00    0.00    0.00    0.00    0.00  100.00
09:24:16 AM  164    0.00    0.00    0.00    0.00    0.00    0.00    0.00    0.00    0.00  100.00
09:24:16 AM  165    0.00    0.00    0.00    0.00    0.00    0.00    0.00    0.00    0.00  100.00
09:24:16 AM  166    0.00    0.00    0.00    0.00    0.00    0.00    0.00    0.00    0.00  100.00
09:24:16 AM  167    0.00    0.00    0.00    0.00    0.00    0.00    0.00    0.00    0.00  100.00
09:24:16 AM  168    0.00    0.00    0.00    0.00    0.00    0.00    0.00    0.00    0.00  100.00
09:24:16 AM  169    0.00    0.00    0.00    0.00    0.00    0.00    0.00    0.00    0.00  100.00
09:24:16 AM  170    0.00    0.00    0.00    0.00    0.00    0.00    0.00    0.00    0.00  100.00
09:24:16 AM  171    0.00    0.00    0.00    0.00    0.00    0.00    0.00    0.00    0.00  100.00
09:24:16 AM  172    0.00    0.00    0.00    0.00    0.00    0.00    0.00    0.00    0.00  100.00
09:24:16 AM  173    0.00    0.00    0.00    0.00    0.00    0.00    0.00    0.00    0.00  100.00
09:24:16 AM  174    0.00    0.00    0.00    0.00    0.00    0.00    0.00    0.00    0.00  100.00
09:24:16 AM  175    0.00    0.00    0.00    0.00    0.00    0.00    0.00    0.00    0.00  100.00
09:24:16 AM  176    0.00    0.00    0.00    0.00    0.00    0.00    0.00    0.00    0.00  100.00
09:24:16 AM  177    0.00    0.00    0.00    0.00    0.00    0.00    0.00    0.00    0.00  100.00
09:24:16 AM  178    0.00    0.00    0.00    0.00    0.00    0.00    0.00    0.00    0.00  100.00
09:24:16 AM  179    0.00    0.00    0.00    0.00    0.00    0.00    0.00    0.00    0.00  100.00
09:24:16 AM  180    0.00    0.00    0.00    0.00    0.00    0.00    0.00    0.00    0.00  100.00
09:24:16 AM  181    0.00    0.00    0.00    0.00    0.00    0.00    0.00    0.00    0.00  100.00
09:24:16 AM  182    0.00    0.00    0.00    0.00    0.00    0.00    0.00    0.00    0.00  100.00
09:24:16 AM  183    0.00    0.00    0.00    0.00    0.00    0.00    0.00    0.00    0.00  100.00
09:24:16 AM  184    0.00    0.00    0.00    0.00    0.00    0.00    0.00    0.00    0.00  100.00
09:24:16 AM  185    0.00    0.00    0.00    0.00    0.00    0.00    0.00    0.00    0.00  100.00
09:24:16 AM  186    0.00    0.00    0.00    0.00    0.00    0.00    0.00    0.00    0.00  100.00
09:24:16 AM  187    0.00    0.00    0.00    0.00    0.00    0.00    0.00    0.00    0.00  100.00
09:24:16 AM  188    0.00    0.00    0.00    0.00    0.00    0.00    0.00    0.00    0.00  100.00
09:24:16 AM  189    0.00    0.00    0.00    0.00    0.00    0.00    0.00    0.00    0.00  100.00
09:24:16 AM  190    0.00    0.00    0.00    0.00    0.00    0.00    0.00    0.00    0.00  100.00
09:24:16 AM  191    0.00    0.00    0.00    0.00    0.00    0.00    0.00    0.00    0.00  100.00
09:24:16 AM  192    0.00    0.00    0.00    0.00    0.00    0.00    0.00    0.00    0.00  100.00
09:24:16 AM  193    0.00    0.00    0.00    0.00    0.00    0.00    0.00    0.00    0.00  100.00
09:24:16 AM  194    0.00    0.00    0.00    0.00    0.00    0.00    0.00    0.00    0.00  100.00
09:24:16 AM  195    0.00    0.00    0.00    0.00    0.00    0.00    0.00    0.00    0.00  100.00
09:24:16 AM  196    0.00    0.00    0.00    0.00    0.00    0.00    0.00    0.00    0.00  100.00
09:24:16 AM  197    0.00    0.00    0.00    0.00    0.00    0.00    0.00    0.00    0.00  100.00
09:24:16 AM  198    0.00    0.00    0.00    0.00    0.00    0.00    0.00    0.00    0.00  100.00
09:24:16 AM  199    0.00    0.00    0.00    0.00    0.00    0.00    0.00    0.00    0.00  100.00
09:24:16 AM  200    0.00    0.00    0.00    0.00    0.00    0.00    0.00    0.00    0.00  100.00
09:24:16 AM  201    0.00    0.00    0.00    0.00    0.00    0.00    0.00    0.00    0.00  100.00
09:24:16 AM  202    0.00    0.00    0.00    0.00    0.00    0.00    0.00    0.00    0.00  100.00
09:24:16 AM  203    0.00    0.00    0.00    0.00    0.00    0.00    0.00    0.00    0.00  100.00
09:24:16 AM  204    0.00    0.00    0.00    0.00    0.00    0.00    0.00    0.00    0.00  100.00
09:24:16 AM  205    0.00    0.00    0.00    0.00    0.00    0.00    0.00    0.00    0.00  100.00
09:24:16 AM  206    0.00    0.00    0.00    0.00    0.00    0.00    0.00    0.00    0.00  100.00
09:24:16 AM  207    0.00    0.00    0.00    0.00    0.00    0.00    0.00    0.00    0.00  100.00
09:24:16 AM  208    0.00    0.00    0.00    0.00    0.00    0.00    0.00    0.00    0.00  100.00
09:24:16 AM  209    0.00    0.00    0.00    0.00    0.00    0.00    0.00    0.00    0.00  100.00
09:24:16 AM  210    0.00    0.00    0.00    0.00    0.00    0.00    0.00    0.00    0.00  100.00
09:24:16 AM  211    0.00    0.00    0.00    0.00    0.00    0.00    0.00    0.00    0.00  100.00
09:24:16 AM  212    0.00    0.00    0.00    0.00    0.00    0.00    0.00    0.00    0.00  100.00
09:24:16 AM  213    0.00    0.00    0.00    0.00    0.00    0.00    0.00    0.00    0.00  100.00
09:24:16 AM  214    0.00    0.00    0.00    0.00    0.00    0.00    0.00    0.00    0.00  100.00
09:24:16 AM  215    0.00    0.00    0.00    0.00    0.00    0.00    0.00    0.00    0.00  100.00
09:24:16 AM  216    0.00    0.00    0.00    0.00    0.00    0.00    0.00    0.00    0.00  100.00
09:24:16 AM  217    0.00    0.00    0.00    0.00    0.00    0.00    0.00    0.00    0.00  100.00
09:24:16 AM  218    0.00    0.00    0.00    0.00    0.00    0.00    0.00    0.00    0.00  100.00
09:24:16 AM  219    0.00    0.00    0.00    0.00    0.00    0.00    0.00    0.00    0.00  100.00
09:24:16 AM  220    0.00    0.00    0.00    0.00    0.00    0.00    0.00    0.00    0.00  100.00
09:24:16 AM  221    0.00    0.00    0.00    0.00    0.00    0.00    0.00    0.00    0.00  100.00
09:24:16 AM  222    0.00    0.00    0.00    0.00    0.00    0.00    0.00    0.00    0.00  100.00
09:24:16 AM  223    0.00    0.00    0.00    0.00    0.00    0.00    0.00    0.00    0.00  100.00
09:24:16 AM  224    0.00    0.00    0.00    0.00    0.00    0.00    0.00    0.00    0.00  100.00
09:24:16 AM  225    0.00    0.00    0.00    0.00    0.00    0.00    0.00    0.00    0.00  100.00
09:24:16 AM  226    0.00    0.00    0.00    0.00    0.00    0.00    0.00    0.00    0.00  100.00
09:24:16 AM  227    0.00    0.00    0.00    0.00    0.00    0.00    0.00    0.00    0.00  100.00
09:24:16 AM  228    0.00    0.00    0.00    0.00    0.00    0.00    0.00    0.00    0.00  100.00
09:24:16 AM  229    0.00    0.00    0.00    0.00    0.00    0.00    0.00    0.00    0.00  100.00
09:24:16 AM  230    0.00    0.00    0.00    0.00    0.00    0.00    0.00    0.00    0.00  100.00
09:24:16 AM  231    0.00    0.00    0.00    0.00    0.00    0.00    0.00    0.00    0.00  100.00
09:24:16 AM  232    0.00    0.00    0.00    0.00    0.00    0.00    0.00    0.00    0.00  100.00
09:24:16 AM  233    0.00    0.00    0.00    0.00    0.00    0.00    0.00    0.00    0.00  100.00
09:24:16 AM  234    0.00    0.00    0.00    0.00    0.00    0.00    0.00    0.00    0.00  100.00
09:24:16 AM  235    0.00    0.00    0.00    0.00    0.00    0.00    0.00    0.00    0.00  100.00
09:24:16 AM  236    0.00    0.00    0.00    0.00    0.00    0.00    0.00    0.00    0.00  100.00
09:24:16 AM  237    0.00    0.00    0.00    0.00    0.00    0.00    0.00    0.00    0.00  100.00
09:24:16 AM  238    0.00    0.00    0.00    0.00    0.00    0.00    0.00    0.00    0.00  100.00
09:24:16 AM  239    0.00    0.00    0.00    0.00    0.00    0.00    0.00    0.00    0.00  100.00
09:24:16 AM  240    0.00    0.00    0.00    0.00    0.00    0.00    0.00    0.00    0.00  100.00
09:24:16 AM  241    0.00    0.00    0.00    0.00    0.00    0.00    0.00    0.00    0.00  100.00
09:24:16 AM  242    0.00    0.00    0.00    0.00    0.00    0.00    0.00    0.00    0.00  100.00
09:24:16 AM  243    0.00    0.00    0.00    0.00    0.00    0.00    0.00    0.00    0.00  100.00
09:24:16 AM  244    0.00    0.00    0.00    0.00    0.00    0.00    0.00    0.00    0.00  100.00
09:24:16 AM  245    0.00    0.00    0.00    0.00    0.00    0.00    0.00    0.00    0.00  100.00
09:24:16 AM  246    0.00    0.00    0.00    0.00    0.00    0.00    0.00    0.00    0.00  100.00
09:24:16 AM  247    0.00    0.00    0.00    0.00    0.00    0.00    0.00    0.00    0.00  100.00
09:24:16 AM  248    0.00    0.00    0.00    0.00    0.00    0.00    0.00    0.00    0.00  100.00
09:24:16 AM  249    0.00    0.00    0.00    0.00    0.00    0.00    0.00    0.00    0.00  100.00
09:24:16 AM  250    0.00    0.00    0.00    0.00    0.00    0.00    0.00    0.00    0.00  100.00
09:24:16 AM  251    0.00    0.00    0.00    0.00    0.00    0.00    0.00    0.00    0.00  100.00
09:24:16 AM  252    0.00    0.00    0.00    0.00    0.00    0.00    0.00    0.00    0.00  100.00
09:24:16 AM  253    0.00    0.00    0.00    0.00    0.00    0.00    0.00    0.00    0.00  100.00
09:24:16 AM  254    0.00    0.00    0.00    0.00    0.00    0.00    0.00    0.00    0.00  100.00
09:24:16 AM  255    0.00    0.00    0.00    0.00    0.00    0.00    0.00    0.00    0.00  100.00

09:24:16 AM  CPU    %usr   %nice    %sys %iowait    %irq   %soft  %steal  %guest  %gnice   %idle
09:24:17 AM  all    0.00    0.00    0.39    0.01    0.00    0.00    0.00    0.00    0.00   99.60
09:24:17 AM    0    0.00    0.00    0.00    0.00    0.00    0.00    0.00    0.00    0.00  100.00
09:24:17 AM    1    0.00    0.00    0.00    0.00    0.00    0.00    0.00    0.00    0.00  100.00
09:24:17 AM    2    0.00    0.00    0.00    0.00    0.00    0.00    0.00    0.00    0.00  100.00
09:24:17 AM    3    0.00    0.00    0.00    0.00    0.00    0.00    0.00    0.00    0.00  100.00
09:24:17 AM    4    0.00    0.00    0.00    0.00    0.00    0.00    0.00    0.00    0.00  100.00
09:24:17 AM    5    0.00    0.00    0.00    0.00    0.00    0.00    0.00    0.00    0.00  100.00
09:24:17 AM    6    0.00    0.00    0.00    0.00    0.00    0.00    0.00    0.00    0.00  100.00
09:24:17 AM    7    0.00    0.00    0.00    0.00    0.00    0.00    0.00    0.00    0.00  100.00
09:24:17 AM    8    0.00    0.00    0.00    0.00    0.00    0.00    0.00    0.00    0.00  100.00
09:24:17 AM    9    0.00    0.00    0.00    0.00    0.00    0.00    0.00    0.00    0.00  100.00
09:24:17 AM   10    0.00    0.00    0.00    0.00    0.00    0.00    0.00    0.00    0.00  100.00
09:24:17 AM   11    0.00    0.00    0.00    0.00    0.00    0.00    0.00    0.00    0.00  100.00
09:24:17 AM   12    0.00    0.00    0.00    0.00    0.00    0.00    0.00    0.00    0.00  100.00
09:24:17 AM   13    0.00    0.00    0.00    0.00    0.00    0.00    0.00    0.00    0.00  100.00
09:24:17 AM   14    0.00    0.00    0.00    0.00    0.00    0.00    0.00    0.00    0.00  100.00
09:24:17 AM   15    0.00    0.00    0.00    0.00    0.00    0.00    0.00    0.00    0.00  100.00
09:24:17 AM   16    0.00    0.00    0.00    0.00    0.00    0.00    0.00    0.00    0.00  100.00
09:24:17 AM   17    0.00    0.00    0.00    0.00    0.00    0.00    0.00    0.00    0.00  100.00
09:24:17 AM   18    0.00    0.00    0.00    0.00    0.00    0.00    0.00    0.00    0.00  100.00
09:24:17 AM   19    0.00    0.00    0.00    0.00    0.00    0.00    0.00    0.00    0.00  100.00
09:24:17 AM   20    0.00    0.00    0.00    0.00    0.00    0.00    0.00    0.00    0.00  100.00
09:24:17 AM   21    0.00    0.00    0.00    0.00    0.00    0.00    0.00    0.00    0.00  100.00
09:24:17 AM   22    0.00    0.00    0.00    0.00    0.00    0.00    0.00    0.00    0.00  100.00
09:24:17 AM   23    0.00    0.00    0.00    0.00    0.00    0.00    0.00    0.00    0.00  100.00
09:24:17 AM   24    0.00    0.00    0.00    0.00    0.00    0.00    0.00    0.00    0.00  100.00
09:24:17 AM   25    0.00    0.00    0.00    0.00    0.00    0.00    0.00    0.00    0.00  100.00
09:24:17 AM   26    0.00    0.00    0.00    0.00    0.00    0.00    0.00    0.00    0.00  100.00
09:24:17 AM   27    0.00    0.00    0.00    0.00    0.00    0.00    0.00    0.00    0.00  100.00
09:24:17 AM   28    0.00    0.00    0.00    0.00    0.00    0.00    0.00    0.00    0.00  100.00
09:24:17 AM   29    0.00    0.00    0.00    0.00    0.00    0.00    0.00    0.00    0.00  100.00
09:24:17 AM   30    0.00    0.00    0.00    0.00    0.00    0.00    0.00    0.00    0.00  100.00
09:24:17 AM   31    0.00    0.00    0.00    0.00    0.00    0.00    0.00    0.00    0.00  100.00
09:24:17 AM   32    0.00    0.00    0.00    0.00    0.00    0.00    0.00    0.00    0.00  100.00
09:24:17 AM   33    0.00    0.00    0.00    0.00    0.00    0.00    0.00    0.00    0.00  100.00
09:24:17 AM   34    0.00    0.00  100.00    0.00    0.00    0.00    0.00    0.00    0.00    0.00
09:24:17 AM   35    0.00    0.00    0.00    0.00    0.00    0.00    0.00    0.00    0.00  100.00
09:24:17 AM   36    0.00    0.00    0.00    0.00    0.00    0.00    0.00    0.00    0.00  100.00
09:24:17 AM   37    0.00    0.00    0.00    0.00    0.00    0.00    0.00    0.00    0.00  100.00
09:24:17 AM   38    0.00    0.00    0.00    0.00    0.00    0.00    0.00    0.00    0.00  100.00
09:24:17 AM   39    0.00    0.00    0.00    0.00    0.00    0.00    0.00    0.00    0.00  100.00
09:24:17 AM   40    0.00    0.00    0.00    0.00    0.00    0.00    0.00    0.00    0.00  100.00
09:24:17 AM   41    0.00    0.00    0.00    0.00    0.00    0.00    0.00    0.00    0.00  100.00
09:24:17 AM   42    0.00    0.00    0.00    0.00    0.00    0.00    0.00    0.00    0.00  100.00
09:24:17 AM   43    0.00    0.00    0.00    0.00    0.00    0.00    0.00    0.00    0.00  100.00
09:24:17 AM   44    0.00    0.00    0.00    0.00    0.00    0.00    0.00    0.00    0.00  100.00
09:24:17 AM   45    0.00    0.00    0.00    0.00    0.00    0.00    0.00    0.00    0.00  100.00
09:24:17 AM   46    0.00    0.00    0.00    0.00    0.00    0.00    0.00    0.00    0.00  100.00
09:24:17 AM   47    0.00    0.00    0.00    0.00    0.00    0.00    0.00    0.00    0.00  100.00
09:24:17 AM   48    0.00    0.00    0.00    0.00    0.00    0.00    0.00    0.00    0.00  100.00
09:24:17 AM   49    0.00    0.00    0.00    0.00    0.00    0.00    0.00    0.00    0.00  100.00
09:24:17 AM   50    0.00    0.00    0.00    0.00    0.00    0.00    0.00    0.00    0.00  100.00
09:24:17 AM   51    0.00    0.00    0.00    0.00    0.00    0.00    0.00    0.00    0.00  100.00
09:24:17 AM   52    0.00    0.00    0.00    0.00    0.00    0.00    0.00    0.00    0.00  100.00
09:24:17 AM   53    0.00    0.00    0.00    0.00    0.00    0.00    0.00    0.00    0.00  100.00
09:24:17 AM   54    0.00    0.00    0.00    0.00    0.00    0.00    0.00    0.00    0.00  100.00
09:24:17 AM   55    0.00    0.00    0.00    0.00    0.00    0.00    0.00    0.00    0.00  100.00
09:24:17 AM   56    0.00    0.00    0.00    0.00    0.00    0.00    0.00    0.00    0.00  100.00
09:24:17 AM   57    0.00    0.00    0.00    0.00    0.00    0.00    0.00    0.00    0.00  100.00
09:24:17 AM   58    0.00    0.00    0.00    0.00    0.00    0.00    0.00    0.00    0.00  100.00
09:24:17 AM   59    0.00    0.00    0.00    0.00    0.00    0.00    0.00    0.00    0.00  100.00
09:24:17 AM   60    0.00    0.00    0.00    0.00    0.00    0.00    0.00    0.00    0.00  100.00
09:24:17 AM   61    0.00    0.00    0.00    0.00    0.00    0.00    0.00    0.00    0.00  100.00
09:24:17 AM   62    0.00    0.00    0.00    0.00    0.00    0.00    0.00    0.00    0.00  100.00
09:24:17 AM   63    0.00    0.00    0.00    0.00    0.00    0.00    0.00    0.00    0.00  100.00
09:24:17 AM   64    0.00    0.00    0.00    0.00    0.00    0.00    0.00    0.00    0.00  100.00
09:24:17 AM   65    0.00    0.00    0.00    0.00    0.00    0.00    0.00    0.00    0.00  100.00
09:24:17 AM   66    0.00    0.00    0.00    0.00    0.00    0.00    0.00    0.00    0.00  100.00
09:24:17 AM   67    0.00    0.00    0.00    0.00    0.00    0.00    0.00    0.00    0.00  100.00
09:24:17 AM   68    0.00    0.00    0.00    0.00    0.00    0.00    0.00    0.00    0.00  100.00
09:24:17 AM   69    0.00    0.00    0.00    0.00    0.00    0.00    0.00    0.00    0.00  100.00
09:24:17 AM   70    0.00    0.00    0.00    0.00    0.00    0.00    0.00    0.00    0.00  100.00
09:24:17 AM   71    0.00    0.00    0.00    0.00    0.00    0.00    0.00    0.00    0.00  100.00
09:24:17 AM   72    0.00    0.00    0.00    0.00    0.00    0.00    0.00    0.00    0.00  100.00
09:24:17 AM   73    0.00    0.00    0.00    0.00    0.00    0.00    0.00    0.00    0.00  100.00
09:24:17 AM   74    0.00    0.00    0.00    0.00    0.00    0.00    0.00    0.00    0.00  100.00
09:24:17 AM   75    0.00    0.00    0.00    0.00    0.00    0.00    0.00    0.00    0.00  100.00
09:24:17 AM   76    0.00    0.00    0.00    0.00    0.00    0.00    0.00    0.00    0.00  100.00
09:24:17 AM   77    0.00    0.00    0.00    0.00    0.00    0.00    0.00    0.00    0.00  100.00
09:24:17 AM   78    0.00    0.00    0.00    0.00    0.00    0.00    0.00    0.00    0.00  100.00
09:24:17 AM   79    0.00    0.00    0.00    0.00    0.00    0.00    0.00    0.00    0.00  100.00
09:24:17 AM   80    0.00    0.00    0.00    0.00    0.00    0.00    0.00    0.00    0.00  100.00
09:24:17 AM   81    0.00    0.00    0.00    0.00    0.00    0.00    0.00    0.00    0.00  100.00
09:24:17 AM   82    0.00    0.00    0.00    0.00    0.00    0.00    0.00    0.00    0.00  100.00
09:24:17 AM   83    0.00    0.00    0.00    0.00    0.00    0.00    0.00    0.00    0.00  100.00
09:24:17 AM   84    0.00    0.00    0.00    0.00    0.00    0.00    0.00    0.00    0.00  100.00
09:24:17 AM   85    0.00    0.00    0.00    0.00    0.00    0.00    0.00    0.00    0.00  100.00
09:24:17 AM   86    0.00    0.00    0.00    0.00    0.00    0.00    0.00    0.00    0.00  100.00
09:24:17 AM   87    0.00    0.00    0.00    0.00    0.00    0.00    0.00    0.00    0.00  100.00
09:24:17 AM   88    0.00    0.00    0.00    0.00    0.00    0.00    0.00    0.00    0.00  100.00
09:24:17 AM   89    0.00    0.00    0.00    0.00    0.00    0.00    0.00    0.00    0.00  100.00
09:24:17 AM   90    0.00    0.00    0.00    0.00    0.00    0.00    0.00    0.00    0.00  100.00
09:24:17 AM   91    0.00    0.00    0.00    0.00    0.00    0.00    0.00    0.00    0.00  100.00
09:24:17 AM   92    0.00    0.00    0.00    0.00    0.00    0.00    0.00    0.00    0.00  100.00
09:24:17 AM   93    0.00    0.00    0.00    0.00    0.00    0.00    0.00    0.00    0.00  100.00
09:24:17 AM   94    0.00    0.00    0.00    0.00    0.00    0.00    0.00    0.00    0.00  100.00
09:24:17 AM   95    0.00    0.00    0.00    0.00    0.00    0.00    0.00    0.00    0.00  100.00
09:24:17 AM   96    0.00    0.00    0.00    0.00    0.00    0.00    0.00    0.00    0.00  100.00
09:24:17 AM   97    0.00    0.00    0.00    0.00    0.00    0.00    0.00    0.00    0.00  100.00
09:24:17 AM   98    0.00    0.00    0.00    0.00    0.00    0.00    0.00    0.00    0.00  100.00
09:24:17 AM   99    0.00    0.00    0.00    0.00    0.00    0.00    0.00    0.00    0.00  100.00
09:24:17 AM  100    0.00    0.00    0.00    0.00    0.00    0.00    0.00    0.00    0.00  100.00
09:24:17 AM  101    0.00    0.00    0.00    0.00    0.00    0.00    0.00    0.00    0.00  100.00
09:24:17 AM  102    0.00    0.00    0.00    0.00    0.00    0.00    0.00    0.00    0.00  100.00
09:24:17 AM  103    0.00    0.00    0.00    0.00    0.00    0.00    0.00    0.00    0.00  100.00
09:24:17 AM  104    0.00    0.00    0.00    0.00    0.00    0.00    0.00    0.00    0.00  100.00
09:24:17 AM  105    0.00    0.00    0.00    0.00    0.00    0.00    0.00    0.00    0.00  100.00
09:24:17 AM  106    0.00    0.00    0.00    0.99    0.00    0.00    0.00    0.00    0.00   99.01
09:24:17 AM  107    0.00    0.00    0.00    0.00    0.00    0.00    0.00    0.00    0.00  100.00
09:24:17 AM  108    0.00    0.00    0.00    0.00    0.00    0.00    0.00    0.00    0.00  100.00
09:24:17 AM  109    0.00    0.00    0.00    0.99    0.00    0.00    0.00    0.00    0.00   99.01
09:24:17 AM  110    0.00    0.00    0.00    0.00    0.00    0.00    0.00    0.00    0.00  100.00
09:24:17 AM  111    0.00    0.00    0.00    0.00    0.00    0.00    0.00    0.00    0.00  100.00
09:24:17 AM  112    0.00    0.00    0.00    0.00    0.00    0.00    0.00    0.00    0.00  100.00
09:24:17 AM  113    0.00    0.00    0.00    0.00    0.00    0.00    0.00    0.00    0.00  100.00
09:24:17 AM  114    0.00    0.00    0.00    0.00    0.00    0.00    0.00    0.00    0.00  100.00
09:24:17 AM  115    0.00    0.00    0.00    0.00    0.00    0.00    0.00    0.00    0.00  100.00
09:24:17 AM  116    0.00    0.00    0.00    0.00    0.00    0.00    0.00    0.00    0.00  100.00
09:24:17 AM  117    0.00    0.00    0.00    0.00    0.00    0.00    0.00    0.00    0.00  100.00
09:24:17 AM  118    0.00    0.00    0.00    0.00    0.00    0.00    0.00    0.00    0.00  100.00
09:24:17 AM  119    0.00    0.00    0.00    0.00    0.00    0.00    0.00    0.00    0.00  100.00
09:24:17 AM  120    0.00    0.00    0.00    0.00    0.00    0.00    0.00    0.00    0.00  100.00
09:24:17 AM  121    0.00    0.00    0.00    0.00    0.00    0.00    0.00    0.00    0.00  100.00
09:24:17 AM  122    0.00    0.00    0.00    0.00    0.00    0.00    0.00    0.00    0.00  100.00
09:24:17 AM  123    0.00    0.00    0.00    0.00    0.00    0.00    0.00    0.00    0.00  100.00
09:24:17 AM  124    0.00    0.00    0.00    0.00    0.00    0.00    0.00    0.00    0.00  100.00
09:24:17 AM  125    0.00    0.00    0.00    0.00    0.00    0.00    0.00    0.00    0.00  100.00
09:24:17 AM  126    0.00    0.00    0.00    0.00    0.00    0.00    0.00    0.00    0.00  100.00
09:24:17 AM  127    0.00    0.00    0.00    0.00    0.00    0.00    0.00    0.00    0.00  100.00
09:24:17 AM  128    0.00    0.00    0.00    0.00    0.00    0.00    0.00    0.00    0.00  100.00
09:24:17 AM  129    0.00    0.00    0.00    0.00    0.00    0.00    0.00    0.00    0.00  100.00
09:24:17 AM  130    0.00    0.00    0.00    0.00    0.00    0.00    0.00    0.00    0.00  100.00
09:24:17 AM  131    0.00    0.00    0.00    0.00    0.00    0.00    0.00    0.00    0.00  100.00
09:24:17 AM  132    0.00    0.00    0.00    0.00    0.00    0.00    0.00    0.00    0.00  100.00
09:24:17 AM  133    0.00    0.00    0.00    0.00    0.00    0.00    0.00    0.00    0.00  100.00
09:24:17 AM  134    0.00    0.00    0.00    0.00    0.00    0.00    0.00    0.00    0.00  100.00
09:24:17 AM  135    0.00    0.00    0.00    0.00    0.00    0.00    0.00    0.00    0.00  100.00
09:24:17 AM  136    0.00    0.00    0.00    0.00    0.00    0.00    0.00    0.00    0.00  100.00
09:24:17 AM  137    0.00    0.00    0.00    0.00    0.00    0.00    0.00    0.00    0.00  100.00
09:24:17 AM  138    0.00    0.00    0.00    0.00    0.00    0.00    0.00    0.00    0.00  100.00
09:24:17 AM  139    0.99    0.00    0.00    0.00    0.00    0.00    0.00    0.00    0.00   99.01
09:24:17 AM  140    0.00    0.00    0.00    0.00    0.00    0.00    0.00    0.00    0.00  100.00
09:24:17 AM  141    0.00    0.00    0.00    0.00    0.00    0.00    0.00    0.00    0.00  100.00
09:24:17 AM  142    0.00    0.00    0.00    0.00    0.00    0.00    0.00    0.00    0.00  100.00
09:24:17 AM  143    0.00    0.00    0.00    0.00    0.00    0.00    0.00    0.00    0.00  100.00
09:24:17 AM  144    0.00    0.00    0.00    0.00    0.00    0.00    0.00    0.00    0.00  100.00
09:24:17 AM  145    0.00    0.00    0.00    0.00    0.00    0.00    0.00    0.00    0.00  100.00
09:24:17 AM  146    0.00    0.00    0.00    0.00    0.00    0.00    0.00    0.00    0.00  100.00
09:24:17 AM  147    0.00    0.00    0.00    0.00    0.00    0.00    0.00    0.00    0.00  100.00
09:24:17 AM  148    0.00    0.00    0.00    0.00    0.00    0.00    0.00    0.00    0.00  100.00
09:24:17 AM  149    0.00    0.00    0.00    0.00    0.00    0.00    0.00    0.00    0.00  100.00
09:24:17 AM  150    0.00    0.00    0.00    0.00    0.00    0.00    0.00    0.00    0.00  100.00
09:24:17 AM  151    0.00    0.00    0.00    0.00    0.00    0.00    0.00    0.00    0.00  100.00
09:24:17 AM  152    0.00    0.00    0.00    0.00    0.00    0.00    0.00    0.00    0.00  100.00
09:24:17 AM  153    0.00    0.00    0.00    0.00    0.00    0.00    0.00    0.00    0.00  100.00
09:24:17 AM  154    0.00    0.00    0.00    0.00    0.00    0.00    0.00    0.00    0.00  100.00
09:24:17 AM  155    0.00    0.00    0.00    0.00    0.00    0.00    0.00    0.00    0.00  100.00
09:24:17 AM  156    0.00    0.00    0.00    0.00    0.00    0.00    0.00    0.00    0.00  100.00
09:24:17 AM  157    0.00    0.00    0.00    0.00    0.00    0.00    0.00    0.00    0.00  100.00
09:24:17 AM  158    0.00    0.00    0.00    0.00    0.00    0.00    0.00    0.00    0.00  100.00
09:24:17 AM  159    0.00    0.00    0.00    0.00    0.00    0.00    0.00    0.00    0.00  100.00
09:24:17 AM  160    0.00    0.00    0.00    0.00    0.00    0.00    0.00    0.00    0.00  100.00
09:24:17 AM  161    0.00    0.00    0.00    0.00    0.00    0.00    0.00    0.00    0.00  100.00
09:24:17 AM  162    0.00    0.00    0.00    0.00    0.00    0.00    0.00    0.00    0.00  100.00
09:24:17 AM  163    0.00    0.00    0.00    0.00    0.00    0.00    0.00    0.00    0.00  100.00
09:24:17 AM  164    0.00    0.00    0.00    0.00    0.00    0.00    0.00    0.00    0.00  100.00
09:24:17 AM  165    0.00    0.00    0.00    0.00    0.00    0.00    0.00    0.00    0.00  100.00
09:24:17 AM  166    0.00    0.00    0.00    0.00    0.00    0.00    0.00    0.00    0.00  100.00
09:24:17 AM  167    0.00    0.00    0.00    0.00    0.00    0.00    0.00    0.00    0.00  100.00
09:24:17 AM  168    0.00    0.00    0.00    0.00    0.00    0.00    0.00    0.00    0.00  100.00
09:24:17 AM  169    0.00    0.00    0.00    0.00    0.00    0.00    0.00    0.00    0.00  100.00
09:24:17 AM  170    0.00    0.00    0.00    0.00    0.00    0.00    0.00    0.00    0.00  100.00
09:24:17 AM  171    0.00    0.00    0.00    0.00    0.00    0.00    0.00    0.00    0.00  100.00
09:24:17 AM  172    0.00    0.00    0.00    0.00    0.00    0.00    0.00    0.00    0.00  100.00
09:24:17 AM  173    0.00    0.00    0.00    0.00    0.00    0.00    0.00    0.00    0.00  100.00
09:24:17 AM  174    0.00    0.00    0.00    0.00    0.00    0.00    0.00    0.00    0.00  100.00
09:24:17 AM  175    0.00    0.00    0.00    0.00    0.00    0.00    0.00    0.00    0.00  100.00
09:24:17 AM  176    0.00    0.00    0.00    0.00    0.00    0.00    0.00    0.00    0.00  100.00
09:24:17 AM  177    0.00    0.00    0.00    0.00    0.00    0.00    0.00    0.00    0.00  100.00
09:24:17 AM  178    0.00    0.00    0.00    0.00    0.00    0.00    0.00    0.00    0.00  100.00
09:24:17 AM  179    0.00    0.00    0.00    0.00    0.00    0.00    0.00    0.00    0.00  100.00
09:24:17 AM  180    0.00    0.00    0.00    0.00    0.00    0.00    0.00    0.00    0.00  100.00
09:24:17 AM  181    0.00    0.00    0.00    0.00    0.00    0.00    0.00    0.00    0.00  100.00
09:24:17 AM  182    0.00    0.00    0.00    0.00    0.00    0.00    0.00    0.00    0.00  100.00
09:24:17 AM  183    0.00    0.00    0.00    0.00    0.00    0.00    0.00    0.00    0.00  100.00
09:24:17 AM  184    0.00    0.00    0.00    0.00    0.00    0.00    0.00    0.00    0.00  100.00
09:24:17 AM  185    0.00    0.00    0.00    0.00    0.00    0.00    0.00    0.00    0.00  100.00
09:24:17 AM  186    0.00    0.00    0.00    0.00    0.00    0.00    0.00    0.00    0.00  100.00
09:24:17 AM  187    0.00    0.00    0.00    0.00    0.00    0.00    0.00    0.00    0.00  100.00
09:24:17 AM  188    0.00    0.00    0.00    0.00    0.00    0.00    0.00    0.00    0.00  100.00
09:24:17 AM  189    0.00    0.00    0.00    0.00    0.00    0.00    0.00    0.00    0.00  100.00
09:24:17 AM  190    0.00    0.00    0.00    0.00    0.00    0.00    0.00    0.00    0.00  100.00
09:24:17 AM  191    0.00    0.00    0.00    0.00    0.00    0.00    0.00    0.00    0.00  100.00
09:24:17 AM  192    0.00    0.00    0.00    0.00    0.00    0.00    0.00    0.00    0.00  100.00
09:24:17 AM  193    0.00    0.00    0.00    0.00    0.00    0.00    0.00    0.00    0.00  100.00
09:24:17 AM  194    0.00    0.00    0.00    0.00    0.00    0.00    0.00    0.00    0.00  100.00
09:24:17 AM  195    0.00    0.00    0.00    0.00    0.00    0.00    0.00    0.00    0.00  100.00
09:24:17 AM  196    0.00    0.00    0.00    0.00    0.00    0.00    0.00    0.00    0.00  100.00
09:24:17 AM  197    0.00    0.00    0.00    0.00    0.00    0.00    0.00    0.00    0.00  100.00
09:24:17 AM  198    0.00    0.00    0.00    0.00    0.00    0.00    0.00    0.00    0.00  100.00
09:24:17 AM  199    0.00    0.00    0.00    0.00    0.00    0.00    0.00    0.00    0.00  100.00
09:24:17 AM  200    0.00    0.00    0.00    0.00    0.00    0.00    0.00    0.00    0.00  100.00
09:24:17 AM  201    0.00    0.00    0.00    0.00    0.00    0.00    0.00    0.00    0.00  100.00
09:24:17 AM  202    0.00    0.00    0.00    0.00    0.00    0.00    0.00    0.00    0.00  100.00
09:24:17 AM  203    0.00    0.00    0.00    0.00    0.00    0.00    0.00    0.00    0.00  100.00
09:24:17 AM  204    0.00    0.00    0.99    0.00    0.00    0.00    0.00    0.00    0.00   99.01
09:24:17 AM  205    0.00    0.00    0.00    0.00    0.00    0.00    0.00    0.00    0.00  100.00
09:24:17 AM  206    0.00    0.00    0.00    0.00    0.00    0.00    0.00    0.00    0.00  100.00
09:24:17 AM  207    0.00    0.00    0.00    0.00    0.00    0.00    0.00    0.00    0.00  100.00
09:24:17 AM  208    0.00    0.00    0.00    0.00    0.00    0.00    0.00    0.00    0.00  100.00
09:24:17 AM  209    0.00    0.00    0.00    0.00    0.00    0.00    0.00    0.00    0.00  100.00
09:24:17 AM  210    0.00    0.00    0.00    0.00    0.00    0.00    0.00    0.00    0.00  100.00
09:24:17 AM  211    0.00    0.00    0.00    0.00    0.00    0.00    0.00    0.00    0.00  100.00
09:24:17 AM  212    0.00    0.00    0.00    0.00    0.00    0.00    0.00    0.00    0.00  100.00
09:24:17 AM  213    0.00    0.00    0.00    0.00    0.00    0.00    0.00    0.00    0.00  100.00
09:24:17 AM  214    0.00    0.00    0.00    0.00    0.00    0.00    0.00    0.00    0.00  100.00
09:24:17 AM  215    0.00    0.00    0.00    0.00    0.00    0.00    0.00    0.00    0.00  100.00
09:24:17 AM  216    0.00    0.00    0.00    0.00    0.00    0.00    0.00    0.00    0.00  100.00
09:24:17 AM  217    0.00    0.00    0.00    0.00    0.00    0.00    0.00    0.00    0.00  100.00
09:24:17 AM  218    0.00    0.00    0.00    0.00    0.00    0.00    0.00    0.00    0.00  100.00
09:24:17 AM  219    0.00    0.00    0.00    0.00    0.00    0.00    0.00    0.00    0.00  100.00
09:24:17 AM  220    0.00    0.00    0.00    0.00    0.00    0.00    0.00    0.00    0.00  100.00
09:24:17 AM  221    0.00    0.00    0.00    0.00    0.00    0.00    0.00    0.00    0.00  100.00
09:24:17 AM  222    0.00    0.00    0.00    0.00    0.00    0.00    0.00    0.00    0.00  100.00
09:24:17 AM  223    0.00    0.00    0.00    0.00    0.00    0.00    0.00    0.00    0.00  100.00
09:24:17 AM  224    0.00    0.00    0.00    0.00    0.00    0.00    0.00    0.00    0.00  100.00
09:24:17 AM  225    0.00    0.00    0.00    0.00    0.00    0.00    0.00    0.00    0.00  100.00
09:24:17 AM  226    0.00    0.00    0.00    0.00    0.00    0.00    0.00    0.00    0.00  100.00
09:24:17 AM  227    0.00    0.00    0.00    0.00    0.00    0.00    0.00    0.00    0.00  100.00
09:24:17 AM  228    0.00    0.00    0.00    0.00    0.00    0.00    0.00    0.00    0.00  100.00
09:24:17 AM  229    0.00    0.00    0.00    0.00    0.00    0.00    0.00    0.00    0.00  100.00
09:24:17 AM  230    0.00    0.00    0.00    0.00    0.00    0.00    0.00    0.00    0.00  100.00
09:24:17 AM  231    0.00    0.00    0.00    0.00    0.00    0.00    0.00    0.00    0.00  100.00
09:24:17 AM  232    0.00    0.00    0.00    0.00    0.00    0.00    0.00    0.00    0.00  100.00
09:24:17 AM  233    0.00    0.00    0.00    0.00    0.00    0.00    0.00    0.00    0.00  100.00
09:24:17 AM  234    0.00    0.00    0.00    0.00    0.00    0.00    0.00    0.00    0.00  100.00
09:24:17 AM  235    0.00    0.00    0.00    0.00    0.00    0.00    0.00    0.00    0.00  100.00
09:24:17 AM  236    0.00    0.00    0.00    0.00    0.00    0.00    0.00    0.00    0.00  100.00
09:24:17 AM  237    0.00    0.00    0.00    0.00    0.00    0.00    0.00    0.00    0.00  100.00
09:24:17 AM  238    0.00    0.00    0.00    0.00    0.00    0.00    0.00    0.00    0.00  100.00
09:24:17 AM  239    0.00    0.00    0.00    0.00    0.00    0.00    0.00    0.00    0.00  100.00
09:24:17 AM  240    0.00    0.00    0.00    0.00    0.00    0.00    0.00    0.00    0.00  100.00
09:24:17 AM  241    0.00    0.00    0.00    0.00    0.00    0.00    0.00    0.00    0.00  100.00
09:24:17 AM  242    0.00    0.00    0.00    0.00    0.00    0.00    0.00    0.00    0.00  100.00
09:24:17 AM  243    0.00    0.00    0.00    0.00    0.00    0.00    0.00    0.00    0.00  100.00
09:24:17 AM  244    0.00    0.00    0.00    0.00    0.00    0.00    0.00    0.00    0.00  100.00
09:24:17 AM  245    0.00    0.00    0.00    0.00    0.00    0.00    0.00    0.00    0.00  100.00
09:24:17 AM  246    0.00    0.00    0.00    0.00    0.00    0.00    0.00    0.00    0.00  100.00
09:24:17 AM  247    0.00    0.00    0.00    0.00    0.00    0.00    0.00    0.00    0.00  100.00
09:24:17 AM  248    0.00    0.00    0.00    0.00    0.00    0.00    0.00    0.00    0.00  100.00
09:24:17 AM  249    0.00    0.00    0.00    0.00    0.00    0.00    0.00    0.00    0.00  100.00
09:24:17 AM  250    0.00    0.00    0.00    0.00    0.00    0.00    0.00    0.00    0.00  100.00
09:24:17 AM  251    0.00    0.00    0.00    0.00    0.00    0.00    0.00    0.00    0.00  100.00
09:24:17 AM  252    0.00    0.00    0.00    0.00    0.00    0.00    0.00    0.00    0.00  100.00
09:24:17 AM  253    0.00    0.00    0.00    0.00    0.00    0.00    0.00    0.00    0.00  100.00
09:24:17 AM  254    0.00    0.00    0.00    0.00    0.00    0.00    0.00    0.00    0.00  100.00
09:24:17 AM  255    0.00    0.00    0.00    0.00    0.00    0.00    0.00    0.00    0.00  100.00

09:24:17 AM  CPU    %usr   %nice    %sys %iowait    %irq   %soft  %steal  %guest  %gnice   %idle
09:24:18 AM  all    2.77    0.00    5.53    0.09    0.00    0.00    0.00    0.00    0.00   91.61
09:24:18 AM    0    8.00    0.00    1.00    0.00    0.00    0.00    0.00    0.00    0.00   91.00
09:24:18 AM    1    5.05    0.00    1.01    0.00    0.00    0.00    0.00    0.00    0.00   93.94
09:24:18 AM    2    4.04    0.00    0.00    0.00    0.00    0.00    0.00    0.00    0.00   95.96
09:24:18 AM    3    6.06    0.00    3.03    0.00    0.00    0.00    0.00    0.00    0.00   90.91
09:24:18 AM    4    3.03    0.00    0.00    0.00    0.00    0.00    0.00    0.00    0.00   96.97
09:24:18 AM    5    0.00    0.00    5.00    0.00    0.00    0.00    0.00    0.00    0.00   95.00
09:24:18 AM    6    2.97    0.00    0.00    0.99    0.00    0.00    0.00    0.00    0.00   96.04
09:24:18 AM    7    0.00    0.00   10.00    0.00    0.00    0.00    0.00    0.00    0.00   90.00
09:24:18 AM    8    0.00    0.00    9.90    0.00    0.00    0.00    0.00    0.00    0.00   90.10
09:24:18 AM    9    5.94    0.00    0.99    0.00    0.00    0.00    0.00    0.00    0.00   93.07
09:24:18 AM   10    1.01    0.00    5.05    0.00    0.00    0.00    0.00    0.00    0.00   93.94
09:24:18 AM   11    0.00    0.00    9.00    0.00    0.00    0.00    0.00    0.00    0.00   91.00
09:24:18 AM   12    3.00    0.00    1.00    0.00    0.00    0.00    0.00    0.00    0.00   96.00
09:24:18 AM   13    2.00    0.00    1.00    0.00    0.00    0.00    0.00    0.00    0.00   97.00
09:24:18 AM   14    2.00    0.00    4.00    1.00    0.00    0.00    0.00    0.00    0.00   93.00
09:24:18 AM   15    0.00    0.00    3.96    0.00    0.00    0.00    0.00    0.00    0.00   96.04
09:24:18 AM   16    7.00    0.00    2.00    0.00    0.00    0.00    0.00    0.00    0.00   91.00
09:24:18 AM   17    8.00    0.00    1.00    0.00    0.00    0.00    0.00    0.00    0.00   91.00
09:24:18 AM   18    0.00    0.00    6.93    0.00    0.00    0.00    0.00    0.00    0.00   93.07
09:24:18 AM   19    1.00    0.00    5.00    0.00    0.00    0.00    0.00    0.00    0.00   94.00
09:24:18 AM   20    5.05    0.00    0.00    0.00    0.00    0.00    0.00    0.00    0.00   94.95
09:24:18 AM   21    1.00    0.00    4.00    0.00    0.00    0.00    0.00    0.00    0.00   95.00
09:24:18 AM   22    5.00    0.00    1.00    0.00    0.00    0.00    0.00    0.00    0.00   94.00
09:24:18 AM   23    3.03    0.00    1.01    0.00    0.00    0.00    0.00    0.00    0.00   95.96
09:24:18 AM   24    6.00    0.00    0.00    0.00    0.00    0.00    0.00    0.00    0.00   94.00
09:24:18 AM   25    0.00    0.00    3.00    0.00    0.00    0.00    0.00    0.00    0.00   97.00
09:24:18 AM   26    2.00    0.00    1.00    0.00    0.00    0.00    0.00    0.00    0.00   97.00
09:24:18 AM   27    0.00    0.00    3.00    0.00    0.00    0.00    0.00    0.00    0.00   97.00
09:24:18 AM   28    7.00    0.00    0.00    0.00    0.00    0.00    0.00    0.00    0.00   93.00
09:24:18 AM   29    0.98    0.00    9.80    0.00    0.00    0.00    0.00    0.00    0.00   89.22
09:24:18 AM   30    0.00    0.00   10.00    0.00    0.00    0.00    0.00    0.00    0.00   90.00
09:24:18 AM   31    2.02    0.00    4.04    0.00    0.00    0.00    0.00    0.00    0.00   93.94
09:24:18 AM   32    5.05    0.00    6.06    0.00    0.00    0.00    0.00    0.00    0.00   88.89
09:24:18 AM   33    0.99    0.00    9.90    0.00    0.00    0.00    0.00    0.00    0.00   89.11
09:24:18 AM   34    1.98    0.00   80.20    0.99    0.00    0.00    0.00    0.00    0.00   16.83
09:24:18 AM   35    6.00    0.00    5.00    0.00    0.00    0.00    0.00    0.00    0.00   89.00
09:24:18 AM   36    4.00    0.00    5.00    0.00    0.00    0.00    0.00    0.00    0.00   91.00
09:24:18 AM   37    4.95    0.00    5.94    0.00    0.00    0.00    0.00    0.00    0.00   89.11
09:24:18 AM   38    2.00    0.00    8.00    0.00    0.00    0.00    0.00    0.00    0.00   90.00
09:24:18 AM   39    2.00    0.00    9.00    0.00    0.00    0.00    0.00    0.00    0.00   89.00
09:24:18 AM   40    4.04    0.00    6.06    0.00    0.00    0.00    0.00    0.00    0.00   89.90
09:24:18 AM   41    6.00    0.00    5.00    0.00    0.00    0.00    0.00    0.00    0.00   89.00
09:24:18 AM   42    6.00    0.00    4.00    0.00    0.00    0.00    0.00    0.00    0.00   90.00
09:24:18 AM   43    3.00    0.00    7.00    1.00    0.00    0.00    0.00    0.00    0.00   89.00
09:24:18 AM   44    0.00    0.00   10.00    0.00    0.00    0.00    0.00    0.00    0.00   90.00
09:24:18 AM   45    0.99    0.00   10.89    0.00    0.00    0.00    0.00    0.00    0.00   88.12
09:24:18 AM   46    5.00    0.00    6.00    0.00    0.00    0.00    0.00    0.00    0.00   89.00
09:24:18 AM   47    5.94    0.00    5.94    0.00    0.00    0.00    0.00    0.00    0.00   88.12
09:24:18 AM   48    1.00    0.00   12.00    1.00    0.00    0.00    0.00    0.00    0.00   86.00
09:24:18 AM   49    0.98    0.00   10.78    0.00    0.00    0.00    0.00    0.00    0.00   88.24
09:24:18 AM   50    0.00    0.00    8.91    0.00    0.00    0.00    0.00    0.00    0.00   91.09
09:24:18 AM   51    4.00    0.00    5.00    0.00    0.00    0.00    0.00    0.00    0.00   91.00
09:24:18 AM   52    0.00    0.00   11.00    0.00    0.00    0.00    0.00    0.00    0.00   89.00
09:24:18 AM   53    4.00    0.00    6.00    0.00    0.00    0.00    0.00    0.00    0.00   90.00
09:24:18 AM   54    1.00    0.00   10.00    0.00    0.00    0.00    0.00    0.00    0.00   89.00
09:24:18 AM   55    6.06    0.00    4.04    0.00    0.00    0.00    0.00    0.00    0.00   89.90
09:24:18 AM   56    3.92    0.00    7.84    0.00    0.00    0.00    0.00    0.00    0.00   88.24
09:24:18 AM   57    4.95    0.00    4.95    0.00    0.00    0.00    0.00    0.00    0.00   90.10
09:24:18 AM   58    0.98    0.00   10.78    0.00    0.00    0.00    0.00    0.00    0.00   88.24
09:24:18 AM   59    3.03    0.00    5.05    0.00    0.00    0.00    0.00    0.00    0.00   91.92
09:24:18 AM   60    4.00    0.00    7.00    0.00    0.00    0.00    0.00    0.00    0.00   89.00
09:24:18 AM   61    3.00    0.00    9.00    0.00    0.00    0.00    0.00    0.00    0.00   88.00
09:24:18 AM   62    4.00    0.00    6.00    0.00    0.00    0.00    0.00    0.00    0.00   90.00
09:24:18 AM   63    1.00    0.00    9.00    0.00    0.00    0.00    0.00    0.00    0.00   90.00
09:24:18 AM   64    1.98    0.00    8.91    0.00    0.00    0.00    0.00    0.00    0.00   89.11
09:24:18 AM   65    5.94    0.00    4.95    0.00    0.00    0.00    0.00    0.00    0.00   89.11
09:24:18 AM   66    7.00    0.00    4.00    0.00    0.00    0.00    0.00    0.00    0.00   89.00
09:24:18 AM   67    1.98    0.00    9.90    0.00    0.00    0.00    0.00    0.00    0.00   88.12
09:24:18 AM   68    4.95    0.00    5.94    0.00    0.00    0.00    0.00    0.00    0.00   89.11
09:24:18 AM   69    7.00    0.00    4.00    0.00    0.00    0.00    0.00    0.00    0.00   89.00
09:24:18 AM   70    3.00    0.00    8.00    0.00    0.00    0.00    0.00    0.00    0.00   89.00
09:24:18 AM   71    2.00    0.00    8.00    0.00    0.00    0.00    0.00    0.00    0.00   90.00
09:24:18 AM   72    1.00    0.00    6.00    0.00    0.00    0.00    0.00    0.00    0.00   93.00
09:24:18 AM   73    5.00    0.00    1.00    0.00    0.00    0.00    0.00    0.00    0.00   94.00
09:24:18 AM   74    0.00    0.00    7.92    0.00    0.00    0.00    0.00    0.00    0.00   92.08
09:24:18 AM   75    0.00    0.00    7.00    0.00    0.00    0.00    0.00    0.00    0.00   93.00
09:24:18 AM   76    5.00    0.00    1.00    0.00    0.00    0.00    0.00    0.00    0.00   94.00
09:24:18 AM   77    5.94    0.00    0.99    0.00    0.00    0.00    0.00    0.00    0.00   93.07
09:24:18 AM   78    1.96    0.00    5.88    0.00    0.00    0.00    0.00    0.00    0.00   92.16
09:24:18 AM   79    3.00    0.00    3.00    0.00    0.00    0.00    0.00    0.00    0.00   94.00
09:24:18 AM   80    0.99    0.00    7.92    0.00    0.00    0.00    0.00    0.00    0.00   91.09
09:24:18 AM   81    6.00    0.00    1.00    1.00    0.00    0.00    0.00    0.00    0.00   92.00
09:24:18 AM   82    1.00    0.00    6.00    0.00    0.00    0.00    0.00    0.00    0.00   93.00
09:24:18 AM   83    4.04    0.00    1.01    1.01    0.00    0.00    0.00    0.00    0.00   93.94
09:24:18 AM   84    2.97    0.00    1.98    0.00    0.00    0.00    0.00    0.00    0.00   95.05
09:24:18 AM   85    0.00    0.00    3.00    0.00    0.00    0.00    0.00    0.00    0.00   97.00
09:24:18 AM   86    2.00    0.00    1.00    0.00    0.00    0.00    0.00    0.00    0.00   97.00
09:24:18 AM   87    2.00    0.00    2.00    0.00    0.00    0.00    0.00    0.00    0.00   96.00
09:24:18 AM   88    2.00    0.00    4.00    0.00    0.00    0.00    0.00    0.00    0.00   94.00
09:24:18 AM   89    5.94    0.00    0.99    0.00    0.00    0.00    0.00    0.00    0.00   93.07
09:24:18 AM   90    6.00    0.00    1.00    0.00    0.00    0.00    0.00    0.00    0.00   93.00
09:24:18 AM   91    0.00    0.00    8.91    0.00    0.00    0.00    0.00    0.00    0.00   91.09
09:24:18 AM   92    0.00    0.00    7.00    0.00    0.00    0.00    0.00    0.00    0.00   93.00
09:24:18 AM   93    0.00    0.00    2.02    0.00    0.00    0.00    0.00    0.00    0.00   97.98
09:24:18 AM   94    5.00    0.00    0.00    0.00    0.00    0.00    0.00    0.00    0.00   95.00
09:24:18 AM   95    0.00    0.00    2.97    0.00    0.00    0.00    0.00    0.00    0.00   97.03
09:24:18 AM   96    2.00    0.00    8.00    0.00    0.00    0.00    0.00    0.00    0.00   90.00
09:24:18 AM   97    6.93    0.00    1.98    0.00    0.00    0.00    0.00    0.00    0.00   91.09
09:24:18 AM   98    5.00    0.00    3.00    0.00    0.00    0.00    0.00    0.00    0.00   92.00
09:24:18 AM   99    6.00    0.00    1.00    0.00    0.00    0.00    0.00    0.00    0.00   93.00
09:24:18 AM  100    0.00    0.00    9.00    0.00    0.00    0.00    0.00    0.00    0.00   91.00
09:24:18 AM  101    2.00    0.00    6.00    0.00    0.00    0.00    0.00    0.00    0.00   92.00
09:24:18 AM  102    1.00    0.00    5.00    1.00    0.00    0.00    0.00    0.00    0.00   93.00
09:24:18 AM  103    0.99    0.00    5.94    0.00    0.00    0.00    0.00    0.00    0.00   93.07
09:24:18 AM  104    1.00    0.00    9.00    0.00    0.00    0.00    0.00    0.00    0.00   90.00
09:24:18 AM  105    8.00    0.00    2.00    0.00    0.00    0.00    0.00    0.00    0.00   90.00
09:24:18 AM  106    7.92    0.00    2.97    0.00    0.00    0.00    0.00    0.00    0.00   89.11
09:24:18 AM  107    3.00    0.00    6.00    0.00    0.00    0.00    0.00    0.00    0.00   91.00
09:24:18 AM  108    3.00    0.00    5.00    1.00    0.00    0.00    0.00    0.00    0.00   91.00
09:24:18 AM  109    7.00    0.00    3.00    0.00    0.00    0.00    0.00    0.00    0.00   90.00
09:24:18 AM  110    8.00    0.00    2.00    0.00    0.00    0.00    0.00    0.00    0.00   90.00
09:24:18 AM  111    1.00    0.00    8.00    0.00    0.00    0.00    0.00    0.00    0.00   91.00
09:24:18 AM  112    6.06    0.00    1.01    0.00    0.00    0.00    0.00    0.00    0.00   92.93
09:24:18 AM  113    1.00    0.00    6.00    0.00    0.00    0.00    0.00    0.00    0.00   93.00
09:24:18 AM  114    5.00    0.00    2.00    0.00    0.00    0.00    0.00    0.00    0.00   93.00
09:24:18 AM  115    3.03    0.00    1.01    0.00    0.00    0.00    0.00    0.00    0.00   95.96
09:24:18 AM  116    4.00    0.00    0.00    0.00    0.00    0.00    0.00    0.00    0.00   96.00
09:24:18 AM  117    3.96    0.00    0.00    0.00    0.00    0.00    0.00    0.00    0.00   96.04
09:24:18 AM  118    1.00    0.00    3.00    0.00    0.00    0.00    0.00    0.00    0.00   96.00
09:24:18 AM  119    3.00    0.00    1.00    0.00    0.00    0.00    0.00    0.00    0.00   96.00
09:24:18 AM  120    0.00    0.00    8.00    0.00    0.00    0.00    0.00    0.00    0.00   92.00
09:24:18 AM  121    8.00    0.00    0.00    0.00    0.00    0.00    0.00    0.00    0.00   92.00
09:24:18 AM  122    0.00    0.00    8.91    0.00    0.00    0.00    0.00    0.00    0.00   91.09
09:24:18 AM  123    8.00    0.00    0.00    0.00    0.00    0.00    0.00    0.00    0.00   92.00
09:24:18 AM  124    8.00    0.00    0.00    0.00    0.00    0.00    0.00    0.00    0.00   92.00
09:24:18 AM  125    7.00    0.00    0.00    0.00    0.00    0.00    0.00    0.00    0.00   93.00
09:24:18 AM  126    2.00    0.00    1.00    0.00    0.00    0.00    0.00    0.00    0.00   97.00
09:24:18 AM  127    0.00    0.00    2.00    0.00    0.00    0.00    0.00    0.00    0.00   98.00
09:24:18 AM  128    0.00    0.00    9.00    0.00    0.00    0.00    0.00    0.00    0.00   91.00
09:24:18 AM  129    0.00    0.00    9.00    0.00    0.00    0.00    0.00    0.00    0.00   91.00
09:24:18 AM  130    0.00    0.00    8.91    0.00    0.00    0.00    0.00    0.00    0.00   91.09
09:24:18 AM  131    0.00    0.00    9.00    0.00    0.00    0.00    0.00    0.00    0.00   91.00
09:24:18 AM  132    0.00    0.00    7.92    0.00    0.00    0.00    0.00    0.00    0.00   92.08
09:24:18 AM  133    4.04    0.00    0.00    1.01    0.00    0.00    0.00    0.00    0.00   94.95
09:24:18 AM  134    4.95    0.00    0.99    0.99    0.00    0.00    0.00    0.00    0.00   93.07
09:24:18 AM  135    3.09    0.00    0.00    0.00    0.00    0.00    0.00    0.00    0.00   96.91
09:24:18 AM  136    1.98    0.00    0.99    0.00    0.00    0.00    0.00    0.00    0.00   97.03
09:24:18 AM  137    0.99    0.00    7.92    0.00    0.00    0.00    0.00    0.00    0.00   91.09
09:24:18 AM  138    0.00    0.00    8.91    0.00    0.00    0.00    0.00    0.00    0.00   91.09
09:24:18 AM  139    5.00    0.00    4.00    0.00    0.00    0.00    0.00    0.00    0.00   91.00
09:24:18 AM  140    0.00    0.00    8.00    0.00    0.00    0.00    0.00    0.00    0.00   92.00
09:24:18 AM  141    0.99    0.00    6.93    0.00    0.00    0.00    0.00    0.00    0.00   92.08
09:24:18 AM  142    0.00    0.00    3.00    0.00    0.00    0.00    0.00    0.00    0.00   97.00
09:24:18 AM  143    1.00    0.00    9.00    0.00    0.00    0.00    0.00    0.00    0.00   90.00
09:24:18 AM  144    3.00    0.00    1.00    0.00    0.00    0.00    0.00    0.00    0.00   96.00
09:24:18 AM  145    0.00    0.00    7.92    0.00    0.00    0.00    0.00    0.00    0.00   92.08
09:24:18 AM  146    0.99    0.00    6.93    0.00    0.00    0.00    0.00    0.00    0.00   92.08
09:24:18 AM  147    9.00    0.00    1.00    0.00    0.00    0.00    0.00    0.00    0.00   90.00
09:24:18 AM  148    1.00    0.00    9.00    0.00    0.00    0.00    0.00    0.00    0.00   90.00
09:24:18 AM  149    0.00    0.00    9.90    0.00    0.00    0.00    0.00    0.00    0.00   90.10
09:24:18 AM  150    0.00    0.00    8.00    0.00    0.00    0.00    0.00    0.00    0.00   92.00
09:24:18 AM  151    8.91    0.00    0.99    0.00    0.00    0.00    0.00    0.00    0.00   90.10
09:24:18 AM  152    0.00    0.00    8.82    0.00    0.00    0.00    0.00    0.00    0.00   91.18
09:24:18 AM  153    0.00    0.00    7.00    0.00    0.00    0.00    0.00    0.00    0.00   93.00
09:24:18 AM  154    0.00    0.00    8.08    0.00    0.00    0.00    0.00    0.00    0.00   91.92
09:24:18 AM  155    0.00    0.00    9.00    0.00    0.00    0.00    0.00    0.00    0.00   91.00
09:24:18 AM  156    0.00    0.00    7.00    0.00    0.00    0.00    0.00    0.00    0.00   93.00
09:24:18 AM  157    6.93    0.00    0.99    0.00    0.00    0.00    0.00    0.00    0.00   92.08
09:24:18 AM  158    4.00    0.00    0.00    0.00    0.00    0.00    0.00    0.00    0.00   96.00
09:24:18 AM  159    0.00    0.00    9.00    0.00    0.00    0.00    0.00    0.00    0.00   91.00
09:24:18 AM  160    1.01    0.00    7.07    0.00    0.00    0.00    0.00    0.00    0.00   91.92
09:24:18 AM  161    2.02    0.00    9.09    0.00    0.00    0.00    0.00    0.00    0.00   88.89
09:24:18 AM  162    4.95    0.00    2.97    0.99    0.00    0.00    0.00    0.00    0.00   91.09
09:24:18 AM  163    3.96    0.00    7.92    0.00    0.00    0.00    0.00    0.00    0.00   88.12
09:24:18 AM  164    5.00    0.00    6.00    0.00    0.00    0.00    0.00    0.00    0.00   89.00
09:24:18 AM  165    0.99    0.00    9.90    0.00    0.00    0.00    0.00    0.00    0.00   89.11
09:24:18 AM  166    3.96    0.00    6.93    0.00    0.00    0.00    0.00    0.00    0.00   89.11
09:24:18 AM  167    2.00    0.00    8.00    0.00    0.00    0.00    0.00    0.00    0.00   90.00
09:24:18 AM  168    5.05    0.00    5.05    0.00    0.00    0.00    0.00    0.00    0.00   89.90
09:24:18 AM  169    4.95    0.00    4.95    0.99    0.00    0.00    0.00    0.00    0.00   89.11
09:24:18 AM  170    3.00    0.00    7.00    1.00    0.00    0.00    0.00    0.00    0.00   89.00
09:24:18 AM  171    4.00    0.00    6.00    0.00    0.00    0.00    0.00    0.00    0.00   90.00
09:24:18 AM  172    6.93    0.00    6.93    0.00    0.00    0.00    0.00    0.00    0.00   86.14
09:24:18 AM  173    4.00    0.00    6.00    0.00    0.00    0.00    0.00    0.00    0.00   90.00
09:24:18 AM  174    6.00    0.00    5.00    1.00    0.00    0.00    0.00    0.00    0.00   88.00
09:24:18 AM  175    3.03    0.00    8.08    0.00    0.00    0.00    0.00    0.00    0.00   88.89
09:24:18 AM  176    1.00    0.00   10.00    1.00    0.00    0.00    0.00    0.00    0.00   88.00
09:24:18 AM  177    3.00    0.00    7.00    0.00    0.00    0.00    0.00    0.00    0.00   90.00
09:24:18 AM  178    4.95    0.00    6.93    0.00    0.00    0.00    0.00    0.00    0.00   88.12
09:24:18 AM  179    0.00    0.00   11.00    0.00    0.00    0.00    0.00    0.00    0.00   89.00
09:24:18 AM  180    4.04    0.00    5.05    0.00    0.00    0.00    0.00    0.00    0.00   90.91
09:24:18 AM  181    4.95    0.00    5.94    0.99    0.00    0.00    0.00    0.00    0.00   88.12
09:24:18 AM  182    0.00    0.00   10.00    0.00    0.00    0.00    0.00    0.00    0.00   90.00
09:24:18 AM  183    0.00    0.00    9.00    0.00    0.00    0.00    0.00    0.00    0.00   91.00
09:24:18 AM  184    4.00    0.00    7.00    0.00    0.00    0.00    0.00    0.00    0.00   89.00
09:24:18 AM  185    1.98    0.00    9.90    0.00    0.00    0.00    0.00    0.00    0.00   88.12
09:24:18 AM  186    0.00    0.00   10.10    0.00    0.00    0.00    0.00    0.00    0.00   89.90
09:24:18 AM  187    1.00    0.00    9.00    1.00    0.00    0.00    0.00    0.00    0.00   89.00
09:24:18 AM  188    0.99    0.00   10.89    0.00    0.00    0.00    0.00    0.00    0.00   88.12
09:24:18 AM  189    6.93    0.00    3.96    0.99    0.00    0.00    0.00    0.00    0.00   88.12
09:24:18 AM  190    5.94    0.00    5.94    0.00    0.00    0.00    0.00    0.00    0.00   88.12
09:24:18 AM  191    1.00    0.00   10.00    0.00    0.00    0.00    0.00    0.00    0.00   89.00
09:24:18 AM  192    3.00    0.00    8.00    0.00    0.00    0.00    0.00    0.00    0.00   89.00
09:24:18 AM  193    3.00    0.00    8.00    0.00    0.00    0.00    0.00    0.00    0.00   89.00
09:24:18 AM  194    1.00    0.00   10.00    0.00    0.00    0.00    0.00    0.00    0.00   89.00
09:24:18 AM  195    5.00    0.00    6.00    0.00    0.00    0.00    0.00    0.00    0.00   89.00
09:24:18 AM  196    5.94    0.00    5.94    0.00    0.00    0.00    0.00    0.00    0.00   88.12
09:24:18 AM  197    6.00    0.00    5.00    0.00    0.00    0.00    0.00    0.00    0.00   89.00
09:24:18 AM  198    3.03    0.00    7.07    0.00    0.00    0.00    0.00    0.00    0.00   89.90
09:24:18 AM  199    7.00    0.00    5.00    0.00    0.00    0.00    0.00    0.00    0.00   88.00
09:24:18 AM  200    0.00    0.00    7.92    0.00    0.00    0.00    0.00    0.00    0.00   92.08
09:24:18 AM  201    4.95    0.00    0.99    0.00    0.00    0.00    0.00    0.00    0.00   94.06
09:24:18 AM  202    5.94    0.00    0.99    0.00    0.00    0.00    0.00    0.00    0.00   93.07
09:24:18 AM  203    0.98    0.00    4.90    0.98    0.00    0.00    0.00    0.00    0.00   93.14
09:24:18 AM  204    4.00    0.00    5.00    0.00    0.00    0.00    0.00    0.00    0.00   91.00
09:24:18 AM  205    0.99    0.00    6.93    0.00    0.00    0.00    0.00    0.00    0.00   92.08
09:24:18 AM  206    3.96    0.00    2.97    0.00    0.00    0.00    0.00    0.00    0.00   93.07
09:24:18 AM  207    1.98    0.00    5.94    0.00    0.00    0.00    0.00    0.00    0.00   92.08
09:24:18 AM  208    0.00    0.00    2.97    0.00    0.00    0.00    0.00    0.00    0.00   97.03
09:24:18 AM  209    0.00    0.00    7.00    0.00    0.00    0.00    0.00    0.00    0.00   93.00
09:24:18 AM  210    4.00    0.00    2.00    1.00    0.00    0.00    0.00    0.00    0.00   93.00
09:24:18 AM  211    0.00    0.00    6.00    0.00    0.00    0.00    0.00    0.00    0.00   94.00
09:24:18 AM  212    0.00    0.00    6.00    0.00    0.00    0.00    0.00    0.00    0.00   94.00
09:24:18 AM  213    0.00    0.00    6.00    0.00    0.00    0.00    0.00    0.00    0.00   94.00
09:24:18 AM  214    0.00    0.00    8.91    0.00    0.00    0.00    0.00    0.00    0.00   91.09
09:24:18 AM  215    0.00    0.00    9.00    0.00    0.00    0.00    0.00    0.00    0.00   91.00
09:24:18 AM  216    0.00    0.00    4.95    0.00    0.00    0.00    0.00    0.00    0.00   95.05
09:24:18 AM  217    0.00    0.00    3.96    0.00    0.00    0.00    0.00    0.00    0.00   96.04
09:24:18 AM  218    0.00    0.00    3.96    0.00    0.00    0.00    0.00    0.00    0.00   96.04
09:24:18 AM  219    0.00    0.00    3.96    0.00    0.00    0.00    0.00    0.00    0.00   96.04
09:24:18 AM  220    3.96    0.00    2.97    0.00    0.00    0.00    0.00    0.00    0.00   93.07
09:24:18 AM  221    0.00    0.00    7.00    0.00    0.00    0.00    0.00    0.00    0.00   93.00
09:24:18 AM  222    0.00    0.00    8.91    0.00    0.00    0.00    0.00    0.00    0.00   91.09
09:24:18 AM  223    0.00    0.00    9.00    0.00    0.00    0.00    0.00    0.00    0.00   91.00
09:24:18 AM  224    4.00    0.00    2.00    0.00    0.00    0.00    0.00    0.00    0.00   94.00
09:24:18 AM  225    5.00    0.00    1.00    0.00    0.00    0.00    0.00    0.00    0.00   94.00
09:24:18 AM  226    4.95    0.00    1.98    0.00    0.00    0.00    0.00    0.00    0.00   93.07
09:24:18 AM  227    7.00    0.00    1.00    0.00    0.00    0.00    0.00    0.00    0.00   92.00
09:24:18 AM  228    6.00    0.00    2.00    0.00    0.00    0.00    0.00    0.00    0.00   92.00
09:24:18 AM  229    5.94    0.00    1.98    0.00    0.00    0.00    0.00    0.00    0.00   92.08
09:24:18 AM  230    6.00    0.00    1.00    0.00    0.00    0.00    0.00    0.00    0.00   93.00
09:24:18 AM  231    0.00    0.00    6.06    0.00    0.00    0.00    0.00    0.00    0.00   93.94
09:24:18 AM  232    6.00    0.00    2.00    1.00    0.00    0.00    0.00    0.00    0.00   91.00
09:24:18 AM  233    6.93    0.00    3.96    0.00    0.00    0.00    0.00    0.00    0.00   89.11
09:24:18 AM  234    5.00    0.00    5.00    0.00    0.00    0.00    0.00    0.00    0.00   90.00
09:24:18 AM  235    0.00    0.00    9.00    0.00    0.00    0.00    0.00    0.00    0.00   91.00
09:24:18 AM  236    3.03    0.00    6.06    0.00    0.00    0.00    0.00    0.00    0.00   90.91
09:24:18 AM  237    1.00    0.00    9.00    0.00    0.00    0.00    0.00    0.00    0.00   90.00
09:24:18 AM  238    5.05    0.00    4.04    0.00    0.00    0.00    0.00    0.00    0.00   90.91
09:24:18 AM  239    8.00    0.00    2.00    0.00    0.00    0.00    0.00    0.00    0.00   90.00
09:24:18 AM  240    2.97    0.00    0.99    0.00    0.00    0.00    0.00    0.00    0.00   96.04
09:24:18 AM  241    3.00    0.00    0.00    0.00    0.00    0.00    0.00    0.00    0.00   97.00
09:24:18 AM  242    0.00    0.00    5.00    0.00    0.00    0.00    0.00    0.00    0.00   95.00
09:24:18 AM  243    0.00    0.00    4.95    0.00    0.00    0.00    0.00    0.00    0.00   95.05
09:24:18 AM  244    0.00    0.00    4.95    0.00    0.00    0.00    0.00    0.00    0.00   95.05
09:24:18 AM  245    0.00    0.00    8.91    0.00    0.00    0.00    0.00    0.00    0.00   91.09
09:24:18 AM  246    0.00    0.00    8.91    0.00    0.00    0.00    0.00    0.00    0.00   91.09
09:24:18 AM  247    0.00    0.00    8.91    0.00    0.00    0.00    0.00    0.00    0.00   91.09
09:24:18 AM  248    0.00    0.00    3.00    0.00    0.00    0.00    0.00    0.00    0.00   97.00
09:24:18 AM  249    0.00    0.00    2.02    0.00    0.00    0.00    0.00    0.00    0.00   97.98
09:24:18 AM  250    0.00    0.00    3.00    0.00    0.00    0.00    0.00    0.00    0.00   97.00
09:24:18 AM  251    0.00    0.00    2.97    0.00    0.00    0.00    0.00    0.00    0.00   97.03
09:24:18 AM  252    0.00    0.00    4.00    0.00    0.00    0.00    0.00    0.00    0.00   96.00
09:24:18 AM  253    0.00    0.00    3.96    0.00    0.00    0.00    0.00    0.00    0.00   96.04
09:24:18 AM  254    0.00    0.00    9.00    0.00    0.00    0.00    0.00    0.00    0.00   91.00
09:24:18 AM  255    0.00    0.00    8.91    0.00    0.00    0.00    0.00    0.00    0.00   91.09

09:24:18 AM  CPU    %usr   %nice    %sys %iowait    %irq   %soft  %steal  %guest  %gnice   %idle
09:24:19 AM  all   28.21    0.00   63.62    4.93    0.00    0.01    0.00    0.00    0.00    3.22
09:24:19 AM    0   52.53    0.00   32.32    2.02    0.00    0.00    0.00    0.00    0.00   13.13
09:24:19 AM    1   70.83    0.00   13.54    5.21    0.00    0.00    0.00    0.00    0.00   10.42
09:24:19 AM    2   56.25    0.00   27.08    3.12    0.00    0.00    0.00    0.00    0.00   13.54
09:24:19 AM    3   25.25    0.00   62.63    3.03    0.00    0.00    0.00    0.00    0.00    9.09
09:24:19 AM    4   14.85    0.00   73.27    0.99    0.00    0.00    0.00    0.00    0.00   10.89
09:24:19 AM    5   15.31    0.00   71.43    1.02    0.00    0.00    0.00    0.00    0.00   12.24
09:24:19 AM    6   11.00    0.00   76.00    0.00    0.00    0.00    0.00    0.00    0.00   13.00
09:24:19 AM    7   20.00    0.00   64.00    7.00    0.00    0.00    0.00    0.00    0.00    9.00
09:24:19 AM    8   18.37    0.00   72.45    1.02    0.00    0.00    0.00    0.00    0.00    8.16
09:24:19 AM    9    2.02    0.00   88.89    0.00    0.00    0.00    0.00    0.00    0.00    9.09
09:24:19 AM   10    3.00    0.00   86.00    0.00    0.00    0.00    0.00    0.00    0.00   11.00
09:24:19 AM   11   25.00    0.00   67.00    0.00    0.00    0.00    0.00    0.00    0.00    8.00
09:24:19 AM   12   41.41    0.00   51.52    7.07    0.00    0.00    0.00    0.00    0.00    0.00
09:24:19 AM   13   69.70    0.00   23.23    2.02    0.00    0.00    0.00    0.00    0.00    5.05
09:24:19 AM   14   16.33    0.00   73.47    7.14    0.00    0.00    0.00    0.00    0.00    3.06
09:24:19 AM   15   10.20    0.00   81.63    0.00    0.00    0.00    0.00    0.00    0.00    8.16
09:24:19 AM   16   50.52    0.00   41.24    1.03    0.00    0.00    0.00    0.00    0.00    7.22
09:24:19 AM   17   28.00    0.00   62.00    0.00    0.00    0.00    0.00    0.00    0.00   10.00
09:24:19 AM   18    8.00    0.00   84.00    0.00    0.00    0.00    0.00    0.00    0.00    8.00
09:24:19 AM   19    0.00    0.00   89.90    1.01    0.00    0.00    0.00    0.00    0.00    9.09
09:24:19 AM   20   50.00    0.00   37.76    2.04    0.00    0.00    0.00    0.00    0.00   10.20
09:24:19 AM   21   37.63    0.00   44.09    6.45    0.00    0.00    0.00    0.00    0.00   11.83
09:24:19 AM   22   24.00    0.00   67.00    0.00    0.00    0.00    0.00    0.00    0.00    9.00
09:24:19 AM   23   55.56    0.00   24.24    9.09    0.00    0.00    0.00    0.00    0.00   11.11
09:24:19 AM   24   48.98    0.00   35.71    7.14    0.00    0.00    0.00    0.00    0.00    8.16
09:24:19 AM   25   58.33    0.00   23.96    6.25    0.00    0.00    0.00    0.00    0.00   11.46
09:24:19 AM   26   24.49    0.00   62.24    9.18    0.00    0.00    0.00    0.00    0.00    4.08
09:24:19 AM   27   29.90    0.00   55.67    3.09    0.00    0.00    0.00    0.00    0.00   11.34
09:24:19 AM   28   39.80    0.00   46.94    7.14    0.00    0.00    0.00    0.00    0.00    6.12
09:24:19 AM   29   16.33    0.00   71.43    3.06    0.00    0.00    0.00    0.00    0.00    9.18
09:24:19 AM   30   36.73    0.00   39.80    5.10    0.00    0.00    0.00    0.00    0.00   18.37
09:24:19 AM   31   43.16    0.00   43.16    1.05    0.00    0.00    0.00    0.00    0.00   12.63
09:24:19 AM   32   22.22    0.00   62.63   14.14    0.00    0.00    0.00    0.00    0.00    1.01
09:24:19 AM   33   27.55    0.00   55.10   15.31    0.00    0.00    0.00    0.00    0.00    2.04
09:24:19 AM   34   16.49    0.00   68.04   13.40    0.00    0.00    0.00    0.00    0.00    2.06
09:24:19 AM   35   15.00    0.00   69.00   15.00    0.00    0.00    0.00    0.00    0.00    1.00
09:24:19 AM   36   22.68    0.00   61.86   14.43    0.00    0.00    0.00    0.00    0.00    1.03
09:24:19 AM   37   39.80    0.00   38.78   17.35    0.00    0.00    0.00    0.00    0.00    4.08
09:24:19 AM   38   18.56    0.00   59.79   19.59    0.00    0.00    0.00    0.00    0.00    2.06
09:24:19 AM   39   20.20    0.00   64.65   12.12    0.00    0.00    0.00    0.00    0.00    3.03
09:24:19 AM   40   48.45    0.00   26.80   22.68    0.00    0.00    0.00    0.00    0.00    2.06
09:24:19 AM   41   30.00    0.00   57.00   12.00    0.00    0.00    0.00    0.00    0.00    1.00
09:24:19 AM   42   33.33    0.00   52.53   12.12    0.00    0.00    0.00    0.00    0.00    2.02
09:24:19 AM   43   24.49    0.00   58.16   16.33    0.00    0.00    0.00    0.00    0.00    1.02
09:24:19 AM   44   18.18    0.00   62.63   18.18    0.00    0.00    0.00    0.00    0.00    1.01
09:24:19 AM   45   20.41    0.00   64.29   13.27    0.00    0.00    0.00    0.00    0.00    2.04
09:24:19 AM   46   38.78    0.00   45.92   14.29    0.00    0.00    0.00    0.00    0.00    1.02
09:24:19 AM   47   14.29    0.00   69.39   14.29    0.00    0.00    0.00    0.00    0.00    2.04
09:24:19 AM   48   22.45    0.00   59.18   17.35    0.00    0.00    0.00    0.00    0.00    1.02
09:24:19 AM   49   20.00    0.00   60.00   17.89    0.00    0.00    0.00    0.00    0.00    2.11
09:24:19 AM   50   41.05    0.00   35.79   21.05    0.00    0.00    0.00    0.00    0.00    2.11
09:24:19 AM   51   30.93    0.00   45.36   22.68    0.00    0.00    0.00    0.00    0.00    1.03
09:24:19 AM   52   34.02    0.00   48.45   17.53    0.00    0.00    0.00    0.00    0.00    0.00
09:24:19 AM   53   40.82    0.00   30.61   15.31    0.00    0.00    0.00    0.00    0.00   13.27
09:24:19 AM   54   34.00    0.00   48.00   12.00    0.00    0.00    0.00    0.00    0.00    6.00
09:24:19 AM   55   28.28    0.00   48.48   21.21    0.00    0.00    0.00    0.00    0.00    2.02
09:24:19 AM   56   43.16    0.00   33.68   21.05    0.00    0.00    0.00    0.00    0.00    2.11
09:24:19 AM   57   40.62    0.00   38.54   17.71    0.00    0.00    0.00    0.00    0.00    3.12
09:24:19 AM   58   15.31    0.00   64.29   13.27    0.00    0.00    0.00    0.00    0.00    7.14
09:24:19 AM   59   38.14    0.00   42.27   17.53    0.00    0.00    0.00    0.00    0.00    2.06
09:24:19 AM   60   20.62    0.00   64.95   14.43    0.00    0.00    0.00    0.00    0.00    0.00
09:24:19 AM   61   25.00    0.00   52.08   19.79    0.00    0.00    0.00    0.00    0.00    3.12
09:24:19 AM   62   26.53    0.00   53.06   18.37    0.00    0.00    0.00    0.00    0.00    2.04
09:24:19 AM   63   38.38    0.00   43.43   11.11    0.00    0.00    0.00    0.00    0.00    7.07
09:24:19 AM   64    6.00    0.00   92.00    0.00    0.00    0.00    0.00    0.00    0.00    2.00
09:24:19 AM   65   20.20    0.00   79.80    0.00    0.00    0.00    0.00    0.00    0.00    0.00
09:24:19 AM   66   26.00    0.00   74.00    0.00    0.00    0.00    0.00    0.00    0.00    0.00
09:24:19 AM   67   27.27    0.00   72.73    0.00    0.00    0.00    0.00    0.00    0.00    0.00
09:24:19 AM   68   40.40    0.00   59.60    0.00    0.00    0.00    0.00    0.00    0.00    0.00
09:24:19 AM   69    7.00    0.00   93.00    0.00    0.00    0.00    0.00    0.00    0.00    0.00
09:24:19 AM   70   15.00    0.00   85.00    0.00    0.00    0.00    0.00    0.00    0.00    0.00
09:24:19 AM   71   21.21    0.00   78.79    0.00    0.00    0.00    0.00    0.00    0.00    0.00
09:24:19 AM   72   34.00    0.00   66.00    0.00    0.00    0.00    0.00    0.00    0.00    0.00
09:24:19 AM   73   32.65    0.00   65.31    2.04    0.00    0.00    0.00    0.00    0.00    0.00
09:24:19 AM   74   24.24    0.00   75.76    0.00    0.00    0.00    0.00    0.00    0.00    0.00
09:24:19 AM   75   11.88    0.00   88.12    0.00    0.00    0.00    0.00    0.00    0.00    0.00
09:24:19 AM   76   38.00    0.00   62.00    0.00    0.00    0.00    0.00    0.00    0.00    0.00
09:24:19 AM   77   19.00    0.00   81.00    0.00    0.00    0.00    0.00    0.00    0.00    0.00
09:24:19 AM   78   39.39    0.00   60.61    0.00    0.00    0.00    0.00    0.00    0.00    0.00
09:24:19 AM   79   37.00    0.00   63.00    0.00    0.00    0.00    0.00    0.00    0.00    0.00
09:24:19 AM   80   27.00    0.00   73.00    0.00    0.00    0.00    0.00    0.00    0.00    0.00
09:24:19 AM   81   33.00    0.00   67.00    0.00    0.00    0.00    0.00    0.00    0.00    0.00
09:24:19 AM   82   45.45    0.00   54.55    0.00    0.00    0.00    0.00    0.00    0.00    0.00
09:24:19 AM   83   30.69    0.00   69.31    0.00    0.00    0.00    0.00    0.00    0.00    0.00
09:24:19 AM   84   22.00    0.00   78.00    0.00    0.00    0.00    0.00    0.00    0.00    0.00
09:24:19 AM   85   12.12    0.00   87.88    0.00    0.00    0.00    0.00    0.00    0.00    0.00
09:24:19 AM   86    3.00    0.00   97.00    0.00    0.00    0.00    0.00    0.00    0.00    0.00
09:24:19 AM   87    8.91    0.00   91.09    0.00    0.00    0.00    0.00    0.00    0.00    0.00
09:24:19 AM   88   49.00    0.00   51.00    0.00    0.00    0.00    0.00    0.00    0.00    0.00
09:24:19 AM   89    3.00    0.00   97.00    0.00    0.00    0.00    0.00    0.00    0.00    0.00
09:24:19 AM   90   25.00    0.00   75.00    0.00    0.00    0.00    0.00    0.00    0.00    0.00
09:24:19 AM   91    4.00    0.00   96.00    0.00    0.00    0.00    0.00    0.00    0.00    0.00
09:24:19 AM   92    4.00    0.00   96.00    0.00    0.00    0.00    0.00    0.00    0.00    0.00
09:24:19 AM   93   39.00    0.00   61.00    0.00    0.00    0.00    0.00    0.00    0.00    0.00
09:24:19 AM   94   24.00    0.00   76.00    0.00    0.00    0.00    0.00    0.00    0.00    0.00
09:24:19 AM   95   55.56    0.00   43.43    1.01    0.00    0.00    0.00    0.00    0.00    0.00
09:24:19 AM   96   43.43    0.00   56.57    0.00    0.00    0.00    0.00    0.00    0.00    0.00
09:24:19 AM   97   49.00    0.00   43.00    0.00    0.00    0.00    0.00    0.00    0.00    8.00
09:24:19 AM   98   19.00    0.00   81.00    0.00    0.00    0.00    0.00    0.00    0.00    0.00
09:24:19 AM   99   43.00    0.00   52.00    5.00    0.00    0.00    0.00    0.00    0.00    0.00
09:24:19 AM  100   18.00    0.00   78.00    0.00    0.00    0.00    0.00    0.00    0.00    4.00
09:24:19 AM  101   25.00    0.00   75.00    0.00    0.00    0.00    0.00    0.00    0.00    0.00
09:24:19 AM  102    8.08    0.00   91.92    0.00    0.00    0.00    0.00    0.00    0.00    0.00
09:24:19 AM  103   17.00    0.00   83.00    0.00    0.00    0.00    0.00    0.00    0.00    0.00
09:24:19 AM  104   22.00    0.00   78.00    0.00    0.00    0.00    0.00    0.00    0.00    0.00
09:24:19 AM  105   34.00    0.00   66.00    0.00    0.00    0.00    0.00    0.00    0.00    0.00
09:24:19 AM  106   58.59    0.00   34.34    0.00    0.00    0.00    0.00    0.00    0.00    7.07
09:24:19 AM  107   32.00    0.00   68.00    0.00    0.00    0.00    0.00    0.00    0.00    0.00
09:24:19 AM  108   23.76    0.00   76.24    0.00    0.00    0.00    0.00    0.00    0.00    0.00
09:24:19 AM  109   18.00    0.00   82.00    0.00    0.00    0.00    0.00    0.00    0.00    0.00
09:24:19 AM  110   33.67    0.00   65.31    1.02    0.00    0.00    0.00    0.00    0.00    0.00
09:24:19 AM  111   35.00    0.00   65.00    0.00    0.00    0.00    0.00    0.00    0.00    0.00
09:24:19 AM  112   12.00    0.00   88.00    0.00    0.00    0.00    0.00    0.00    0.00    0.00
09:24:19 AM  113    5.05    0.00   94.95    0.00    0.00    0.00    0.00    0.00    0.00    0.00
09:24:19 AM  114   35.35    0.00   64.65    0.00    0.00    0.00    0.00    0.00    0.00    0.00
09:24:19 AM  115   10.89    0.00   89.11    0.00    0.00    0.00    0.00    0.00    0.00    0.00
09:24:19 AM  116    6.00    0.00   94.00    0.00    0.00    0.00    0.00    0.00    0.00    0.00
09:24:19 AM  117   43.30    0.00   52.58    4.12    0.00    0.00    0.00    0.00    0.00    0.00
09:24:19 AM  118   11.00    0.00   89.00    0.00    0.00    0.00    0.00    0.00    0.00    0.00
09:24:19 AM  119   17.17    0.00   82.83    0.00    0.00    0.00    0.00    0.00    0.00    0.00
09:24:19 AM  120   46.00    0.00   50.00    2.00    0.00    2.00    0.00    0.00    0.00    0.00
09:24:19 AM  121   19.80    0.00   80.20    0.00    0.00    0.00    0.00    0.00    0.00    0.00
09:24:19 AM  122   18.18    0.00   81.82    0.00    0.00    0.00    0.00    0.00    0.00    0.00
09:24:19 AM  123   46.94    0.00   52.04    1.02    0.00    0.00    0.00    0.00    0.00    0.00
09:24:19 AM  124   14.14    0.00   85.86    0.00    0.00    0.00    0.00    0.00    0.00    0.00
09:24:19 AM  125   10.10    0.00   89.90    0.00    0.00    0.00    0.00    0.00    0.00    0.00
09:24:19 AM  126   11.00    0.00   89.00    0.00    0.00    0.00    0.00    0.00    0.00    0.00
09:24:19 AM  127   33.00    0.00   67.00    0.00    0.00    0.00    0.00    0.00    0.00    0.00
09:24:19 AM  128   20.41    0.00   67.35    2.04    0.00    0.00    0.00    0.00    0.00   10.20
09:24:19 AM  129   11.11    0.00   78.79    3.03    0.00    0.00    0.00    0.00    0.00    7.07
09:24:19 AM  130   31.96    0.00   56.70   10.31    0.00    0.00    0.00    0.00    0.00    1.03
09:24:19 AM  131   11.11    0.00   77.78    3.03    0.00    0.00    0.00    0.00    0.00    8.08
09:24:19 AM  132   28.28    0.00   66.67    5.05    0.00    0.00    0.00    0.00    0.00    0.00
09:24:19 AM  133   51.52    0.00   37.37    1.01    0.00    0.00    0.00    0.00    0.00   10.10
09:24:19 AM  134   33.67    0.00   50.00    1.02    0.00    0.00    0.00    0.00    0.00   15.31
09:24:19 AM  135   56.57    0.00   28.28    1.01    0.00    0.00    0.00    0.00    0.00   14.14
09:24:19 AM  136   58.76    0.00   31.96    9.28    0.00    0.00    0.00    0.00    0.00    0.00
09:24:19 AM  137   63.27    0.00   29.59    2.04    0.00    0.00    0.00    0.00    0.00    5.10
09:24:19 AM  138   30.61    0.00   55.10    0.00    0.00    0.00    0.00    0.00    0.00   14.29
09:24:19 AM  139   12.00    0.00   74.00    1.00    0.00    0.00    0.00    0.00    0.00   13.00
09:24:19 AM  140    9.00    0.00   81.00    0.00    0.00    0.00    0.00    0.00    0.00   10.00
09:24:19 AM  141   55.67    0.00   34.02    1.03    0.00    0.00    0.00    0.00    0.00    9.28
09:24:19 AM  142   56.57    0.00   31.31    1.01    0.00    0.00    0.00    0.00    0.00   11.11
09:24:19 AM  143   48.98    0.00   40.82    0.00    0.00    0.00    0.00    0.00    0.00   10.20
09:24:19 AM  144   22.00    0.00   67.00    0.00    0.00    0.00    0.00    0.00    0.00   11.00
09:24:19 AM  145   40.40    0.00   49.49    1.01    0.00    0.00    0.00    0.00    0.00    9.09
09:24:19 AM  146   84.69    0.00    7.14    8.16    0.00    0.00    0.00    0.00    0.00    0.00
09:24:19 AM  147   21.00    0.00   70.00    6.00    0.00    0.00    0.00    0.00    0.00    3.00
09:24:19 AM  148   18.18    0.00   73.74    7.07    0.00    0.00    0.00    0.00    0.00    1.01
09:24:19 AM  149    7.00    0.00   84.00    8.00    0.00    0.00    0.00    0.00    0.00    1.00
09:24:19 AM  150   54.55    0.00   30.30    0.00    0.00    0.00    0.00    0.00    0.00   15.15
09:24:19 AM  151   20.41    0.00   62.24    4.08    0.00    0.00    0.00    0.00    0.00   13.27
09:24:19 AM  152   38.38    0.00   44.44    3.03    0.00    0.00    0.00    0.00    0.00   14.14
09:24:19 AM  153   13.86    0.00   64.36    5.94    0.00    0.00    0.00    0.00    0.00   15.84
09:24:19 AM  154   43.00    0.00   36.00    1.00    0.00    0.00    0.00    0.00    0.00   20.00
09:24:19 AM  155   26.04    0.00   60.42    2.08    0.00    0.00    0.00    0.00    0.00   11.46
09:24:19 AM  156   15.15    0.00   70.71    1.01    0.00    0.00    0.00    0.00    0.00   13.13
09:24:19 AM  157   27.27    0.00   59.60    2.02    0.00    0.00    0.00    0.00    0.00   11.11
09:24:19 AM  158   30.61    0.00   51.02    5.10    0.00    0.00    0.00    0.00    0.00   13.27
09:24:19 AM  159   22.00    0.00   68.00    3.00    0.00    0.00    0.00    0.00    0.00    7.00
09:24:19 AM  160   29.59    0.00   55.10   11.22    0.00    0.00    0.00    0.00    0.00    4.08
09:24:19 AM  161   26.00    0.00   59.00   14.00    0.00    0.00    0.00    0.00    0.00    1.00
09:24:19 AM  162   18.00    0.00   60.00    8.00    0.00    0.00    0.00    0.00    0.00   14.00
09:24:19 AM  163   37.11    0.00   43.30   17.53    0.00    0.00    0.00    0.00    0.00    2.06
09:24:19 AM  164   37.11    0.00   44.33   13.40    0.00    0.00    0.00    0.00    0.00    5.15
09:24:19 AM  165   30.93    0.00   52.58   15.46    0.00    0.00    0.00    0.00    0.00    1.03
09:24:19 AM  166   41.05    0.00   32.63   17.89    0.00    0.00    0.00    0.00    0.00    8.42
09:24:19 AM  167   25.25    0.00   58.59   12.12    0.00    0.00    0.00    0.00    0.00    4.04
09:24:19 AM  168   29.29    0.00   51.52   18.18    0.00    0.00    0.00    0.00    0.00    1.01
09:24:19 AM  169   18.75    0.00   63.54   16.67    0.00    0.00    0.00    0.00    0.00    1.04
09:24:19 AM  170   28.57    0.00   54.08   12.24    0.00    0.00    0.00    0.00    0.00    5.10
09:24:19 AM  171   21.65    0.00   57.73   18.56    0.00    0.00    0.00    0.00    0.00    2.06
09:24:19 AM  172   30.93    0.00   45.36   18.56    0.00    0.00    0.00    0.00    0.00    5.15
09:24:19 AM  173   34.69    0.00   45.92   17.35    0.00    0.00    0.00    0.00    0.00    2.04
09:24:19 AM  174   27.37    0.00   52.63   18.95    0.00    0.00    0.00    0.00    0.00    1.05
09:24:19 AM  175   27.55    0.00   53.06   16.33    0.00    0.00    0.00    0.00    0.00    3.06
09:24:19 AM  176    9.28    0.00   72.16   14.43    0.00    0.00    0.00    0.00    0.00    4.12
09:24:19 AM  177   20.62    0.00   57.73   16.49    0.00    0.00    0.00    0.00    0.00    5.15
09:24:19 AM  178   28.57    0.00   50.00   17.35    0.00    0.00    0.00    0.00    0.00    4.08
09:24:19 AM  179   41.24    0.00   35.05   19.59    0.00    0.00    0.00    0.00    0.00    4.12
09:24:19 AM  180   56.70    0.00   17.53   21.65    0.00    0.00    0.00    0.00    0.00    4.12
09:24:19 AM  181   25.51    0.00   55.10   18.37    0.00    0.00    0.00    0.00    0.00    1.02
09:24:19 AM  182   43.88    0.00   34.69   14.29    0.00    0.00    0.00    0.00    0.00    7.14
09:24:19 AM  183   47.00    0.00   32.00   19.00    0.00    0.00    0.00    0.00    0.00    2.00
09:24:19 AM  184   28.87    0.00   49.48   13.40    0.00    0.00    0.00    0.00    0.00    8.25
09:24:19 AM  185   31.63    0.00   44.90   14.29    0.00    0.00    0.00    0.00    0.00    9.18
09:24:19 AM  186   26.26    0.00   54.55   18.18    0.00    0.00    0.00    0.00    0.00    1.01
09:24:19 AM  187   30.61    0.00   50.00   18.37    0.00    0.00    0.00    0.00    0.00    1.02
09:24:19 AM  188   41.24    0.00   45.36   13.40    0.00    0.00    0.00    0.00    0.00    0.00
09:24:19 AM  189   48.96    0.00   27.08   18.75    0.00    0.00    0.00    0.00    0.00    5.21
09:24:19 AM  190   50.00    0.00   27.55   20.41    0.00    0.00    0.00    0.00    0.00    2.04
09:24:19 AM  191   19.39    0.00   62.24   14.29    0.00    0.00    0.00    0.00    0.00    4.08
09:24:19 AM  192   32.98    0.00   58.51    6.38    0.00    0.00    0.00    0.00    0.00    2.13
09:24:19 AM  193    9.00    0.00   91.00    0.00    0.00    0.00    0.00    0.00    0.00    0.00
09:24:19 AM  194   84.00    0.00   16.00    0.00    0.00    0.00    0.00    0.00    0.00    0.00
09:24:19 AM  195   16.00    0.00   84.00    0.00    0.00    0.00    0.00    0.00    0.00    0.00
09:24:19 AM  196   45.45    0.00   54.55    0.00    0.00    0.00    0.00    0.00    0.00    0.00
09:24:19 AM  197   38.00    0.00   62.00    0.00    0.00    0.00    0.00    0.00    0.00    0.00
09:24:19 AM  198   16.00    0.00   84.00    0.00    0.00    0.00    0.00    0.00    0.00    0.00
09:24:19 AM  199   15.00    0.00   85.00    0.00    0.00    0.00    0.00    0.00    0.00    0.00
09:24:19 AM  200   13.00    0.00   87.00    0.00    0.00    0.00    0.00    0.00    0.00    0.00
09:24:19 AM  201   27.55    0.00   72.45    0.00    0.00    0.00    0.00    0.00    0.00    0.00
09:24:19 AM  202   32.00    0.00   68.00    0.00    0.00    0.00    0.00    0.00    0.00    0.00
09:24:19 AM  203   13.00    0.00   87.00    0.00    0.00    0.00    0.00    0.00    0.00    0.00
09:24:19 AM  204    9.00    0.00   91.00    0.00    0.00    0.00    0.00    0.00    0.00    0.00
09:24:19 AM  205   16.16    0.00   83.84    0.00    0.00    0.00    0.00    0.00    0.00    0.00
09:24:19 AM  206   29.29    0.00   70.71    0.00    0.00    0.00    0.00    0.00    0.00    0.00
09:24:19 AM  207   15.00    0.00   85.00    0.00    0.00    0.00    0.00    0.00    0.00    0.00
09:24:19 AM  208   14.00    0.00   86.00    0.00    0.00    0.00    0.00    0.00    0.00    0.00
09:24:19 AM  209    8.00    0.00   92.00    0.00    0.00    0.00    0.00    0.00    0.00    0.00
09:24:19 AM  210   32.32    0.00   67.68    0.00    0.00    0.00    0.00    0.00    0.00    0.00
09:24:19 AM  211   34.00    0.00   66.00    0.00    0.00    0.00    0.00    0.00    0.00    0.00
09:24:19 AM  212   29.29    0.00   70.71    0.00    0.00    0.00    0.00    0.00    0.00    0.00
09:24:19 AM  213   11.00    0.00   89.00    0.00    0.00    0.00    0.00    0.00    0.00    0.00
09:24:19 AM  214    7.00    0.00   93.00    0.00    0.00    0.00    0.00    0.00    0.00    0.00
09:24:19 AM  215   33.00    0.00   67.00    0.00    0.00    0.00    0.00    0.00    0.00    0.00
09:24:19 AM  216   16.16    0.00   83.84    0.00    0.00    0.00    0.00    0.00    0.00    0.00
09:24:19 AM  217   15.15    0.00   84.85    0.00    0.00    0.00    0.00    0.00    0.00    0.00
09:24:19 AM  218   26.00    0.00   74.00    0.00    0.00    0.00    0.00    0.00    0.00    0.00
09:24:19 AM  219   32.00    0.00   68.00    0.00    0.00    0.00    0.00    0.00    0.00    0.00
09:24:19 AM  220   38.38    0.00   61.62    0.00    0.00    0.00    0.00    0.00    0.00    0.00
09:24:19 AM  221   39.00    0.00   60.00    1.00    0.00    0.00    0.00    0.00    0.00    0.00
09:24:19 AM  222   12.12    0.00   87.88    0.00    0.00    0.00    0.00    0.00    0.00    0.00
09:24:19 AM  223   27.55    0.00   71.43    1.02    0.00    0.00    0.00    0.00    0.00    0.00
09:24:19 AM  224   44.00    0.00   56.00    0.00    0.00    0.00    0.00    0.00    0.00    0.00
09:24:19 AM  225   19.00    0.00   81.00    0.00    0.00    0.00    0.00    0.00    0.00    0.00
09:24:19 AM  226   33.00    0.00   67.00    0.00    0.00    0.00    0.00    0.00    0.00    0.00
09:24:19 AM  227   43.43    0.00   54.55    2.02    0.00    0.00    0.00    0.00    0.00    0.00
09:24:19 AM  228   21.00    0.00   79.00    0.00    0.00    0.00    0.00    0.00    0.00    0.00
09:24:19 AM  229   33.33    0.00   66.67    0.00    0.00    0.00    0.00    0.00    0.00    0.00
09:24:19 AM  230   31.31    0.00   68.69    0.00    0.00    0.00    0.00    0.00    0.00    0.00
09:24:19 AM  231    7.92    0.00   92.08    0.00    0.00    0.00    0.00    0.00    0.00    0.00
09:24:19 AM  232   35.00    0.00   65.00    0.00    0.00    0.00    0.00    0.00    0.00    0.00
09:24:19 AM  233   53.54    0.00   46.46    0.00    0.00    0.00    0.00    0.00    0.00    0.00
09:24:19 AM  234   51.00    0.00   49.00    0.00    0.00    0.00    0.00    0.00    0.00    0.00
09:24:19 AM  235   24.75    0.00   75.25    0.00    0.00    0.00    0.00    0.00    0.00    0.00
09:24:19 AM  236   16.83    0.00   83.17    0.00    0.00    0.00    0.00    0.00    0.00    0.00
09:24:19 AM  237   23.00    0.00   77.00    0.00    0.00    0.00    0.00    0.00    0.00    0.00
09:24:19 AM  238   40.00    0.00   60.00    0.00    0.00    0.00    0.00    0.00    0.00    0.00
09:24:19 AM  239   22.77    0.00   77.23    0.00    0.00    0.00    0.00    0.00    0.00    0.00
09:24:19 AM  240   53.00    0.00   47.00    0.00    0.00    0.00    0.00    0.00    0.00    0.00
09:24:19 AM  241   33.66    0.00   66.34    0.00    0.00    0.00    0.00    0.00    0.00    0.00
09:24:19 AM  242   33.00    0.00   67.00    0.00    0.00    0.00    0.00    0.00    0.00    0.00
09:24:19 AM  243   22.00    0.00   78.00    0.00    0.00    0.00    0.00    0.00    0.00    0.00
09:24:19 AM  244   15.00    0.00   85.00    0.00    0.00    0.00    0.00    0.00    0.00    0.00
09:24:19 AM  245   16.00    0.00   84.00    0.00    0.00    0.00    0.00    0.00    0.00    0.00
09:24:19 AM  246   12.00    0.00   88.00    0.00    0.00    0.00    0.00    0.00    0.00    0.00
09:24:19 AM  247    6.00    0.00   94.00    0.00    0.00    0.00    0.00    0.00    0.00    0.00
09:24:19 AM  248    7.00    0.00   93.00    0.00    0.00    0.00    0.00    0.00    0.00    0.00
09:24:19 AM  249    7.00    0.00   93.00    0.00    0.00    0.00    0.00    0.00    0.00    0.00
09:24:19 AM  250   26.60    0.00   64.89    8.51    0.00    0.00    0.00    0.00    0.00    0.00
09:24:19 AM  251   56.57    0.00   41.41    2.02    0.00    0.00    0.00    0.00    0.00    0.00
09:24:19 AM  252   47.00    0.00   53.00    0.00    0.00    0.00    0.00    0.00    0.00    0.00
09:24:19 AM  253   15.00    0.00   85.00    0.00    0.00    0.00    0.00    0.00    0.00    0.00
09:24:19 AM  254    4.00    0.00   96.00    0.00    0.00    0.00    0.00    0.00    0.00    0.00
09:24:19 AM  255    5.94    0.00   93.07    0.00    0.00    0.99    0.00    0.00    0.00    0.00
