Linux 6.8.0-60-generic (raven4) 	10/09/2025 	_x86_64_	(256 CPU)

04:06:02 PM  CPU    %usr   %nice    %sys %iowait    %irq   %soft  %steal  %guest  %gnice   %idle
04:06:03 PM  all   52.54    0.00    0.20    0.00    0.00    0.00    0.00    0.00    0.00   47.27
04:06:03 PM    0   44.90    0.00    0.00    0.00    0.00    0.00    0.00    0.00    0.00   55.10
04:06:03 PM    1   45.00    0.00   22.00    0.00    0.00    0.00    0.00    0.00    0.00   33.00
04:06:03 PM    2   44.00    0.00    0.00    0.00    0.00    0.00    0.00    0.00    0.00   56.00
04:06:03 PM    3   41.41    0.00    0.00    0.00    0.00    0.00    0.00    0.00    0.00   58.59
04:06:03 PM    4   44.55    0.00    0.00    0.00    0.00    0.00    0.00    0.00    0.00   55.45
04:06:03 PM    5   44.44    0.00    0.00    0.00    0.00    0.00    0.00    0.00    0.00   55.56
04:06:03 PM    6   34.65    0.00    0.00    0.00    0.00    0.00    0.00    0.00    0.00   65.35
04:06:03 PM    7   30.69    0.00    0.99    0.00    0.00    0.00    0.00    0.00    0.00   68.32
04:06:03 PM    8   49.00    0.00    0.00    0.00    0.00    0.00    0.00    0.00    0.00   51.00
04:06:03 PM    9   48.51    0.00    0.00    0.00    0.00    0.00    0.00    0.00    0.00   51.49
04:06:03 PM   10   49.00    0.00    0.00    0.00    0.00    0.00    0.00    0.00    0.00   51.00
04:06:03 PM   11   48.00    0.00    0.00    0.00    0.00    0.00    0.00    0.00    0.00   52.00
04:06:03 PM   12   49.00    0.00    0.00    0.00    0.00    0.00    0.00    0.00    0.00   51.00
04:06:03 PM   13   49.00    0.00    0.00    0.00    0.00    0.00    0.00    0.00    0.00   51.00
04:06:03 PM   14   35.00    0.00    0.00    0.00    0.00    0.00    0.00    0.00    0.00   65.00
04:06:03 PM   15   36.00    0.00    0.00    0.00    0.00    0.00    0.00    0.00    0.00   64.00
04:06:03 PM   16   51.00    0.00    0.00    0.00    0.00    0.00    0.00    0.00    0.00   49.00
04:06:03 PM   17   50.00    0.00    0.00    0.00    0.00    0.00    0.00    0.00    0.00   50.00
04:06:03 PM   18   51.00    0.00    0.00    0.00    0.00    0.00    0.00    0.00    0.00   49.00
04:06:03 PM   19   38.00    0.00    0.00    0.00    0.00    0.00    0.00    0.00    0.00   62.00
04:06:03 PM   20   51.52    0.00    0.00    0.00    0.00    0.00    0.00    0.00    0.00   48.48
04:06:03 PM   21   52.00    0.00    0.00    0.00    0.00    0.00    0.00    0.00    0.00   48.00
04:06:03 PM   22   39.00    0.00    0.00    0.00    0.00    0.00    0.00    0.00    0.00   61.00
04:06:03 PM   23   48.48    0.00    0.00    0.00    0.00    0.00    0.00    0.00    0.00   51.52
04:06:03 PM   24   57.00    0.00    0.00    0.00    0.00    0.00    0.00    0.00    0.00   43.00
04:06:03 PM   25   55.00    0.00    0.00    0.00    0.00    0.00    0.00    0.00    0.00   45.00
04:06:03 PM   26   56.00    0.00    0.00    0.00    0.00    0.00    0.00    0.00    0.00   44.00
04:06:03 PM   27   52.00    0.00    0.00    0.00    0.00    0.00    0.00    0.00    0.00   48.00
04:06:03 PM   28   56.00    0.00    0.00    0.00    0.00    0.00    0.00    0.00    0.00   44.00
04:06:03 PM   29   56.00    0.00    0.00    0.00    0.00    0.00    0.00    0.00    0.00   44.00
04:06:03 PM   30   39.00    0.00    0.00    0.00    0.00    0.00    0.00    0.00    0.00   61.00
04:06:03 PM   31   46.00    0.00    0.00    0.00    0.00    0.00    0.00    0.00    0.00   54.00
04:06:03 PM   32   60.00    0.00    0.00    0.00    0.00    0.00    0.00    0.00    0.00   40.00
04:06:03 PM   33   60.00    0.00    0.00    0.00    0.00    0.00    0.00    0.00    0.00   40.00
04:06:03 PM   34   60.40    0.00    0.00    0.00    0.00    0.00    0.00    0.00    0.00   39.60
04:06:03 PM   35   60.40    0.00    0.00    0.00    0.00    0.00    0.00    0.00    0.00   39.60
04:06:03 PM   36   60.00    0.00    0.00    0.00    0.00    0.00    0.00    0.00    0.00   40.00
04:06:03 PM   37   60.40    0.00    0.00    0.00    0.00    0.00    0.00    0.00    0.00   39.60
04:06:03 PM   38   43.00    0.00    0.00    0.00    0.00    0.00    0.00    0.00    0.00   57.00
04:06:03 PM   39   60.40    0.00    0.00    0.00    0.00    0.00    0.00    0.00    0.00   39.60
04:06:03 PM   40   59.60    0.00    0.00    0.00    0.00    0.00    0.00    0.00    0.00   40.40
04:06:03 PM   41   60.00    0.00    0.00    0.00    0.00    0.00    0.00    0.00    0.00   40.00
04:06:03 PM   42   60.00    0.00    0.00    0.00    0.00    0.00    0.00    0.00    0.00   40.00
04:06:03 PM   43   60.00    0.00    0.00    0.00    0.00    0.00    0.00    0.00    0.00   40.00
04:06:03 PM   44   59.00    0.00    0.00    0.00    0.00    0.00    0.00    0.00    0.00   41.00
04:06:03 PM   45   60.00    0.00    0.00    0.00    0.00    0.00    0.00    0.00    0.00   40.00
04:06:03 PM   46   58.59    0.00    0.00    0.00    0.00    0.00    0.00    0.00    0.00   41.41
04:06:03 PM   47   50.00    0.00    0.00    0.00    0.00    0.00    0.00    0.00    0.00   50.00
04:06:03 PM   48   60.00    0.00    0.00    0.00    0.00    0.00    0.00    0.00    0.00   40.00
04:06:03 PM   49   60.40    0.00    0.00    0.00    0.00    0.00    0.00    0.00    0.00   39.60
04:06:03 PM   50   60.00    0.00    0.00    0.00    0.00    0.00    0.00    0.00    0.00   40.00
04:06:03 PM   51   59.60    0.00    0.00    0.00    0.00    0.00    0.00    0.00    0.00   40.40
04:06:03 PM   52   60.00    0.00    0.00    0.00    0.00    0.00    0.00    0.00    0.00   40.00
04:06:03 PM   53   60.00    0.00    0.00    0.00    0.00    0.00    0.00    0.00    0.00   40.00
04:06:03 PM   54   60.00    0.00    0.00    0.00    0.00    0.00    0.00    0.00    0.00   40.00
04:06:03 PM   55   60.00    0.00    0.00    0.00    0.00    0.00    0.00    0.00    0.00   40.00
04:06:03 PM   56   59.00    0.00    0.00    0.00    0.00    0.00    0.00    0.00    0.00   41.00
04:06:03 PM   57   59.00    0.00    0.00    0.00    0.00    0.00    0.00    0.00    0.00   41.00
04:06:03 PM   58   59.00    0.00    0.00    0.00    0.00    0.00    0.00    0.00    0.00   41.00
04:06:03 PM   59   58.00    0.00    0.00    0.00    0.00    0.00    0.00    0.00    0.00   42.00
04:06:03 PM   60   59.00    0.00    0.00    0.00    0.00    0.00    0.00    0.00    0.00   41.00
04:06:03 PM   61   59.41    0.00    0.00    0.00    0.00    0.00    0.00    0.00    0.00   40.59
04:06:03 PM   62   46.00    0.00    0.00    0.00    0.00    0.00    0.00    0.00    0.00   54.00
04:06:03 PM   63   58.00    0.00    0.00    0.00    0.00    0.00    0.00    0.00    0.00   42.00
04:06:03 PM   64   52.53    0.00    0.00    0.00    0.00    0.00    0.00    0.00    0.00   47.47
04:06:03 PM   65   51.49    0.00    0.00    0.00    0.00    0.00    0.00    0.00    0.00   48.51
04:06:03 PM   66   52.53    0.00    0.00    0.00    0.00    0.00    0.00    0.00    0.00   47.47
04:06:03 PM   67   49.00    0.00    0.00    0.00    0.00    0.00    0.00    0.00    0.00   51.00
04:06:03 PM   68   52.00    0.00    0.00    0.00    0.00    0.00    0.00    0.00    0.00   48.00
04:06:03 PM   69   52.00    0.00    0.00    0.00    0.00    0.00    0.00    0.00    0.00   48.00
04:06:03 PM   70   39.00    0.00    0.00    0.00    0.00    0.00    0.00    0.00    0.00   61.00
04:06:03 PM   71   38.38    0.00    0.00    0.00    0.00    0.00    0.00    0.00    0.00   61.62
04:06:03 PM   72   58.00    0.00    0.00    0.00    0.00    0.00    0.00    0.00    0.00   42.00
04:06:03 PM   73   57.43    0.00    0.00    0.00    0.00    0.00    0.00    0.00    0.00   42.57
04:06:03 PM   74   58.00    0.00    0.00    0.00    0.00    0.00    0.00    0.00    0.00   42.00
04:06:03 PM   75   57.58    0.00    0.00    0.00    0.00    0.00    0.00    0.00    0.00   42.42
04:06:03 PM   76   58.00    0.00    0.00    0.00    0.00    0.00    0.00    0.00    0.00   42.00
04:06:03 PM   77   58.00    0.00    0.00    0.00    0.00    0.00    0.00    0.00    0.00   42.00
04:06:03 PM   78   40.59    0.00    0.00    0.00    0.00    0.00    0.00    0.00    0.00   59.41
04:06:03 PM   79   37.37    0.00    0.00    0.00    0.00    0.00    0.00    0.00    0.00   62.63
04:06:03 PM   80   55.00    0.00    0.00    0.00    0.00    0.00    0.00    0.00    0.00   45.00
04:06:03 PM   81   54.46    0.00    0.00    0.00    0.00    0.00    0.00    0.00    0.00   45.54
04:06:03 PM   82   55.00    0.00    0.00    0.00    0.00    0.00    0.00    0.00    0.00   45.00
04:06:03 PM   83   53.00    0.00    0.00    0.00    0.00    0.00    0.00    0.00    0.00   47.00
04:06:03 PM   84   55.00    0.00    0.00    0.00    0.00    0.00    0.00    0.00    0.00   45.00
04:06:03 PM   85   55.00    0.00    0.00    0.00    0.00    0.00    0.00    0.00    0.00   45.00
04:06:03 PM   86   53.00    0.00    0.00    0.00    0.00    0.00    0.00    0.00    0.00   47.00
04:06:03 PM   87   38.00    0.00    0.00    0.00    0.00    0.00    0.00    0.00    0.00   62.00
04:06:03 PM   88   58.59    0.00    0.00    0.00    0.00    0.00    0.00    0.00    0.00   41.41
04:06:03 PM   89   58.00    0.00    0.00    0.00    0.00    0.00    0.00    0.00    0.00   42.00
04:06:03 PM   90   58.00    0.00    0.00    0.00    0.00    0.00    0.00    0.00    0.00   42.00
04:06:03 PM   91   58.59    0.00    0.00    0.00    0.00    0.00    0.00    0.00    0.00   41.41
04:06:03 PM   92   58.42    0.00    0.00    0.00    0.00    0.00    0.00    0.00    0.00   41.58
04:06:03 PM   93   58.42    0.00    0.00    0.00    0.00    0.00    0.00    0.00    0.00   41.58
04:06:03 PM   94   51.49    0.00    0.00    0.00    0.00    0.00    0.00    0.00    0.00   48.51
04:06:03 PM   95   56.44    0.00    0.00    0.00    0.00    0.00    0.00    0.00    0.00   43.56
04:06:03 PM   96   58.00    0.00    0.00    0.00    0.00    0.00    0.00    0.00    0.00   42.00
04:06:03 PM   97   57.00    0.00    0.00    0.00    0.00    0.00    0.00    0.00    0.00   43.00
04:06:03 PM   98   57.58    0.00    0.00    0.00    0.00    0.00    0.00    0.00    0.00   42.42
04:06:03 PM   99   57.00    0.00    0.00    0.00    0.00    0.00    0.00    0.00    0.00   43.00
04:06:03 PM  100   58.00    0.00    0.00    0.00    0.00    0.00    0.00    0.00    0.00   42.00
04:06:03 PM  101   57.43    0.00    0.00    0.00    0.00    0.00    0.00    0.00    0.00   42.57
04:06:03 PM  102   40.00    0.00    0.00    0.00    0.00    0.00    0.00    0.00    0.00   60.00
04:06:03 PM  103   36.00    0.00    0.00    0.00    0.00    0.00    0.00    0.00    0.00   64.00
04:06:03 PM  104   57.00    0.00    0.00    0.00    0.00    0.00    0.00    0.00    0.00   43.00
04:06:03 PM  105   54.00    0.00    0.00    0.00    0.00    0.00    0.00    0.00    0.00   46.00
04:06:03 PM  106   56.00    0.00    0.00    0.00    0.00    0.00    0.00    0.00    0.00   44.00
04:06:03 PM  107   56.00    0.00    0.00    0.00    0.00    0.00    0.00    0.00    0.00   44.00
04:06:03 PM  108   57.00    0.00    0.00    0.00    0.00    0.00    0.00    0.00    0.00   43.00
04:06:03 PM  109   57.00    0.00    0.00    0.00    0.00    0.00    0.00    0.00    0.00   43.00
04:06:03 PM  110   35.00    0.00    0.00    0.00    0.00    0.00    0.00    0.00    0.00   65.00
04:06:03 PM  111   54.55    0.00    0.00    0.00    0.00    0.00    0.00    0.00    0.00   45.45
04:06:03 PM  112   48.00    0.00    0.00    0.00    0.00    0.00    0.00    0.00    0.00   52.00
04:06:03 PM  113   47.00    0.00    0.00    0.00    0.00    0.00    0.00    0.00    0.00   53.00
04:06:03 PM  114   48.00    0.00    0.00    0.00    0.00    0.00    0.00    0.00    0.00   52.00
04:06:03 PM  115   46.00    0.00    0.00    0.00    0.00    0.00    0.00    0.00    0.00   54.00
04:06:03 PM  116   47.52    0.00    0.00    0.00    0.00    0.00    0.00    0.00    0.00   52.48
04:06:03 PM  117   48.00    0.00    0.00    0.00    0.00    0.00    0.00    0.00    0.00   52.00
04:06:03 PM  118   33.00    0.00    0.00    0.00    0.00    0.00    0.00    0.00    0.00   67.00
04:06:03 PM  119   37.62    0.00    0.99    0.00    0.00    0.00    0.00    0.00    0.00   61.39
04:06:03 PM  120   57.58    0.00    0.00    0.00    0.00    0.00    0.00    0.00    0.00   42.42
04:06:03 PM  121   55.00    0.00    0.00    0.00    0.00    0.00    0.00    0.00    0.00   45.00
04:06:03 PM  122   55.00    0.00    0.00    0.00    0.00    0.00    0.00    0.00    0.00   45.00
04:06:03 PM  123   53.00    0.00    0.00    0.00    0.00    0.00    0.00    0.00    0.00   47.00
04:06:03 PM  124   55.56    0.00    2.02    0.00    0.00    0.00    0.00    0.00    0.00   42.42
04:06:03 PM  125   55.45    0.00    0.00    0.00    0.00    0.00    0.00    0.00    0.00   44.55
04:06:03 PM  126   44.44    0.00    0.00    0.00    0.00    0.00    0.00    0.00    0.00   55.56
04:06:03 PM  127   50.51    0.00    5.05    0.00    0.00    0.00    0.00    0.00    0.00   44.44
04:06:03 PM  128   44.00    0.00    0.00    0.00    0.00    0.00    0.00    0.00    0.00   56.00
04:06:03 PM  129   43.00    0.00    0.00    0.00    0.00    0.00    0.00    0.00    0.00   57.00
04:06:03 PM  130   44.00    0.00    0.00    0.00    0.00    0.00    0.00    0.00    0.00   56.00
04:06:03 PM  131   41.00    0.00    0.00    0.00    0.00    0.00    0.00    0.00    0.00   59.00
04:06:03 PM  132   44.00    0.00    0.00    0.00    0.00    0.00    0.00    0.00    0.00   56.00
04:06:03 PM  133   44.55    0.00    0.00    0.00    0.00    0.00    0.00    0.00    0.00   55.45
04:06:03 PM  134   31.68    0.00    0.99    0.00    0.00    0.00    0.00    0.00    0.00   67.33
04:06:03 PM  135   35.00    0.00    0.00    0.00    0.00    0.00    0.00    0.00    0.00   65.00
04:06:03 PM  136   49.50    0.00    5.94    0.00    0.00    0.00    0.00    0.00    0.00   44.55
04:06:03 PM  137   48.00    0.00    0.00    0.00    0.00    0.00    0.00    0.00    0.00   52.00
04:06:03 PM  138   49.00    0.00    0.00    0.00    0.00    0.00    0.00    0.00    0.00   51.00
04:06:03 PM  139   48.00    0.00    0.00    0.00    0.00    0.00    0.00    0.00    0.00   52.00
04:06:03 PM  140   49.00    0.00    0.00    0.00    0.00    0.00    0.00    0.00    0.00   51.00
04:06:03 PM  141   49.50    0.00    0.00    0.00    0.00    0.00    0.00    0.00    0.00   50.50
04:06:03 PM  142   41.00    0.00    0.00    0.00    0.00    0.00    0.00    0.00    0.00   59.00
04:06:03 PM  143   41.41    0.00    0.00    0.00    0.00    0.00    0.00    0.00    0.00   58.59
04:06:03 PM  144   51.49    0.00    0.00    0.00    0.00    0.00    0.00    0.00    0.00   48.51
04:06:03 PM  145   50.00    0.00    0.00    0.00    0.00    0.00    0.00    0.00    0.00   50.00
04:06:03 PM  146   51.00    0.00    0.00    0.00    0.00    0.00    0.00    0.00    0.00   49.00
04:06:03 PM  147   50.00    0.00    0.00    0.00    0.00    0.00    0.00    0.00    0.00   50.00
04:06:03 PM  148   51.52    0.00    0.00    0.00    0.00    0.00    0.00    0.00    0.00   48.48
04:06:03 PM  149   52.00    0.00    0.00    0.00    0.00    0.00    0.00    0.00    0.00   48.00
04:06:03 PM  150   45.45    0.00    0.00    0.00    0.00    0.00    0.00    0.00    0.00   54.55
04:06:03 PM  151   40.00    0.00    0.00    0.00    0.00    0.00    0.00    0.00    0.00   60.00
04:06:03 PM  152   56.00    0.00    0.00    0.00    0.00    0.00    0.00    0.00    0.00   44.00
04:06:03 PM  153   56.00    0.00    0.00    0.00    0.00    0.00    0.00    0.00    0.00   44.00
04:06:03 PM  154   56.00    0.00    0.00    0.00    0.00    0.00    0.00    0.00    0.00   44.00
04:06:03 PM  155   51.00    0.00    0.00    0.00    0.00    0.00    0.00    0.00    0.00   49.00
04:06:03 PM  156   56.57    0.00    0.00    0.00    0.00    0.00    0.00    0.00    0.00   43.43
04:06:03 PM  157   56.00    0.00    0.00    0.00    0.00    0.00    0.00    0.00    0.00   44.00
04:06:03 PM  158   33.00    0.00    0.00    0.00    0.00    0.00    0.00    0.00    0.00   67.00
04:06:03 PM  159   40.00    0.00    0.00    0.00    0.00    0.00    0.00    0.00    0.00   60.00
04:06:03 PM  160   60.40    0.00    0.00    0.00    0.00    0.00    0.00    0.00    0.00   39.60
04:06:03 PM  161   60.40    0.00    0.00    0.00    0.00    0.00    0.00    0.00    0.00   39.60
04:06:03 PM  162   60.40    0.00    0.00    0.00    0.00    0.00    0.00    0.00    0.00   39.60
04:06:03 PM  163   53.00    0.00    0.00    0.00    0.00    0.00    0.00    0.00    0.00   47.00
04:06:03 PM  164   60.40    0.00    0.00    0.00    0.00    0.00    0.00    0.00    0.00   39.60
04:06:03 PM  165   60.61    0.00    0.00    0.00    0.00    0.00    0.00    0.00    0.00   39.39
04:06:03 PM  166   60.00    0.00    0.00    0.00    0.00    0.00    0.00    0.00    0.00   40.00
04:06:03 PM  167   61.00    0.00    0.00    0.00    0.00    0.00    0.00    0.00    0.00   39.00
04:06:03 PM  168   60.00    0.00    0.00    0.00    0.00    0.00    0.00    0.00    0.00   40.00
04:06:03 PM  169   60.00    0.00    0.00    0.00    0.00    0.00    0.00    0.00    0.00   40.00
04:06:03 PM  170   59.41    0.00    0.00    0.00    0.00    0.00    0.00    0.00    0.00   40.59
04:06:03 PM  171   59.00    0.00    0.00    0.00    0.00    0.00    0.00    0.00    0.00   41.00
04:06:03 PM  172   59.60    0.00    0.00    0.00    0.00    0.00    0.00    0.00    0.00   40.40
04:06:03 PM  173   59.41    0.00    0.00    0.00    0.00    0.00    0.00    0.00    0.00   40.59
04:06:03 PM  174   72.73    0.00    2.02    0.00    0.00    0.00    0.00    0.00    0.00   25.25
04:06:03 PM  175   59.41    0.00    0.00    0.00    0.00    0.00    0.00    0.00    0.00   40.59
04:06:03 PM  176   60.00    0.00    0.00    0.00    0.00    0.00    0.00    0.00    0.00   40.00
04:06:03 PM  177   60.00    0.00    0.00    0.00    0.00    0.00    0.00    0.00    0.00   40.00
04:06:03 PM  178   60.00    0.00    0.00    0.00    0.00    0.00    0.00    0.00    0.00   40.00
04:06:03 PM  179   42.42    0.00    0.00    0.00    0.00    0.00    0.00    0.00    0.00   57.58
04:06:03 PM  180   60.00    0.00    0.00    0.00    0.00    0.00    0.00    0.00    0.00   40.00
04:06:03 PM  181   60.00    0.00    0.00    0.00    0.00    0.00    0.00    0.00    0.00   40.00
04:06:03 PM  182   59.00    0.00    0.00    0.00    0.00    0.00    0.00    0.00    0.00   41.00
04:06:03 PM  183   60.00    0.00    0.00    0.00    0.00    0.00    0.00    0.00    0.00   40.00
04:06:03 PM  184   59.00    0.00    0.00    0.00    0.00    0.00    0.00    0.00    0.00   41.00
04:06:03 PM  185   59.60    0.00    0.00    0.00    0.00    0.00    0.00    0.00    0.00   40.40
04:06:03 PM  186   59.00    0.00    0.00    0.00    0.00    0.00    0.00    0.00    0.00   41.00
04:06:03 PM  187   54.00    0.00    0.00    0.00    0.00    0.00    0.00    0.00    0.00   46.00
04:06:03 PM  188   59.00    0.00    0.00    0.00    0.00    0.00    0.00    0.00    0.00   41.00
04:06:03 PM  189   59.41    0.00    0.00    0.00    0.00    0.00    0.00    0.00    0.00   40.59
04:06:03 PM  190   58.00    0.00    0.00    0.00    0.00    0.00    0.00    0.00    0.00   42.00
04:06:03 PM  191   58.00    0.00    0.00    0.00    0.00    0.00    0.00    0.00    0.00   42.00
04:06:03 PM  192   52.00    0.00    0.00    0.00    0.00    0.00    0.00    0.00    0.00   48.00
04:06:03 PM  193   51.49    0.00    0.00    0.00    0.00    0.00    0.00    0.00    0.00   48.51
04:06:03 PM  194   52.53    0.00    0.00    0.00    0.00    0.00    0.00    0.00    0.00   47.47
04:06:03 PM  195   49.00    0.00    0.00    0.00    0.00    0.00    0.00    0.00    0.00   51.00
04:06:03 PM  196   52.00    0.00    0.00    0.00    0.00    0.00    0.00    0.00    0.00   48.00
04:06:03 PM  197   52.53    0.00    0.00    0.00    0.00    0.00    0.00    0.00    0.00   47.47
04:06:03 PM  198   44.55    0.00    0.00    0.00    0.00    0.00    0.00    0.00    0.00   55.45
04:06:03 PM  199   36.00    0.00    0.00    0.00    0.00    0.00    0.00    0.00    0.00   64.00
04:06:03 PM  200   57.43    0.00    0.99    0.00    0.00    0.00    0.00    0.00    0.00   41.58
04:06:03 PM  201   55.00    0.00    0.00    0.00    0.00    0.00    0.00    0.00    0.00   45.00
04:06:03 PM  202   57.43    0.00    0.00    0.00    0.00    0.00    0.00    0.00    0.00   42.57
04:06:03 PM  203   54.00    0.00    0.00    0.00    0.00    0.00    0.00    0.00    0.00   46.00
04:06:03 PM  204   58.00    0.00    0.00    0.00    0.00    0.00    0.00    0.00    0.00   42.00
04:06:03 PM  205   58.00    0.00    0.00    0.00    0.00    0.00    0.00    0.00    0.00   42.00
04:06:03 PM  206   57.58    0.00    0.00    0.00    0.00    0.00    0.00    0.00    0.00   42.42
04:06:03 PM  207   57.00    0.00    0.00    0.00    0.00    0.00    0.00    0.00    0.00   43.00
04:06:03 PM  208   54.46    0.00    0.00    0.00    0.00    0.00    0.00    0.00    0.00   45.54
04:06:03 PM  209   54.00    0.00    0.00    0.00    0.00    0.00    0.00    0.00    0.00   46.00
04:06:03 PM  210   54.00    0.00    0.00    0.00    0.00    0.00    0.00    0.00    0.00   46.00
04:06:03 PM  211   52.00    0.00    0.00    0.00    0.00    0.00    0.00    0.00    0.00   48.00
04:06:03 PM  212   54.46    0.00    0.00    0.00    0.00    0.00    0.00    0.00    0.00   45.54
04:06:03 PM  213   55.00    0.00    0.00    0.00    0.00    0.00    0.00    0.00    0.00   45.00
04:06:03 PM  214   43.00    0.00    0.00    0.00    0.00    0.00    0.00    0.00    0.00   57.00
04:06:03 PM  215   40.00    0.00    0.00    0.00    0.00    0.00    0.00    0.00    0.00   60.00
04:06:03 PM  216   58.00    0.00    0.00    0.00    0.00    0.00    0.00    0.00    0.00   42.00
04:06:03 PM  217   58.00    0.00    0.00    0.00    0.00    0.00    0.00    0.00    0.00   42.00
04:06:03 PM  218   58.00    0.00    0.00    0.00    0.00    0.00    0.00    0.00    0.00   42.00
04:06:03 PM  219   58.59    0.00    0.00    0.00    0.00    0.00    0.00    0.00    0.00   41.41
04:06:03 PM  220   58.00    0.00    0.00    0.00    0.00    0.00    0.00    0.00    0.00   42.00
04:06:03 PM  221   58.59    0.00    0.00    0.00    0.00    0.00    0.00    0.00    0.00   41.41
04:06:03 PM  222   38.00    0.00    0.00    0.00    0.00    0.00    0.00    0.00    0.00   62.00
04:06:03 PM  223   58.00    0.00    0.00    0.00    0.00    0.00    0.00    0.00    0.00   42.00
04:06:03 PM  224   57.00    0.00    0.00    0.00    0.00    0.00    0.00    0.00    0.00   43.00
04:06:03 PM  225   57.00    0.00    0.00    0.00    0.00    0.00    0.00    0.00    0.00   43.00
04:06:03 PM  226   57.00    0.00    0.00    0.00    0.00    0.00    0.00    0.00    0.00   43.00
04:06:03 PM  227   56.00    0.00    0.00    0.00    0.00    0.00    0.00    0.00    0.00   44.00
04:06:03 PM  228   57.00    0.00    0.00    0.00    0.00    0.00    0.00    0.00    0.00   43.00
04:06:03 PM  229   58.00    0.00    0.00    0.00    0.00    0.00    0.00    0.00    0.00   42.00
04:06:03 PM  230   52.48    0.00    0.00    0.00    0.00    0.00    0.00    0.00    0.00   47.52
04:06:03 PM  231   52.48    0.00    0.00    0.00    0.00    0.00    0.00    0.00    0.00   47.52
04:06:03 PM  232   57.00    0.00    0.00    0.00    0.00    0.00    0.00    0.00    0.00   43.00
04:06:03 PM  233   56.00    0.00    0.00    0.00    0.00    0.00    0.00    0.00    0.00   44.00
04:06:03 PM  234   57.00    0.00    0.00    0.00    0.00    0.00    0.00    0.00    0.00   43.00
04:06:03 PM  235   56.57    0.00    0.00    0.00    0.00    0.00    0.00    0.00    0.00   43.43
04:06:03 PM  236   57.00    0.00    0.00    0.00    0.00    0.00    0.00    0.00    0.00   43.00
04:06:03 PM  237   57.00    0.00    0.00    0.00    0.00    0.00    0.00    0.00    0.00   43.00
04:06:03 PM  238   56.57    0.00    0.00    0.00    0.00    0.00    0.00    0.00    0.00   43.43
04:06:03 PM  239   47.52    0.00    0.00    0.00    0.00    0.00    0.00    0.00    0.00   52.48
04:06:03 PM  240   51.00    0.00    1.00    0.00    0.00    0.00    0.00    0.00    0.00   48.00
04:06:03 PM  241   50.51    0.00    2.02    0.00    0.00    0.00    0.00    0.00    0.00   47.47
04:06:03 PM  242   47.47    0.00    0.00    0.00    0.00    0.00    0.00    0.00    0.00   52.53
04:06:03 PM  243   44.55    0.00    0.00    0.00    0.00    0.00    0.00    0.00    0.00   55.45
04:06:03 PM  244   48.00    0.00    0.00    0.00    0.00    0.00    0.00    0.00    0.00   52.00
04:06:03 PM  245   47.47    0.00    0.00    0.00    0.00    0.00    0.00    0.00    0.00   52.53
04:06:03 PM  246   36.00    0.00    0.00    0.00    0.00    0.00    0.00    0.00    0.00   64.00
04:06:03 PM  247   39.39    0.00    0.00    0.00    0.00    0.00    0.00    0.00    0.00   60.61
04:06:03 PM  248   55.00    0.00    0.00    0.00    0.00    0.00    0.00    0.00    0.00   45.00
04:06:03 PM  249   55.00    0.00    0.00    0.00    0.00    0.00    0.00    0.00    0.00   45.00
04:06:03 PM  250   54.90    0.00    0.98    0.00    0.00    0.00    0.00    0.00    0.00   44.12
04:06:03 PM  251   53.00    0.00    0.00    0.00    0.00    0.00    0.00    0.00    0.00   47.00
04:06:03 PM  252   55.45    0.00    0.00    0.00    0.00    0.00    0.00    0.00    0.00   44.55
04:06:03 PM  253   56.00    0.00    0.00    0.00    0.00    0.00    0.00    0.00    0.00   44.00
04:06:03 PM  254   49.49    0.00    0.00    0.00    0.00    0.00    0.00    0.00    0.00   50.51
04:06:03 PM  255   48.48    0.00    5.05    0.00    0.00    0.00    0.00    0.00    0.00   46.46

04:06:03 PM  CPU    %usr   %nice    %sys %iowait    %irq   %soft  %steal  %guest  %gnice   %idle
04:06:04 PM  all    0.20    0.00    0.64    0.00    0.00    0.00    0.00    0.00    0.00   99.17
04:06:04 PM    0    0.00    0.00    2.15    0.00    0.00    0.00    0.00    0.00    0.00   97.85
04:06:04 PM    1    0.00    0.00  100.00    0.00    0.00    0.00    0.00    0.00    0.00    0.00
04:06:04 PM    2    0.00    0.00    0.00    0.00    0.00    0.00    0.00    0.00    0.00  100.00
04:06:04 PM    3    0.00    0.00    0.00    0.00    0.00    0.00    0.00    0.00    0.00  100.00
04:06:04 PM    4    0.00    0.00    0.00    0.00    0.00    0.00    0.00    0.00    0.00  100.00
04:06:04 PM    5    0.00    0.00    0.00    0.00    0.00    0.00    0.00    0.00    0.00  100.00
04:06:04 PM    6    0.00    0.00    0.00    0.00    0.00    0.00    0.00    0.00    0.00  100.00
04:06:04 PM    7    0.00    0.00    0.00    0.00    0.00    0.00    0.00    0.00    0.00  100.00
04:06:04 PM    8    0.00    0.00    0.00    0.00    0.00    0.00    0.00    0.00    0.00  100.00
04:06:04 PM    9    0.00    0.00    0.00    0.00    0.00    0.00    0.00    0.00    0.00  100.00
04:06:04 PM   10    0.00    0.00    0.00    0.00    0.00    0.00    0.00    0.00    0.00  100.00
04:06:04 PM   11    0.00    0.00    0.00    0.00    0.00    0.00    0.00    0.00    0.00  100.00
04:06:04 PM   12    0.00    0.00    0.00    0.00    0.00    0.00    0.00    0.00    0.00  100.00
04:06:04 PM   13    0.00    0.00    0.00    0.00    0.00    0.00    0.00    0.00    0.00  100.00
04:06:04 PM   14    0.00    0.00    0.00    0.00    0.00    0.00    0.00    0.00    0.00  100.00
04:06:04 PM   15    0.00    0.00    0.00    0.00    0.00    0.00    0.00    0.00    0.00  100.00
04:06:04 PM   16    0.00    0.00    0.00    0.00    0.00    0.00    0.00    0.00    0.00  100.00
04:06:04 PM   17    0.00    0.00    0.00    0.00    0.00    0.00    0.00    0.00    0.00  100.00
04:06:04 PM   18    0.00    0.00    0.00    0.00    0.00    0.00    0.00    0.00    0.00  100.00
04:06:04 PM   19    0.00    0.00    0.00    0.00    0.00    0.00    0.00    0.00    0.00  100.00
04:06:04 PM   20    0.00    0.00    0.00    0.00    0.00    0.00    0.00    0.00    0.00  100.00
04:06:04 PM   21    0.00    0.00    0.00    0.00    0.00    0.00    0.00    0.00    0.00  100.00
04:06:04 PM   22    0.00    0.00    0.00    0.00    0.00    0.00    0.00    0.00    0.00  100.00
04:06:04 PM   23    0.00    0.00    0.00    0.00    0.00    0.00    0.00    0.00    0.00  100.00
04:06:04 PM   24    0.00    0.00    0.00    0.00    0.00    0.00    0.00    0.00    0.00  100.00
04:06:04 PM   25    0.00    0.00    0.00    0.00    0.00    0.00    0.00    0.00    0.00  100.00
04:06:04 PM   26    0.00    0.00    0.00    0.00    0.00    0.00    0.00    0.00    0.00  100.00
04:06:04 PM   27    0.00    0.00    0.00    0.00    0.00    0.00    0.00    0.00    0.00  100.00
04:06:04 PM   28    0.00    0.00    0.00    0.00    0.00    0.00    0.00    0.00    0.00  100.00
04:06:04 PM   29    0.00    0.00    0.00    0.00    0.00    0.00    0.00    0.00    0.00  100.00
04:06:04 PM   30    0.00    0.00    0.00    0.00    0.00    0.00    0.00    0.00    0.00  100.00
04:06:04 PM   31    0.00    0.00    0.00    0.00    0.00    0.00    0.00    0.00    0.00  100.00
04:06:04 PM   32    6.00    0.00    2.00    0.00    0.00    0.00    0.00    0.00    0.00   92.00
04:06:04 PM   33   10.31    0.00    5.15    0.00    0.00    0.00    0.00    0.00    0.00   84.54
04:06:04 PM   34    1.00    0.00    0.00    0.00    0.00    0.00    0.00    0.00    0.00   99.00
04:06:04 PM   35    0.00    0.00    1.00    0.00    0.00    0.00    0.00    0.00    0.00   99.00
04:06:04 PM   36    0.00    0.00    0.00    0.00    0.00    0.00    0.00    0.00    0.00  100.00
04:06:04 PM   37    0.00    0.00    0.00    0.00    0.00    0.00    0.00    0.00    0.00  100.00
04:06:04 PM   38    0.00    0.00    0.00    0.00    0.00    0.00    0.00    0.00    0.00  100.00
04:06:04 PM   39    0.00    0.00    0.00    0.00    0.00    0.00    0.00    0.00    0.00  100.00
04:06:04 PM   40    0.00    0.00    0.00    0.00    0.00    0.00    0.00    0.00    0.00  100.00
04:06:04 PM   41    0.00    0.00    0.00    0.00    0.00    0.00    0.00    0.00    0.00  100.00
04:06:04 PM   42    0.00    0.00    0.00    0.00    0.00    0.00    0.00    0.00    0.00  100.00
04:06:04 PM   43    0.00    0.00    0.00    0.00    0.00    0.00    0.00    0.00    0.00  100.00
04:06:04 PM   44    0.00    0.00    0.00    0.00    0.00    0.00    0.00    0.00    0.00  100.00
04:06:04 PM   45    0.00    0.00    0.00    0.00    0.00    0.00    0.00    0.00    0.00  100.00
04:06:04 PM   46    0.00    0.00    0.00    0.00    0.00    0.00    0.00    0.00    0.00  100.00
04:06:04 PM   47    0.00    0.00    0.00    0.00    0.00    0.00    0.00    0.00    0.00  100.00
04:06:04 PM   48    0.00    0.00    0.00    0.00    0.00    0.00    0.00    0.00    0.00  100.00
04:06:04 PM   49    0.00    0.00    0.00    0.00    0.00    0.00    0.00    0.00    0.00  100.00
04:06:04 PM   50    0.00    0.00    0.00    0.00    0.00    0.00    0.00    0.00    0.00  100.00
04:06:04 PM   51    0.00    0.00    0.00    0.00    0.00    0.00    0.00    0.00    0.00  100.00
04:06:04 PM   52    0.00    0.00    0.00    0.00    0.00    0.00    0.00    0.00    0.00  100.00
04:06:04 PM   53    0.00    0.00    0.00    0.00    0.00    0.00    0.00    0.00    0.00  100.00
04:06:04 PM   54    0.00    0.00    0.00    0.00    0.00    0.00    0.00    0.00    0.00  100.00
04:06:04 PM   55    0.00    0.00    0.00    0.00    0.00    0.00    0.00    0.00    0.00  100.00
04:06:04 PM   56    0.00    0.00    0.00    0.00    0.00    0.00    0.00    0.00    0.00  100.00
04:06:04 PM   57    0.00    0.00    0.00    0.00    0.00    0.00    0.00    0.00    0.00  100.00
04:06:04 PM   58    0.00    0.00    0.00    0.00    0.00    0.00    0.00    0.00    0.00  100.00
04:06:04 PM   59    0.00    0.00    0.00    0.00    0.00    0.00    0.00    0.00    0.00  100.00
04:06:04 PM   60    0.00    0.00    0.00    0.00    0.00    0.00    0.00    0.00    0.00  100.00
04:06:04 PM   61    0.00    0.00    0.00    0.00    0.00    0.00    0.00    0.00    0.00  100.00
04:06:04 PM   62    0.00    0.00    0.00    0.00    0.00    0.00    0.00    0.00    0.00  100.00
04:06:04 PM   63    0.00    0.00    0.00    0.00    0.00    0.00    0.00    0.00    0.00  100.00
04:06:04 PM   64    1.00    0.00    0.00    0.00    0.00    0.00    0.00    0.00    0.00   99.00
04:06:04 PM   65    0.00    0.00    0.00    0.00    0.00    0.00    0.00    0.00    0.00  100.00
04:06:04 PM   66    0.00    0.00    0.00    0.00    0.00    0.00    0.00    0.00    0.00  100.00
04:06:04 PM   67    0.00    0.00    0.00    0.00    0.00    0.00    0.00    0.00    0.00  100.00
04:06:04 PM   68    0.00    0.00    0.00    0.00    0.00    0.00    0.00    0.00    0.00  100.00
04:06:04 PM   69    0.00    0.00    0.00    0.00    0.00    0.00    0.00    0.00    0.00  100.00
04:06:04 PM   70    0.00    0.00    0.00    0.00    0.00    0.00    0.00    0.00    0.00  100.00
04:06:04 PM   71    0.00    0.00    0.00    0.00    0.00    0.00    0.00    0.00    0.00  100.00
04:06:04 PM   72    0.00    0.00    0.00    0.00    0.00    0.00    0.00    0.00    0.00  100.00
04:06:04 PM   73    0.00    0.00    0.00    0.00    0.00    0.00    0.00    0.00    0.00  100.00
04:06:04 PM   74    0.00    0.00    0.00    0.00    0.00    0.00    0.00    0.00    0.00  100.00
04:06:04 PM   75    0.00    0.00    0.00    0.00    0.00    0.00    0.00    0.00    0.00  100.00
04:06:04 PM   76    0.00    0.00    0.00    0.00    0.00    0.00    0.00    0.00    0.00  100.00
04:06:04 PM   77    0.00    0.00    0.00    0.00    0.00    0.00    0.00    0.00    0.00  100.00
04:06:04 PM   78    0.00    0.00    0.00    0.00    0.00    0.00    0.00    0.00    0.00  100.00
04:06:04 PM   79    0.00    0.00    0.00    0.00    0.00    0.00    0.00    0.00    0.00  100.00
04:06:04 PM   80    0.00    0.00    0.00    0.00    0.00    0.00    0.00    0.00    0.00  100.00
04:06:04 PM   81    0.00    0.00    0.00    0.00    0.00    0.00    0.00    0.00    0.00  100.00
04:06:04 PM   82    0.00    0.00    0.00    0.00    0.00    0.00    0.00    0.00    0.00  100.00
04:06:04 PM   83    0.00    0.00    0.00    0.00    0.00    0.00    0.00    0.00    0.00  100.00
04:06:04 PM   84    0.00    0.00    0.00    0.00    0.00    0.00    0.00    0.00    0.00  100.00
04:06:04 PM   85    0.00    0.00    0.00    0.00    0.00    0.00    0.00    0.00    0.00  100.00
04:06:04 PM   86    0.00    0.00    0.00    0.00    0.00    0.00    0.00    0.00    0.00  100.00
04:06:04 PM   87    0.00    0.00    0.00    0.00    0.00    0.00    0.00    0.00    0.00  100.00
04:06:04 PM   88    0.00    0.00    0.00    0.00    0.00    0.00    0.00    0.00    0.00  100.00
04:06:04 PM   89    0.00    0.00    0.00    0.00    0.00    0.00    0.00    0.00    0.00  100.00
04:06:04 PM   90    0.00    0.00    0.00    0.00    0.00    0.00    0.00    0.00    0.00  100.00
04:06:04 PM   91    0.00    0.00    0.00    0.00    0.00    0.00    0.00    0.00    0.00  100.00
04:06:04 PM   92    0.00    0.00    0.00    0.00    0.00    0.00    0.00    0.00    0.00  100.00
04:06:04 PM   93    0.00    0.00    0.00    0.00    0.00    0.00    0.00    0.00    0.00  100.00
04:06:04 PM   94    0.00    0.00    0.00    0.00    0.00    0.00    0.00    0.00    0.00  100.00
04:06:04 PM   95    0.00    0.00    0.00    0.00    0.00    0.00    0.00    0.00    0.00  100.00
04:06:04 PM   96    0.00    0.00    0.00    0.00    0.00    0.00    0.00    0.00    0.00  100.00
04:06:04 PM   97    0.00    0.00    0.00    0.00    0.00    0.00    0.00    0.00    0.00  100.00
04:06:04 PM   98    0.00    0.00    0.00    0.00    0.00    0.00    0.00    0.00    0.00  100.00
04:06:04 PM   99    0.00    0.00    0.00    0.00    0.00    0.00    0.00    0.00    0.00  100.00
04:06:04 PM  100    0.00    0.00    0.00    0.00    0.00    0.00    0.00    0.00    0.00  100.00
04:06:04 PM  101    0.00    0.00    0.00    0.00    0.00    0.00    0.00    0.00    0.00  100.00
04:06:04 PM  102    0.00    0.00    0.00    0.00    0.00    0.00    0.00    0.00    0.00  100.00
04:06:04 PM  103    0.00    0.00    0.00    0.00    0.00    0.00    0.00    0.00    0.00  100.00
04:06:04 PM  104    0.00    0.00    0.00    0.00    0.00    0.00    0.00    0.00    0.00  100.00
04:06:04 PM  105    0.00    0.00    0.00    0.00    0.00    0.00    0.00    0.00    0.00  100.00
04:06:04 PM  106    0.00    0.00    0.00    0.00    0.00    0.00    0.00    0.00    0.00  100.00
04:06:04 PM  107    0.00    0.00    0.00    0.00    0.00    0.00    0.00    0.00    0.00  100.00
04:06:04 PM  108    0.00    0.00    0.00    0.00    0.00    0.00    0.00    0.00    0.00  100.00
04:06:04 PM  109    0.00    0.00    0.00    0.00    0.00    0.00    0.00    0.00    0.00  100.00
04:06:04 PM  110    0.00    0.00    0.00    0.00    0.00    0.00    0.00    0.00    0.00  100.00
04:06:04 PM  111    0.00    0.00    0.00    0.00    0.00    0.00    0.00    0.00    0.00  100.00
04:06:04 PM  112    0.00    0.00    0.00    0.00    0.00    0.00    0.00    0.00    0.00  100.00
04:06:04 PM  113    0.00    0.00    0.00    0.00    0.00    0.00    0.00    0.00    0.00  100.00
04:06:04 PM  114    0.00    0.00    0.00    0.00    0.00    0.00    0.00    0.00    0.00  100.00
04:06:04 PM  115    0.00    0.00    0.00    0.00    0.00    0.00    0.00    0.00    0.00  100.00
04:06:04 PM  116    0.00    0.00    0.00    0.00    0.00    0.00    0.00    0.00    0.00  100.00
04:06:04 PM  117    0.00    0.00    0.00    0.00    0.00    0.00    0.00    0.00    0.00  100.00
04:06:04 PM  118    0.00    0.00    0.00    0.00    0.00    0.00    0.00    0.00    0.00  100.00
04:06:04 PM  119    0.00    0.00    0.00    0.00    0.00    0.00    0.00    0.00    0.00  100.00
04:06:04 PM  120   26.32    0.00    9.47    0.00    0.00    0.00    0.00    0.00    0.00   64.21
04:06:04 PM  121    0.00    0.00    0.00    0.00    0.00    0.00    0.00    0.00    0.00  100.00
04:06:04 PM  122    0.00    0.00    0.00    0.00    0.00    0.00    0.00    0.00    0.00  100.00
04:06:04 PM  123    0.00    0.00    0.99    0.00    0.00    0.00    0.00    0.00    0.00   99.01
04:06:04 PM  124    1.02    0.00    2.04    0.00    0.00    0.00    0.00    0.00    0.00   96.94
04:06:04 PM  125    0.00    0.00    0.00    0.00    0.00    0.00    0.00    0.00    0.00  100.00
04:06:04 PM  126    0.00    0.00    0.00    0.00    0.00    0.00    0.00    0.00    0.00  100.00
04:06:04 PM  127    1.04    0.00    7.29    0.00    0.00    0.00    0.00    0.00    0.00   91.67
04:06:04 PM  128    0.00    0.00    0.00    0.00    0.00    0.00    0.00    0.00    0.00  100.00
04:06:04 PM  129    0.00    0.00    0.00    0.00    0.00    0.00    0.00    0.00    0.00  100.00
04:06:04 PM  130    0.00    0.00    0.00    0.00    0.00    0.00    0.00    0.00    0.00  100.00
04:06:04 PM  131    0.00    0.00    0.00    0.00    0.00    0.00    0.00    0.00    0.00  100.00
04:06:04 PM  132    0.00    0.00    0.00    0.00    0.00    0.00    0.00    0.00    0.00  100.00
04:06:04 PM  133    0.00    0.00    0.00    0.00    0.00    0.00    0.00    0.00    0.00  100.00
04:06:04 PM  134    0.00    0.00    0.00    0.00    0.00    0.00    0.00    0.00    0.00  100.00
04:06:04 PM  135    0.00    0.00    0.00    0.00    0.00    0.00    0.00    0.00    0.00  100.00
04:06:04 PM  136    0.00    0.00    0.00    0.00    0.00    0.00    0.00    0.00    0.00  100.00
04:06:04 PM  137    0.00    0.00    0.00    0.00    0.00    0.00    0.00    0.00    0.00  100.00
04:06:04 PM  138    0.00    0.00    0.00    0.00    0.00    0.00    0.00    0.00    0.00  100.00
04:06:04 PM  139    0.00    0.00    0.00    0.00    0.00    0.00    0.00    0.00    0.00  100.00
04:06:04 PM  140    0.00    0.00    0.00    0.00    0.00    0.00    0.00    0.00    0.00  100.00
04:06:04 PM  141    0.00    0.00    0.00    0.00    0.00    0.00    0.00    0.00    0.00  100.00
04:06:04 PM  142    0.00    0.00    0.00    0.00    0.00    0.00    0.00    0.00    0.00  100.00
04:06:04 PM  143    0.00    0.00    0.00    0.00    0.00    0.00    0.00    0.00    0.00  100.00
04:06:04 PM  144    0.00    0.00    0.00    0.00    0.00    0.00    0.00    0.00    0.00  100.00
04:06:04 PM  145    0.00    0.00    0.00    0.00    0.00    0.00    0.00    0.00    0.00  100.00
04:06:04 PM  146    0.00    0.00    0.00    0.00    0.00    0.00    0.00    0.00    0.00  100.00
04:06:04 PM  147    0.00    0.00    0.00    0.00    0.00    0.00    0.00    0.00    0.00  100.00
04:06:04 PM  148    0.00    0.00    0.00    0.00    0.00    0.00    0.00    0.00    0.00  100.00
04:06:04 PM  149    0.00    0.00    0.00    0.00    0.00    0.00    0.00    0.00    0.00  100.00
04:06:04 PM  150    0.00    0.00    0.00    0.00    0.00    0.00    0.00    0.00    0.00  100.00
04:06:04 PM  151    0.00    0.00    0.00    0.00    0.00    0.00    0.00    0.00    0.00  100.00
04:06:04 PM  152    0.00    0.00    0.00    0.00    0.00    0.00    0.00    0.00    0.00  100.00
04:06:04 PM  153    0.00    0.00    0.00    0.00    0.00    0.00    0.00    0.00    0.00  100.00
04:06:04 PM  154    0.00    0.00    0.00    0.00    0.00    0.00    0.00    0.00    0.00  100.00
04:06:04 PM  155    0.00    0.00    0.00    0.00    0.00    0.00    0.00    0.00    0.00  100.00
04:06:04 PM  156    0.00    0.00    0.00    0.00    0.00    0.00    0.00    0.00    0.00  100.00
04:06:04 PM  157    0.00    0.00    0.00    0.00    0.00    0.00    0.00    0.00    0.00  100.00
04:06:04 PM  158    0.00    0.00    0.00    0.00    0.00    0.00    0.00    0.00    0.00  100.00
04:06:04 PM  159    0.00    0.00    0.00    0.00    0.00    0.00    0.00    0.00    0.00  100.00
04:06:04 PM  160    0.00    0.00    0.00    0.00    0.00    0.00    0.00    0.00    0.00  100.00
04:06:04 PM  161    0.00    0.00    0.00    0.00    0.00    0.00    0.00    0.00    0.00  100.00
04:06:04 PM  162    0.00    0.00    0.00    0.00    0.00    0.00    0.00    0.00    0.00  100.00
04:06:04 PM  163    0.00    0.00    0.00    0.00    0.00    0.00    0.00    0.00    0.00  100.00
04:06:04 PM  164    0.00    0.00    0.00    0.00    0.00    0.00    0.00    0.00    0.00  100.00
04:06:04 PM  165    0.00    0.00    0.00    0.00    0.00    0.00    0.00    0.00    0.00  100.00
04:06:04 PM  166    0.00    0.00    0.00    0.00    0.00    0.00    0.00    0.00    0.00  100.00
04:06:04 PM  167    0.00    0.00    0.00    0.00    0.00    0.00    0.00    0.00    0.00  100.00
04:06:04 PM  168    0.00    0.00    0.00    0.00    0.00    0.00    0.00    0.00    0.00  100.00
04:06:04 PM  169    0.00    0.00    0.00    0.00    0.00    0.00    0.00    0.00    0.00  100.00
04:06:04 PM  170    0.00    0.00    0.00    0.00    0.00    0.00    0.00    0.00    0.00  100.00
04:06:04 PM  171    0.00    0.00    0.00    0.00    0.00    0.00    0.00    0.00    0.00  100.00
04:06:04 PM  172    0.00    0.00    0.00    0.00    0.00    0.00    0.00    0.00    0.00  100.00
04:06:04 PM  173    0.00    0.00    0.00    0.00    0.00    0.00    0.00    0.00    0.00  100.00
04:06:04 PM  174    0.00    0.00    0.99    0.00    0.00    0.00    0.00    0.00    0.00   99.01
04:06:04 PM  175    0.00    0.00    0.00    0.00    0.00    0.00    0.00    0.00    0.00  100.00
04:06:04 PM  176    0.00    0.00    0.00    0.00    0.00    0.00    0.00    0.00    0.00  100.00
04:06:04 PM  177    0.00    0.00    0.00    0.00    0.00    0.00    0.00    0.00    0.00  100.00
04:06:04 PM  178    0.00    0.00    0.00    0.00    0.00    0.00    0.00    0.00    0.00  100.00
04:06:04 PM  179    0.00    0.00    0.00    0.00    0.00    0.00    0.00    0.00    0.00  100.00
04:06:04 PM  180    0.00    0.00    0.00    0.00    0.00    0.00    0.00    0.00    0.00  100.00
04:06:04 PM  181    0.00    0.00    0.00    0.00    0.00    0.00    0.00    0.00    0.00  100.00
04:06:04 PM  182    0.00    0.00    0.00    0.00    0.00    0.00    0.00    0.00    0.00  100.00
04:06:04 PM  183    0.00    0.00    0.00    0.00    0.00    0.00    0.00    0.00    0.00  100.00
04:06:04 PM  184    0.00    0.00    0.00    0.00    0.00    0.00    0.00    0.00    0.00  100.00
04:06:04 PM  185    0.00    0.00    0.00    0.00    0.00    0.00    0.00    0.00    0.00  100.00
04:06:04 PM  186    0.00    0.00    0.00    0.00    0.00    0.00    0.00    0.00    0.00  100.00
04:06:04 PM  187    0.00    0.00    0.00    0.00    0.00    0.00    0.00    0.00    0.00  100.00
04:06:04 PM  188    0.00    0.00    0.00    0.00    0.00    0.00    0.00    0.00    0.00  100.00
04:06:04 PM  189    0.00    0.00    0.00    0.00    0.00    0.00    0.00    0.00    0.00  100.00
04:06:04 PM  190    1.00    0.00    8.00    0.00    0.00    0.00    0.00    0.00    0.00   91.00
04:06:04 PM  191    0.00    0.00    0.00    0.00    0.00    0.00    0.00    0.00    0.00  100.00
04:06:04 PM  192    0.00    0.00    0.00    0.00    0.00    0.00    0.00    0.00    0.00  100.00
04:06:04 PM  193    0.00    0.00    0.00    0.00    0.00    0.00    0.00    0.00    0.00  100.00
04:06:04 PM  194    0.00    0.00    0.00    0.00    0.00    0.00    0.00    0.00    0.00  100.00
04:06:04 PM  195    0.00    0.00    0.00    0.00    0.00    0.00    0.00    0.00    0.00  100.00
04:06:04 PM  196    0.00    0.00    0.00    0.00    0.00    0.00    0.00    0.00    0.00  100.00
04:06:04 PM  197    0.00    0.00    0.00    0.00    0.00    0.00    0.00    0.00    0.00  100.00
04:06:04 PM  198    0.00    0.00    0.00    0.00    0.00    0.00    0.00    0.00    0.00  100.00
04:06:04 PM  199    0.00    0.00    0.00    0.00    0.00    0.00    0.00    0.00    0.00  100.00
04:06:04 PM  200    0.00    0.00    0.00    0.00    0.00    0.00    0.00    0.00    0.00  100.00
04:06:04 PM  201    0.00    0.00    0.00    0.00    0.00    0.00    0.00    0.00    0.00  100.00
04:06:04 PM  202    0.00    0.00    0.00    0.00    0.00    0.00    0.00    0.00    0.00  100.00
04:06:04 PM  203    0.00    0.00    0.00    0.00    0.00    0.00    0.00    0.00    0.00  100.00
04:06:04 PM  204    0.00    0.00    0.00    0.00    0.00    0.00    0.00    0.00    0.00  100.00
04:06:04 PM  205    0.00    0.00    0.00    0.00    0.00    0.00    0.00    0.00    0.00  100.00
04:06:04 PM  206    0.00    0.00    0.00    0.00    0.00    0.00    0.00    0.00    0.00  100.00
04:06:04 PM  207    0.00    0.00    0.00    0.00    0.00    0.00    0.00    0.00    0.00  100.00
04:06:04 PM  208    0.00    0.00    0.00    0.00    0.00    0.00    0.00    0.00    0.00  100.00
04:06:04 PM  209    0.00    0.00    0.00    0.00    0.00    0.00    0.00    0.00    0.00  100.00
04:06:04 PM  210    0.00    0.00    0.00    0.00    0.00    0.00    0.00    0.00    0.00  100.00
04:06:04 PM  211    0.00    0.00    0.00    0.00    0.00    0.00    0.00    0.00    0.00  100.00
04:06:04 PM  212    0.00    0.00    0.00    0.00    0.00    0.00    0.00    0.00    0.00  100.00
04:06:04 PM  213    0.00    0.00    0.00    0.00    0.00    0.00    0.00    0.00    0.00  100.00
04:06:04 PM  214    0.00    0.00    0.00    0.00    0.00    0.00    0.00    0.00    0.00  100.00
04:06:04 PM  215    0.00    0.00    0.00    0.00    0.00    0.00    0.00    0.00    0.00  100.00
04:06:04 PM  216    0.00    0.00    0.00    0.00    0.00    0.00    0.00    0.00    0.00  100.00
04:06:04 PM  217    0.00    0.00    0.00    0.00    0.00    0.00    0.00    0.00    0.00  100.00
04:06:04 PM  218    0.00    0.00    0.00    0.00    0.00    0.00    0.00    0.00    0.00  100.00
04:06:04 PM  219    0.00    0.00    0.00    0.00    0.00    0.00    0.00    0.00    0.00  100.00
04:06:04 PM  220    0.00    0.00    0.00    0.00    0.00    0.00    0.00    0.00    0.00  100.00
04:06:04 PM  221    0.00    0.00    0.00    0.00    0.00    0.00    0.00    0.00    0.00  100.00
04:06:04 PM  222    0.00    0.00    0.00    0.00    0.00    0.00    0.00    0.00    0.00  100.00
04:06:04 PM  223    0.00    0.00    0.00    0.00    0.00    0.00    0.00    0.00    0.00  100.00
04:06:04 PM  224    0.00    0.00    0.00    0.00    0.00    0.00    0.00    0.00    0.00  100.00
04:06:04 PM  225    0.00    0.00    0.00    0.00    0.00    0.00    0.00    0.00    0.00  100.00
04:06:04 PM  226    0.00    0.00    0.00    0.00    0.00    0.00    0.00    0.00    0.00  100.00
04:06:04 PM  227    0.00    0.00    0.00    0.00    0.00    0.00    0.00    0.00    0.00  100.00
04:06:04 PM  228    0.00    0.00    0.00    0.00    0.00    0.00    0.00    0.00    0.00  100.00
04:06:04 PM  229    0.00    0.00    0.00    0.00    0.00    0.00    0.00    0.00    0.00  100.00
04:06:04 PM  230    0.00    0.00    0.00    0.00    0.00    0.00    0.00    0.00    0.00  100.00
04:06:04 PM  231    0.00    0.00    0.00    0.00    0.00    0.00    0.00    0.00    0.00  100.00
04:06:04 PM  232    0.00    0.00    0.00    0.00    0.00    0.00    0.00    0.00    0.00  100.00
04:06:04 PM  233    0.00    0.00    0.00    0.00    0.00    0.00    0.00    0.00    0.00  100.00
04:06:04 PM  234    0.00    0.00    0.00    0.00    0.00    0.00    0.00    0.00    0.00  100.00
04:06:04 PM  235    0.00    0.00    0.00    0.00    0.00    0.00    0.00    0.00    0.00  100.00
04:06:04 PM  236    0.00    0.00    0.00    0.00    0.00    0.00    0.00    0.00    0.00  100.00
04:06:04 PM  237    0.00    0.00    0.00    0.00    0.00    0.00    0.00    0.00    0.00  100.00
04:06:04 PM  238    0.00    0.00    0.00    0.00    0.00    0.00    0.00    0.00    0.00  100.00
04:06:04 PM  239    0.00    0.00    0.00    0.00    0.00    0.00    0.00    0.00    0.00  100.00
04:06:04 PM  240    0.00    0.00    0.00    0.00    0.00    0.00    0.00    0.00    0.00  100.00
04:06:04 PM  241    0.00    0.00    0.00    0.00    0.00    0.00    0.00    0.00    0.00  100.00
04:06:04 PM  242    0.00    0.00    0.00    0.00    0.00    0.00    0.00    0.00    0.00  100.00
04:06:04 PM  243    0.00    0.00    0.00    0.00    0.00    0.00    0.00    0.00    0.00  100.00
04:06:04 PM  244    0.00    0.00    0.00    0.00    0.00    0.00    0.00    0.00    0.00  100.00
04:06:04 PM  245    0.00    0.00    0.00    0.00    0.00    0.00    0.00    0.00    0.00  100.00
04:06:04 PM  246    0.00    0.00    0.00    0.00    0.00    0.00    0.00    0.00    0.00  100.00
04:06:04 PM  247    0.00    0.00    0.00    0.00    0.00    0.00    0.00    0.00    0.00  100.00
04:06:04 PM  248    0.00    0.00    0.00    0.00    0.00    0.00    0.00    0.00    0.00  100.00
04:06:04 PM  249    0.00    0.00    0.00    0.00    0.00    0.00    0.00    0.00    0.00  100.00
04:06:04 PM  250    0.00    0.00    0.00    0.00    0.00    0.00    0.00    0.00    0.00  100.00
04:06:04 PM  251    0.00    0.00    0.99    0.00    0.00    0.00    0.00    0.00    0.00   99.01
04:06:04 PM  252    0.00    0.00    0.00    0.00    0.00    0.00    0.00    0.00    0.00  100.00
04:06:04 PM  253    0.00    0.00    0.00    0.00    0.00    0.00    0.00    0.00    0.00  100.00
04:06:04 PM  254    2.04    0.00    8.16    0.00    0.00    0.00    0.00    0.00    0.00   89.80
04:06:04 PM  255    2.06    0.00   16.49    0.00    0.00    0.00    0.00    0.00    0.00   81.44

04:06:04 PM  CPU    %usr   %nice    %sys %iowait    %irq   %soft  %steal  %guest  %gnice   %idle
04:06:05 PM  all    0.05    0.00    0.62    0.08    0.00    0.00    0.00    0.00    0.00   99.26
04:06:05 PM    0    0.00    0.00    0.00    0.00    0.00    0.00    0.00    0.00    0.00  100.00
04:06:05 PM    1    0.00    0.00  100.00    0.00    0.00    0.00    0.00    0.00    0.00    0.00
04:06:05 PM    2    0.00    0.00    0.00    0.00    0.00    0.00    0.00    0.00    0.00  100.00
04:06:05 PM    3    0.00    0.00    0.00    0.00    0.00    0.00    0.00    0.00    0.00  100.00
04:06:05 PM    4    0.00    0.00    0.00    0.00    0.00    0.00    0.00    0.00    0.00  100.00
04:06:05 PM    5    0.00    0.00    0.00    0.00    0.00    0.00    0.00    0.00    0.00  100.00
04:06:05 PM    6    0.00    0.00    0.00    0.00    0.00    0.00    0.00    0.00    0.00  100.00
04:06:05 PM    7    0.00    0.00    0.00    0.00    0.00    0.00    0.00    0.00    0.00  100.00
04:06:05 PM    8    0.00    0.00    0.00    0.00    0.00    0.00    0.00    0.00    0.00  100.00
04:06:05 PM    9    0.00    0.00    0.00    0.00    0.00    0.00    0.00    0.00    0.00  100.00
04:06:05 PM   10    0.00    0.00    0.00    0.00    0.00    0.00    0.00    0.00    0.00  100.00
04:06:05 PM   11    0.00    0.00    0.00    0.00    0.00    0.00    0.00    0.00    0.00  100.00
04:06:05 PM   12    0.00    0.00    0.00    0.00    0.00    0.00    0.00    0.00    0.00  100.00
04:06:05 PM   13    0.00    0.00    0.00    0.00    0.00    0.00    0.00    0.00    0.00  100.00
04:06:05 PM   14    0.00    0.00    0.00    0.00    0.00    0.00    0.00    0.00    0.00  100.00
04:06:05 PM   15    0.00    0.00    0.00    0.00    0.00    0.00    0.00    0.00    0.00  100.00
04:06:05 PM   16    0.00    0.00    0.00    0.00    0.00    0.00    0.00    0.00    0.00  100.00
04:06:05 PM   17    0.00    0.00    0.00    0.00    0.00    0.00    0.00    0.00    0.00  100.00
04:06:05 PM   18    0.00    0.00    0.00    0.00    0.00    0.00    0.00    0.00    0.00  100.00
04:06:05 PM   19    0.00    0.00    0.00    0.00    0.00    0.00    0.00    0.00    0.00  100.00
04:06:05 PM   20    0.00    0.00    0.00    0.00    0.00    0.00    0.00    0.00    0.00  100.00
04:06:05 PM   21    0.00    0.00    0.00    0.00    0.00    0.00    0.00    0.00    0.00  100.00
04:06:05 PM   22    0.00    0.00    0.00    0.00    0.00    0.00    0.00    0.00    0.00  100.00
04:06:05 PM   23    0.00    0.00    0.00    0.00    0.00    0.00    0.00    0.00    0.00  100.00
04:06:05 PM   24    0.00    0.00    0.00    0.00    0.00    0.00    0.00    0.00    0.00  100.00
04:06:05 PM   25    0.00    0.00    0.00    0.00    0.00    0.00    0.00    0.00    0.00  100.00
04:06:05 PM   26    0.00    0.00    0.00    0.00    0.00    0.00    0.00    0.00    0.00  100.00
04:06:05 PM   27    0.00    0.00    0.00    0.00    0.00    0.00    0.00    0.00    0.00  100.00
04:06:05 PM   28    0.00    0.00    0.00    0.00    0.00    0.00    0.00    0.00    0.00  100.00
04:06:05 PM   29    0.00    0.00    0.00    0.00    0.00    0.00    0.00    0.00    0.00  100.00
04:06:05 PM   30    0.00    0.00    0.00    0.00    0.00    0.00    0.00    0.00    0.00  100.00
04:06:05 PM   31    0.00    0.00    0.00    0.00    0.00    0.00    0.00    0.00    0.00  100.00
04:06:05 PM   32    0.00    0.00    0.00    0.00    0.00    0.00    0.00    0.00    0.00  100.00
04:06:05 PM   33    0.00    0.00    0.00    0.00    0.00    0.00    0.00    0.00    0.00  100.00
04:06:05 PM   34    0.00    0.00    0.00    0.00    0.00    0.00    0.00    0.00    0.00  100.00
04:06:05 PM   35    0.99    0.00    0.00    0.00    0.00    0.00    0.00    0.00    0.00   99.01
04:06:05 PM   36    0.00    0.00    0.00    0.00    0.00    0.00    0.00    0.00    0.00  100.00
04:06:05 PM   37    0.00    0.00    0.00    0.00    0.00    0.00    0.00    0.00    0.00  100.00
04:06:05 PM   38    0.00    0.00    0.00    0.00    0.00    0.00    0.00    0.00    0.00  100.00
04:06:05 PM   39    0.00    0.00    0.00    0.00    0.00    0.00    0.00    0.00    0.00  100.00
04:06:05 PM   40    0.00    0.00    0.00    0.00    0.00    0.00    0.00    0.00    0.00  100.00
04:06:05 PM   41    0.00    0.00    0.00    0.00    0.00    0.00    0.00    0.00    0.00  100.00
04:06:05 PM   42    0.00    0.00    0.00    0.00    0.00    0.00    0.00    0.00    0.00  100.00
04:06:05 PM   43    0.00    0.00    0.00    0.00    0.00    0.00    0.00    0.00    0.00  100.00
04:06:05 PM   44    0.00    0.00    0.00    0.00    0.00    0.00    0.00    0.00    0.00  100.00
04:06:05 PM   45    0.00    0.00    0.00    0.00    0.00    0.00    0.00    0.00    0.00  100.00
04:06:05 PM   46    0.00    0.00    0.00    0.00    0.00    0.00    0.00    0.00    0.00  100.00
04:06:05 PM   47    0.00    0.00    0.00    0.00    0.00    0.00    0.00    0.00    0.00  100.00
04:06:05 PM   48    0.00    0.00    0.00    0.00    0.00    0.00    0.00    0.00    0.00  100.00
04:06:05 PM   49    0.00    0.00    0.00    0.00    0.00    0.00    0.00    0.00    0.00  100.00
04:06:05 PM   50    0.00    0.00    0.00    0.00    0.00    0.00    0.00    0.00    0.00  100.00
04:06:05 PM   51    0.00    0.00    0.00    0.00    0.00    0.00    0.00    0.00    0.00  100.00
04:06:05 PM   52    0.00    0.00    0.00    0.00    0.00    0.00    0.00    0.00    0.00  100.00
04:06:05 PM   53    0.00    0.00    0.00    0.00    0.00    0.00    0.00    0.00    0.00  100.00
04:06:05 PM   54    0.00    0.00    0.00    0.00    0.00    0.00    0.00    0.00    0.00  100.00
04:06:05 PM   55    0.00    0.00    0.00    0.00    0.00    0.00    0.00    0.00    0.00  100.00
04:06:05 PM   56    0.00    0.00    0.00    0.00    0.00    0.00    0.00    0.00    0.00  100.00
04:06:05 PM   57    0.00    0.00    0.00    0.00    0.00    0.00    0.00    0.00    0.00  100.00
04:06:05 PM   58    0.00    0.00    0.00    0.00    0.00    0.00    0.00    0.00    0.00  100.00
04:06:05 PM   59    0.00    0.00    0.00    0.00    0.00    0.00    0.00    0.00    0.00  100.00
04:06:05 PM   60    0.00    0.00    0.00    0.00    0.00    0.00    0.00    0.00    0.00  100.00
04:06:05 PM   61    0.00    0.00    0.00    0.00    0.00    0.00    0.00    0.00    0.00  100.00
04:06:05 PM   62    0.00    0.00    0.00    0.00    0.00    0.00    0.00    0.00    0.00  100.00
04:06:05 PM   63    0.00    0.00    0.00    0.00    0.00    0.00    0.00    0.00    0.00  100.00
04:06:05 PM   64    0.00    0.00    0.00    0.00    0.00    0.00    0.00    0.00    0.00  100.00
04:06:05 PM   65    0.00    0.00    0.00    0.00    0.00    0.00    0.00    0.00    0.00  100.00
04:06:05 PM   66    0.00    0.00    0.00    0.00    0.00    0.00    0.00    0.00    0.00  100.00
04:06:05 PM   67    0.00    0.00    0.00    0.00    0.00    0.00    0.00    0.00    0.00  100.00
04:06:05 PM   68    0.00    0.00    0.00    0.00    0.00    0.00    0.00    0.00    0.00  100.00
04:06:05 PM   69    0.00    0.00    0.00    0.00    0.00    0.00    0.00    0.00    0.00  100.00
04:06:05 PM   70    0.00    0.00    0.00    0.00    0.00    0.00    0.00    0.00    0.00  100.00
04:06:05 PM   71    0.00    0.00    0.00    0.00    0.00    0.00    0.00    0.00    0.00  100.00
04:06:05 PM   72    0.00    0.00    0.00    0.00    0.00    0.00    0.00    0.00    0.00  100.00
04:06:05 PM   73    0.00    0.00    0.00    0.00    0.00    0.00    0.00    0.00    0.00  100.00
04:06:05 PM   74    0.00    0.00    0.00    0.00    0.00    0.00    0.00    0.00    0.00  100.00
04:06:05 PM   75    0.00    0.00    0.00    0.00    0.00    0.00    0.00    0.00    0.00  100.00
04:06:05 PM   76    0.00    0.00    0.00    0.00    0.00    0.00    0.00    0.00    0.00  100.00
04:06:05 PM   77    0.00    0.00    0.00    0.00    0.00    0.00    0.00    0.00    0.00  100.00
04:06:05 PM   78    0.00    0.00    0.00    0.00    0.00    0.00    0.00    0.00    0.00  100.00
04:06:05 PM   79    0.00    0.00    0.00    0.00    0.00    0.00    0.00    0.00    0.00  100.00
04:06:05 PM   80    0.00    0.00    0.00    0.00    0.00    0.00    0.00    0.00    0.00  100.00
04:06:05 PM   81    0.00    0.00    0.00    0.00    0.00    0.00    0.00    0.00    0.00  100.00
04:06:05 PM   82    0.00    0.00    0.00    0.00    0.00    0.00    0.00    0.00    0.00  100.00
04:06:05 PM   83    0.00    0.00    0.00    0.00    0.00    0.00    0.00    0.00    0.00  100.00
04:06:05 PM   84    0.00    0.00    0.00    0.00    0.00    0.00    0.00    0.00    0.00  100.00
04:06:05 PM   85    0.00    0.00    0.00    0.00    0.00    0.00    0.00    0.00    0.00  100.00
04:06:05 PM   86    0.00    0.00    0.00    0.00    0.00    0.00    0.00    0.00    0.00  100.00
04:06:05 PM   87    0.00    0.00    0.00    0.00    0.00    0.00    0.00    0.00    0.00  100.00
04:06:05 PM   88    0.00    0.00    0.00    0.00    0.00    0.00    0.00    0.00    0.00  100.00
04:06:05 PM   89    0.00    0.00    0.00    0.00    0.00    0.00    0.00    0.00    0.00  100.00
04:06:05 PM   90    0.00    0.00    0.00    0.00    0.00    0.00    0.00    0.00    0.00  100.00
04:06:05 PM   91    0.00    0.00    0.00    0.00    0.00    0.00    0.00    0.00    0.00  100.00
04:06:05 PM   92    0.00    0.00    0.00    0.00    0.00    0.00    0.00    0.00    0.00  100.00
04:06:05 PM   93    0.00    0.00    0.00    0.00    0.00    0.00    0.00    0.00    0.00  100.00
04:06:05 PM   94    0.00    0.00    0.00    0.00    0.00    0.00    0.00    0.00    0.00  100.00
04:06:05 PM   95    0.00    0.00    0.00    0.00    0.00    0.00    0.00    0.00    0.00  100.00
04:06:05 PM   96    0.00    0.00    0.00    0.00    0.00    0.00    0.00    0.00    0.00  100.00
04:06:05 PM   97    0.00    0.00    0.00    0.00    0.00    0.00    0.00    0.00    0.00  100.00
04:06:05 PM   98    0.00    0.00    0.00    0.00    0.00    0.00    0.00    0.00    0.00  100.00
04:06:05 PM   99    0.00    0.00    0.00    0.00    0.00    0.00    0.00    0.00    0.00  100.00
04:06:05 PM  100    0.00    0.00    0.00    0.00    0.00    0.00    0.00    0.00    0.00  100.00
04:06:05 PM  101    0.00    0.00    0.00    0.00    0.00    0.00    0.00    0.00    0.00  100.00
04:06:05 PM  102    0.00    0.00    0.00    0.00    0.00    0.00    0.00    0.00    0.00  100.00
04:06:05 PM  103    0.00    0.00    0.00    0.00    0.00    0.00    0.00    0.00    0.00  100.00
04:06:05 PM  104    0.00    0.00    0.00    0.00    0.00    0.00    0.00    0.00    0.00  100.00
04:06:05 PM  105    0.00    0.00    0.00    0.00    0.00    0.00    0.00    0.00    0.00  100.00
04:06:05 PM  106    0.00    0.00    0.00    0.00    0.00    0.00    0.00    0.00    0.00  100.00
04:06:05 PM  107    0.00    0.00    0.00    0.00    0.00    0.00    0.00    0.00    0.00  100.00
04:06:05 PM  108    0.00    0.00    0.00    0.00    0.00    0.00    0.00    0.00    0.00  100.00
04:06:05 PM  109    0.00    0.00    0.00    0.00    0.00    0.00    0.00    0.00    0.00  100.00
04:06:05 PM  110    0.00    0.00    0.00    0.00    0.00    0.00    0.00    0.00    0.00  100.00
04:06:05 PM  111    0.00    0.00    0.00    0.00    0.00    0.00    0.00    0.00    0.00  100.00
04:06:05 PM  112    0.00    0.00    0.00    0.00    0.00    0.00    0.00    0.00    0.00  100.00
04:06:05 PM  113    0.00    0.00    0.00    0.00    0.00    0.00    0.00    0.00    0.00  100.00
04:06:05 PM  114    0.00    0.00    0.00    0.00    0.00    0.00    0.00    0.00    0.00  100.00
04:06:05 PM  115    0.00    0.00    0.00    0.00    0.00    0.00    0.00    0.00    0.00  100.00
04:06:05 PM  116    0.00    0.00    0.00    0.00    0.00    0.00    0.00    0.00    0.00  100.00
04:06:05 PM  117    0.00    0.00    0.00    0.00    0.00    0.00    0.00    0.00    0.00  100.00
04:06:05 PM  118    0.00    0.00    0.00    0.00    0.00    0.00    0.00    0.00    0.00  100.00
04:06:05 PM  119    0.00    0.00    0.00    0.00    0.00    0.00    0.00    0.00    0.00  100.00
04:06:05 PM  120    0.00    0.00    0.00    0.00    0.00    0.00    0.00    0.00    0.00  100.00
04:06:05 PM  121    0.00    0.00    0.00    0.00    0.00    0.00    0.00    0.00    0.00  100.00
04:06:05 PM  122    0.00    0.00    0.00    0.00    0.00    0.00    0.00    0.00    0.00  100.00
04:06:05 PM  123    0.00    0.00    0.00    0.00    0.00    0.00    0.00    0.00    0.00  100.00
04:06:05 PM  124    0.00    0.00    0.00    0.00    0.00    0.00    0.00    0.00    0.00  100.00
04:06:05 PM  125    0.00    0.00    0.00    0.00    0.00    0.00    0.00    0.00    0.00  100.00
04:06:05 PM  126    0.00    0.00    0.00    0.00    0.00    0.00    0.00    0.00    0.00  100.00
04:06:05 PM  127    0.00    0.00    0.00    0.00    0.00    0.00    0.00    0.00    0.00  100.00
04:06:05 PM  128    0.00    0.00    0.00    0.00    0.00    0.00    0.00    0.00    0.00  100.00
04:06:05 PM  129    0.00    0.00    0.00    0.00    0.00    0.00    0.00    0.00    0.00  100.00
04:06:05 PM  130    0.00    0.00    0.00    0.00    0.00    0.00    0.00    0.00    0.00  100.00
04:06:05 PM  131    0.00    0.00    0.00    0.00    0.00    0.00    0.00    0.00    0.00  100.00
04:06:05 PM  132    0.00    0.00    0.00    0.00    0.00    0.00    0.00    0.00    0.00  100.00
04:06:05 PM  133    0.00    0.00    0.00    0.00    0.00    0.00    0.00    0.00    0.00  100.00
04:06:05 PM  134    0.00    0.00    0.00    0.00    0.00    0.00    0.00    0.00    0.00  100.00
04:06:05 PM  135    0.00    0.00    0.00    0.00    0.00    0.00    0.00    0.00    0.00  100.00
04:06:05 PM  136    0.00    0.00    0.00    0.00    0.00    0.00    0.00    0.00    0.00  100.00
04:06:05 PM  137    0.00    0.00    0.00    0.00    0.00    0.00    0.00    0.00    0.00  100.00
04:06:05 PM  138    0.00    0.00    0.00    0.00    0.00    0.00    0.00    0.00    0.00  100.00
04:06:05 PM  139    0.00    0.00    0.00    0.00    0.00    0.00    0.00    0.00    0.00  100.00
04:06:05 PM  140    0.00    0.00    0.00    0.00    0.00    0.00    0.00    0.00    0.00  100.00
04:06:05 PM  141    0.00    0.00    0.00    0.00    0.00    0.00    0.00    0.00    0.00  100.00
04:06:05 PM  142    0.00    0.00    0.00    0.00    0.00    0.00    0.00    0.00    0.00  100.00
04:06:05 PM  143    0.00    0.00    0.00    0.00    0.00    0.00    0.00    0.00    0.00  100.00
04:06:05 PM  144    0.00    0.00    0.00    0.00    0.00    0.00    0.00    0.00    0.00  100.00
04:06:05 PM  145    0.00    0.00    0.00    0.00    0.00    0.00    0.00    0.00    0.00  100.00
04:06:05 PM  146    0.00    0.00    0.00    0.00    0.00    0.00    0.00    0.00    0.00  100.00
04:06:05 PM  147    0.00    0.00    0.00    0.00    0.00    0.00    0.00    0.00    0.00  100.00
04:06:05 PM  148    0.00    0.00    0.00    0.00    0.00    0.00    0.00    0.00    0.00  100.00
04:06:05 PM  149    0.00    0.00    0.00    0.00    0.00    0.00    0.00    0.00    0.00  100.00
04:06:05 PM  150    0.00    0.00    0.00    0.00    0.00    0.00    0.00    0.00    0.00  100.00
04:06:05 PM  151    0.00    0.00    0.00    0.00    0.00    0.00    0.00    0.00    0.00  100.00
04:06:05 PM  152    0.00    0.00    0.00    0.00    0.00    0.00    0.00    0.00    0.00  100.00
04:06:05 PM  153    0.00    0.00    0.00    0.00    0.00    0.00    0.00    0.00    0.00  100.00
04:06:05 PM  154    0.00    0.00    0.00    0.00    0.00    0.00    0.00    0.00    0.00  100.00
04:06:05 PM  155    0.00    0.00    0.00    0.00    0.00    0.00    0.00    0.00    0.00  100.00
04:06:05 PM  156    0.00    0.00    0.00    0.00    0.00    0.00    0.00    0.00    0.00  100.00
04:06:05 PM  157    0.00    0.00    0.00    0.00    0.00    0.00    0.00    0.00    0.00  100.00
04:06:05 PM  158    0.00    0.00    0.00    0.00    0.00    0.00    0.00    0.00    0.00  100.00
04:06:05 PM  159    0.00    0.00    0.00    0.00    0.00    0.00    0.00    0.00    0.00  100.00
04:06:05 PM  160    0.00    0.00    0.00    0.00    0.00    0.00    0.00    0.00    0.00  100.00
04:06:05 PM  161    0.00    0.00    0.00    0.00    0.00    0.00    0.00    0.00    0.00  100.00
04:06:05 PM  162    0.00    0.00    0.00    0.00    0.00    0.00    0.00    0.00    0.00  100.00
04:06:05 PM  163    0.00    0.00    0.00    0.00    0.00    0.00    0.00    0.00    0.00  100.00
04:06:05 PM  164    0.00    0.00    0.00    0.00    0.00    0.00    0.00    0.00    0.00  100.00
04:06:05 PM  165    0.00    0.00    0.00    0.00    0.00    0.00    0.00    0.00    0.00  100.00
04:06:05 PM  166    0.00    0.00    0.00    0.00    0.00    0.00    0.00    0.00    0.00  100.00
04:06:05 PM  167    0.00    0.00    0.00    0.00    0.00    0.00    0.00    0.00    0.00  100.00
04:06:05 PM  168    0.00    0.00    0.00    0.00    0.00    0.00    0.00    0.00    0.00  100.00
04:06:05 PM  169    0.00    0.00    0.00    0.00    0.00    0.00    0.00    0.00    0.00  100.00
04:06:05 PM  170    0.00    0.00    0.00    0.00    0.00    0.00    0.00    0.00    0.00  100.00
04:06:05 PM  171    0.00    0.00    0.00    0.00    0.00    0.00    0.00    0.00    0.00  100.00
04:06:05 PM  172    0.00    0.00    0.00    0.00    0.00    0.00    0.00    0.00    0.00  100.00
04:06:05 PM  173    0.00    0.00    0.00    0.00    0.00    0.00    0.00    0.00    0.00  100.00
04:06:05 PM  174    0.00    0.00    0.00    0.00    0.00    0.00    0.00    0.00    0.00  100.00
04:06:05 PM  175    0.00    0.00    0.00    0.00    0.00    0.00    0.00    0.00    0.00  100.00
04:06:05 PM  176    0.00    0.00    0.00    0.00    0.00    0.00    0.00    0.00    0.00  100.00
04:06:05 PM  177    0.00    0.00    0.00    0.00    0.00    0.00    0.00    0.00    0.00  100.00
04:06:05 PM  178    0.00    0.00    0.00    0.00    0.00    0.00    0.00    0.00    0.00  100.00
04:06:05 PM  179    0.00    0.00    0.00    0.00    0.00    0.00    0.00    0.00    0.00  100.00
04:06:05 PM  180    0.00    0.00    0.00    0.00    0.00    0.00    0.00    0.00    0.00  100.00
04:06:05 PM  181    0.00    0.00    0.00    0.00    0.00    0.00    0.00    0.00    0.00  100.00
04:06:05 PM  182    0.00    0.00    0.00    0.00    0.00    0.00    0.00    0.00    0.00  100.00
04:06:05 PM  183    0.00    0.00    0.00    0.00    0.00    0.00    0.00    0.00    0.00  100.00
04:06:05 PM  184    0.00    0.00    0.00    0.00    0.00    0.00    0.00    0.00    0.00  100.00
04:06:05 PM  185    0.00    0.00    0.99    0.00    0.00    0.00    0.00    0.00    0.00   99.01
04:06:05 PM  186    2.00    0.00    1.00    0.00    0.00    0.00    0.00    0.00    0.00   97.00
04:06:05 PM  187    0.00    0.00    0.00    0.00    0.00    0.00    0.00    0.00    0.00  100.00
04:06:05 PM  188    0.00    0.00    0.00    0.00    0.00    0.00    0.00    0.00    0.00  100.00
04:06:05 PM  189    0.00    0.00    0.00    0.00    0.00    0.00    0.00    0.00    0.00  100.00
04:06:05 PM  190    9.00    0.00   55.00    0.00    0.00    0.00    0.00    0.00    0.00   36.00
04:06:05 PM  191    0.00    0.00    0.00    0.00    0.00    0.00    0.00    0.00    0.00  100.00
04:06:05 PM  192    0.00    0.00    0.00    0.00    0.00    0.00    0.00    0.00    0.00  100.00
04:06:05 PM  193    0.00    0.00    0.00    0.00    0.00    0.00    0.00    0.00    0.00  100.00
04:06:05 PM  194    0.00    0.00    0.00    0.00    0.00    0.00    0.00    0.00    0.00  100.00
04:06:05 PM  195    0.00    0.00    0.00    0.00    0.00    0.00    0.00    0.00    0.00  100.00
04:06:05 PM  196    0.00    0.00    0.00    0.00    0.00    0.00    0.00    0.00    0.00  100.00
04:06:05 PM  197    0.00    0.00    0.00    0.00    0.00    0.00    0.00    0.00    0.00  100.00
04:06:05 PM  198    0.00    0.00    0.00    0.00    0.00    0.00    0.00    0.00    0.00  100.00
04:06:05 PM  199    0.00    0.00    0.00    0.00    0.00    0.00    0.00    0.00    0.00  100.00
04:06:05 PM  200    0.00    0.00    0.00    0.00    0.00    0.00    0.00    0.00    0.00  100.00
04:06:05 PM  201    0.00    0.00    0.00    0.00    0.00    0.00    0.00    0.00    0.00  100.00
04:06:05 PM  202    0.00    0.00    0.00    0.00    0.00    0.00    0.00    0.00    0.00  100.00
04:06:05 PM  203    0.00    0.00    0.00    0.00    0.00    0.00    0.00    0.00    0.00  100.00
04:06:05 PM  204    0.00    0.00    0.00    0.00    0.00    0.00    0.00    0.00    0.00  100.00
04:06:05 PM  205    0.00    0.00    0.00    0.00    0.00    0.00    0.00    0.00    0.00  100.00
04:06:05 PM  206    0.00    0.00    0.00    0.00    0.00    0.00    0.00    0.00    0.00  100.00
04:06:05 PM  207    0.00    0.00    0.00    0.00    0.00    0.00    0.00    0.00    0.00  100.00
04:06:05 PM  208    0.00    0.00    0.00    0.00    0.00    0.00    0.00    0.00    0.00  100.00
04:06:05 PM  209    0.00    0.00    0.00    0.00    0.00    0.00    0.00    0.00    0.00  100.00
04:06:05 PM  210    0.00    0.00    0.00    0.00    0.00    0.00    0.00    0.00    0.00  100.00
04:06:05 PM  211    0.00    0.00    0.00    0.00    0.00    0.00    0.00    0.00    0.00  100.00
04:06:05 PM  212    0.00    0.00    0.00    0.00    0.00    0.00    0.00    0.00    0.00  100.00
04:06:05 PM  213    0.00    0.00    1.00    0.00    0.00    0.00    0.00    0.00    0.00   99.00
04:06:05 PM  214    0.00    0.00    0.00    0.00    0.00    0.00    0.00    0.00    0.00  100.00
04:06:05 PM  215    0.00    0.00    0.00    0.00    0.00    0.00    0.00    0.00    0.00  100.00
04:06:05 PM  216    0.00    0.00    0.00    0.00    0.00    0.00    0.00    0.00    0.00  100.00
04:06:05 PM  217    0.00    0.00    0.00    0.00    0.00    0.00    0.00    0.00    0.00  100.00
04:06:05 PM  218    0.00    0.00    0.00    0.00    0.00    0.00    0.00    0.00    0.00  100.00
04:06:05 PM  219    0.00    0.00    0.00    0.00    0.00    0.00    0.00    0.00    0.00  100.00
04:06:05 PM  220    0.00    0.00    0.00    0.00    0.00    0.00    0.00    0.00    0.00  100.00
04:06:05 PM  221    0.00    0.00    0.00    0.00    0.00    0.00    0.00    0.00    0.00  100.00
04:06:05 PM  222    0.00    0.00    0.00    0.00    0.00    0.00    0.00    0.00    0.00  100.00
04:06:05 PM  223    0.00    0.00    0.00    0.00    0.00    0.00    0.00    0.00    0.00  100.00
04:06:05 PM  224    0.00    0.00    0.00    0.00    0.00    0.00    0.00    0.00    0.00  100.00
04:06:05 PM  225    0.00    0.00    0.00    0.00    0.00    0.00    0.00    0.00    0.00  100.00
04:06:05 PM  226    0.00    0.00    0.00    0.00    0.00    0.00    0.00    0.00    0.00  100.00
04:06:05 PM  227    0.00    0.00    0.00    0.00    0.00    0.00    0.00    0.00    0.00  100.00
04:06:05 PM  228    0.00    0.00    0.00    0.00    0.00    0.00    0.00    0.00    0.00  100.00
04:06:05 PM  229    0.00    0.00    0.00    0.00    0.00    0.00    0.00    0.00    0.00  100.00
04:06:05 PM  230    0.00    0.00    0.00    0.00    0.00    0.00    0.00    0.00    0.00  100.00
04:06:05 PM  231    0.00    0.00    0.00    0.00    0.00    0.00    0.00    0.00    0.00  100.00
04:06:05 PM  232    0.00    0.00    0.00    0.00    0.00    0.00    0.00    0.00    0.00  100.00
04:06:05 PM  233    0.00    0.00    0.00    0.00    0.00    0.00    0.00    0.00    0.00  100.00
04:06:05 PM  234    0.00    0.00    0.00    0.00    0.00    0.00    0.00    0.00    0.00  100.00
04:06:05 PM  235    0.00    0.00    0.00    0.00    0.00    0.00    0.00    0.00    0.00  100.00
04:06:05 PM  236    0.00    0.00    0.00    0.00    0.00    0.00    0.00    0.00    0.00  100.00
04:06:05 PM  237    0.00    0.00    0.00    0.00    0.00    0.00    0.00    0.00    0.00  100.00
04:06:05 PM  238    0.00    0.00    0.00    0.00    0.00    0.00    0.00    0.00    0.00  100.00
04:06:05 PM  239    0.00    0.00    0.00    0.00    0.00    0.00    0.00    0.00    0.00  100.00
04:06:05 PM  240    0.00    0.00    0.00    0.00    0.00    0.00    0.00    0.00    0.00  100.00
04:06:05 PM  241    0.00    0.00    0.00    0.00    0.00    0.00    0.00    0.00    0.00  100.00
04:06:05 PM  242    0.00    0.00    0.00    0.00    0.00    0.00    0.00    0.00    0.00  100.00
04:06:05 PM  243    0.00    0.00    0.00    0.00    0.00    0.00    0.00    0.00    0.00  100.00
04:06:05 PM  244    0.00    0.00    0.00    0.00    0.00    0.00    0.00    0.00    0.00  100.00
04:06:05 PM  245    0.00    0.00    0.00    0.00    0.00    0.00    0.00    0.00    0.00  100.00
04:06:05 PM  246    0.00    0.00    0.00    0.00    0.00    0.00    0.00    0.00    0.00  100.00
04:06:05 PM  247    0.00    0.00    0.00    0.00    0.00    0.00    0.00    0.00    0.00  100.00
04:06:05 PM  248    0.00    0.00    0.00    0.00    0.00    0.00    0.00    0.00    0.00  100.00
04:06:05 PM  249    0.00    0.00    0.00    0.00    0.00    0.00    0.00    0.00    0.00  100.00
04:06:05 PM  250    0.00    0.00    0.00   20.00    0.00    0.00    0.00    0.00    0.00   80.00
04:06:05 PM  251    0.00    0.00    0.00    0.00    0.00    0.00    0.00    0.00    0.00  100.00
04:06:05 PM  252    0.00    0.00    0.00    0.00    0.00    0.00    0.00    0.00    0.00  100.00
04:06:05 PM  253    0.00    0.00    0.00    0.00    0.00    0.00    0.00    0.00    0.00  100.00
04:06:05 PM  254    0.00    0.00    0.00    0.00    0.00    0.00    0.00    0.00    0.00  100.00
04:06:05 PM  255    0.00    0.00    0.00    0.00    0.00    0.00    0.00    0.00    0.00  100.00

04:06:05 PM  CPU    %usr   %nice    %sys %iowait    %irq   %soft  %steal  %guest  %gnice   %idle
04:06:06 PM  all    0.00    0.00    0.39    0.20    0.00    0.00    0.00    0.00    0.00   99.41
04:06:06 PM    0    0.00    0.00    0.00    0.00    0.00    0.00    0.00    0.00    0.00  100.00
04:06:06 PM    1    0.00    0.00  100.00    0.00    0.00    0.00    0.00    0.00    0.00    0.00
04:06:06 PM    2    0.00    0.00    0.00    0.00    0.00    0.00    0.00    0.00    0.00  100.00
04:06:06 PM    3    0.00    0.00    0.00    0.00    0.00    0.00    0.00    0.00    0.00  100.00
04:06:06 PM    4    0.00    0.00    0.00    0.00    0.00    0.00    0.00    0.00    0.00  100.00
04:06:06 PM    5    0.00    0.00    0.00    0.00    0.00    0.00    0.00    0.00    0.00  100.00
04:06:06 PM    6    0.00    0.00    0.00    0.00    0.00    0.00    0.00    0.00    0.00  100.00
04:06:06 PM    7    0.00    0.00    0.00    0.00    0.00    0.00    0.00    0.00    0.00  100.00
04:06:06 PM    8    0.00    0.00    0.00    0.00    0.00    0.00    0.00    0.00    0.00  100.00
04:06:06 PM    9    0.00    0.00    0.00    0.00    0.00    0.00    0.00    0.00    0.00  100.00
04:06:06 PM   10    0.00    0.00    0.00    0.00    0.00    0.00    0.00    0.00    0.00  100.00
04:06:06 PM   11    0.00    0.00    0.00    0.00    0.00    0.00    0.00    0.00    0.00  100.00
04:06:06 PM   12    0.00    0.00    0.00    0.00    0.00    0.00    0.00    0.00    0.00  100.00
04:06:06 PM   13    0.00    0.00    0.00    0.00    0.00    0.00    0.00    0.00    0.00  100.00
04:06:06 PM   14    0.00    0.00    0.00    0.00    0.00    0.00    0.00    0.00    0.00  100.00
04:06:06 PM   15    0.00    0.00    0.00    0.00    0.00    0.00    0.00    0.00    0.00  100.00
04:06:06 PM   16    0.00    0.00    0.00    0.00    0.00    0.00    0.00    0.00    0.00  100.00
04:06:06 PM   17    0.00    0.00    0.00    0.00    0.00    0.00    0.00    0.00    0.00  100.00
04:06:06 PM   18    0.00    0.00    0.00    0.00    0.00    0.00    0.00    0.00    0.00  100.00
04:06:06 PM   19    0.00    0.00    0.00    0.00    0.00    0.00    0.00    0.00    0.00  100.00
04:06:06 PM   20    0.00    0.00    0.00    0.00    0.00    0.00    0.00    0.00    0.00  100.00
04:06:06 PM   21    0.00    0.00    0.00    0.00    0.00    0.00    0.00    0.00    0.00  100.00
04:06:06 PM   22    0.00    0.00    0.00    0.00    0.00    0.00    0.00    0.00    0.00  100.00
04:06:06 PM   23    0.00    0.00    0.00    0.00    0.00    0.00    0.00    0.00    0.00  100.00
04:06:06 PM   24    0.00    0.00    0.00    0.00    0.00    0.00    0.00    0.00    0.00  100.00
04:06:06 PM   25    0.00    0.00    0.00    0.00    0.00    0.00    0.00    0.00    0.00  100.00
04:06:06 PM   26    0.00    0.00    0.00    0.00    0.00    0.00    0.00    0.00    0.00  100.00
04:06:06 PM   27    0.00    0.00    0.00    0.00    0.00    0.00    0.00    0.00    0.00  100.00
04:06:06 PM   28    0.00    0.00    0.00    0.00    0.00    0.00    0.00    0.00    0.00  100.00
04:06:06 PM   29    0.00    0.00    0.00    0.00    0.00    0.00    0.00    0.00    0.00  100.00
04:06:06 PM   30    0.00    0.00    0.00    0.00    0.00    0.00    0.00    0.00    0.00  100.00
04:06:06 PM   31    0.00    0.00    0.00    0.00    0.00    0.00    0.00    0.00    0.00  100.00
04:06:06 PM   32    0.00    0.00    0.00    0.00    0.00    0.00    0.00    0.00    0.00  100.00
04:06:06 PM   33    0.00    0.00    0.00    0.00    0.00    0.00    0.00    0.00    0.00  100.00
04:06:06 PM   34    0.00    0.00    0.00    0.00    0.00    0.00    0.00    0.00    0.00  100.00
04:06:06 PM   35    0.00    0.00    0.00    0.00    0.00    0.00    0.00    0.00    0.00  100.00
04:06:06 PM   36    0.00    0.00    0.00    0.00    0.00    0.00    0.00    0.00    0.00  100.00
04:06:06 PM   37    0.00    0.00    0.00    0.00    0.00    0.00    0.00    0.00    0.00  100.00
04:06:06 PM   38    0.00    0.00    0.00    0.00    0.00    0.00    0.00    0.00    0.00  100.00
04:06:06 PM   39    0.00    0.00    0.00    0.00    0.00    0.00    0.00    0.00    0.00  100.00
04:06:06 PM   40    0.00    0.00    0.00    0.00    0.00    0.00    0.00    0.00    0.00  100.00
04:06:06 PM   41    0.00    0.00    0.00    0.00    0.00    0.00    0.00    0.00    0.00  100.00
04:06:06 PM   42    0.00    0.00    0.00    0.00    0.00    0.00    0.00    0.00    0.00  100.00
04:06:06 PM   43    0.00    0.00    0.00    0.00    0.00    0.00    0.00    0.00    0.00  100.00
04:06:06 PM   44    0.00    0.00    0.00    0.00    0.00    0.00    0.00    0.00    0.00  100.00
04:06:06 PM   45    0.00    0.00    0.00    0.00    0.00    0.00    0.00    0.00    0.00  100.00
04:06:06 PM   46    0.00    0.00    0.00    0.00    0.00    0.00    0.00    0.00    0.00  100.00
04:06:06 PM   47    0.00    0.00    0.00    0.00    0.00    0.00    0.00    0.00    0.00  100.00
04:06:06 PM   48    0.00    0.00    0.00    0.00    0.00    0.00    0.00    0.00    0.00  100.00
04:06:06 PM   49    0.00    0.00    0.00    0.00    0.00    0.00    0.00    0.00    0.00  100.00
04:06:06 PM   50    0.00    0.00    0.00    0.00    0.00    0.00    0.00    0.00    0.00  100.00
04:06:06 PM   51    0.00    0.00    0.00    0.00    0.00    0.00    0.00    0.00    0.00  100.00
04:06:06 PM   52    0.00    0.00    0.00    0.00    0.00    0.00    0.00    0.00    0.00  100.00
04:06:06 PM   53    0.00    0.00    0.00    0.00    0.00    0.00    0.00    0.00    0.00  100.00
04:06:06 PM   54    0.00    0.00    0.00    0.00    0.00    0.00    0.00    0.00    0.00  100.00
04:06:06 PM   55    0.00    0.00    0.00    0.00    0.00    0.00    0.00    0.00    0.00  100.00
04:06:06 PM   56    0.00    0.00    0.00    0.00    0.00    0.00    0.00    0.00    0.00  100.00
04:06:06 PM   57    0.00    0.00    0.00    0.00    0.00    0.00    0.00    0.00    0.00  100.00
04:06:06 PM   58    0.00    0.00    0.00    0.00    0.00    0.00    0.00    0.00    0.00  100.00
04:06:06 PM   59    0.00    0.00    0.00    0.00    0.00    0.00    0.00    0.00    0.00  100.00
04:06:06 PM   60    0.00    0.00    0.00    0.00    0.00    0.00    0.00    0.00    0.00  100.00
04:06:06 PM   61    0.00    0.00    0.00    0.00    0.00    0.00    0.00    0.00    0.00  100.00
04:06:06 PM   62    0.00    0.00    0.00    0.00    0.00    0.00    0.00    0.00    0.00  100.00
04:06:06 PM   63    0.00    0.00    0.00    0.00    0.00    0.00    0.00    0.00    0.00  100.00
04:06:06 PM   64    0.00    0.00    0.00    0.00    0.00    0.00    0.00    0.00    0.00  100.00
04:06:06 PM   65    0.00    0.00    0.00    0.00    0.00    0.00    0.00    0.00    0.00  100.00
04:06:06 PM   66    0.00    0.00    0.00    0.00    0.00    0.00    0.00    0.00    0.00  100.00
04:06:06 PM   67    0.00    0.00    0.00    0.00    0.00    0.00    0.00    0.00    0.00  100.00
04:06:06 PM   68    0.00    0.00    0.00    0.00    0.00    0.00    0.00    0.00    0.00  100.00
04:06:06 PM   69    0.00    0.00    0.00    0.00    0.00    0.00    0.00    0.00    0.00  100.00
04:06:06 PM   70    0.00    0.00    0.00    0.00    0.00    0.00    0.00    0.00    0.00  100.00
04:06:06 PM   71    0.00    0.00    0.00    0.00    0.00    0.00    0.00    0.00    0.00  100.00
04:06:06 PM   72    0.00    0.00    0.00    0.00    0.00    0.00    0.00    0.00    0.00  100.00
04:06:06 PM   73    0.00    0.00    0.00    0.00    0.00    0.00    0.00    0.00    0.00  100.00
04:06:06 PM   74    0.00    0.00    0.00    0.00    0.00    0.00    0.00    0.00    0.00  100.00
04:06:06 PM   75    0.00    0.00    0.00    0.00    0.00    0.00    0.00    0.00    0.00  100.00
04:06:06 PM   76    0.00    0.00    0.00    0.00    0.00    0.00    0.00    0.00    0.00  100.00
04:06:06 PM   77    0.00    0.00    0.00    0.00    0.00    0.00    0.00    0.00    0.00  100.00
04:06:06 PM   78    0.00    0.00    0.00    0.00    0.00    0.00    0.00    0.00    0.00  100.00
04:06:06 PM   79    0.00    0.00    0.00    0.00    0.00    0.00    0.00    0.00    0.00  100.00
04:06:06 PM   80    0.00    0.00    0.00    0.00    0.00    0.00    0.00    0.00    0.00  100.00
04:06:06 PM   81    0.00    0.00    0.00    0.00    0.00    0.00    0.00    0.00    0.00  100.00
04:06:06 PM   82    0.00    0.00    0.00    0.00    0.00    0.00    0.00    0.00    0.00  100.00
04:06:06 PM   83    0.00    0.00    0.00    0.00    0.00    0.00    0.00    0.00    0.00  100.00
04:06:06 PM   84    0.00    0.00    0.00    0.00    0.00    0.00    0.00    0.00    0.00  100.00
04:06:06 PM   85    0.00    0.00    0.00    0.00    0.00    0.00    0.00    0.00    0.00  100.00
04:06:06 PM   86    0.00    0.00    0.00    0.00    0.00    0.00    0.00    0.00    0.00  100.00
04:06:06 PM   87    0.00    0.00    0.00    0.00    0.00    0.00    0.00    0.00    0.00  100.00
04:06:06 PM   88    0.00    0.00    0.00    0.00    0.00    0.00    0.00    0.00    0.00  100.00
04:06:06 PM   89    0.00    0.00    0.00    0.00    0.00    0.00    0.00    0.00    0.00  100.00
04:06:06 PM   90    0.00    0.00    0.00    0.00    0.00    0.00    0.00    0.00    0.00  100.00
04:06:06 PM   91    0.00    0.00    0.00    0.00    0.00    0.00    0.00    0.00    0.00  100.00
04:06:06 PM   92    0.00    0.00    0.00    0.00    0.00    0.00    0.00    0.00    0.00  100.00
04:06:06 PM   93    0.00    0.00    0.00    0.00    0.00    0.00    0.00    0.00    0.00  100.00
04:06:06 PM   94    0.00    0.00    0.00    0.00    0.00    0.00    0.00    0.00    0.00  100.00
04:06:06 PM   95    0.00    0.00    0.00    0.00    0.00    0.00    0.00    0.00    0.00  100.00
04:06:06 PM   96    0.00    0.00    0.00    0.00    0.00    0.00    0.00    0.00    0.00  100.00
04:06:06 PM   97    0.00    0.00    0.00    0.00    0.00    0.00    0.00    0.00    0.00  100.00
04:06:06 PM   98    0.00    0.00    0.00    0.00    0.00    0.00    0.00    0.00    0.00  100.00
04:06:06 PM   99    0.00    0.00    0.00    0.00    0.00    0.00    0.00    0.00    0.00  100.00
04:06:06 PM  100    0.00    0.00    0.00    0.00    0.00    0.00    0.00    0.00    0.00  100.00
04:06:06 PM  101    0.00    0.00    0.00    0.00    0.00    0.00    0.00    0.00    0.00  100.00
04:06:06 PM  102    0.00    0.00    0.00    0.00    0.00    0.00    0.00    0.00    0.00  100.00
04:06:06 PM  103    0.00    0.00    0.00    0.00    0.00    0.00    0.00    0.00    0.00  100.00
04:06:06 PM  104    0.00    0.00    0.00    0.00    0.00    0.00    0.00    0.00    0.00  100.00
04:06:06 PM  105    0.00    0.00    0.00    0.00    0.00    0.00    0.00    0.00    0.00  100.00
04:06:06 PM  106    0.00    0.00    0.00    0.00    0.00    0.00    0.00    0.00    0.00  100.00
04:06:06 PM  107    0.00    0.00    0.00    0.00    0.00    0.00    0.00    0.00    0.00  100.00
04:06:06 PM  108    0.00    0.00    0.00    0.00    0.00    0.00    0.00    0.00    0.00  100.00
04:06:06 PM  109    0.00    0.00    0.00    0.00    0.00    0.00    0.00    0.00    0.00  100.00
04:06:06 PM  110    0.00    0.00    0.00    0.00    0.00    0.00    0.00    0.00    0.00  100.00
04:06:06 PM  111    0.00    0.00    0.00    0.00    0.00    0.00    0.00    0.00    0.00  100.00
04:06:06 PM  112    0.00    0.00    0.00    0.00    0.00    0.00    0.00    0.00    0.00  100.00
04:06:06 PM  113    0.00    0.00    0.00    0.00    0.00    0.00    0.00    0.00    0.00  100.00
04:06:06 PM  114    0.00    0.00    0.00    0.00    0.00    0.00    0.00    0.00    0.00  100.00
04:06:06 PM  115    0.00    0.00    0.00    0.00    0.00    0.00    0.00    0.00    0.00  100.00
04:06:06 PM  116    0.00    0.00    0.00    0.00    0.00    0.00    0.00    0.00    0.00  100.00
04:06:06 PM  117    0.00    0.00    0.00    0.00    0.00    0.00    0.00    0.00    0.00  100.00
04:06:06 PM  118    0.00    0.00    0.00    0.00    0.00    0.00    0.00    0.00    0.00  100.00
04:06:06 PM  119    0.00    0.00    0.00    0.00    0.00    0.00    0.00    0.00    0.00  100.00
04:06:06 PM  120    0.00    0.00    0.00    0.00    0.00    0.00    0.00    0.00    0.00  100.00
04:06:06 PM  121    0.00    0.00    0.00    0.00    0.00    0.00    0.00    0.00    0.00  100.00
04:06:06 PM  122    0.00    0.00    0.00    0.00    0.00    0.00    0.00    0.00    0.00  100.00
04:06:06 PM  123    0.00    0.00    0.00    0.00    0.00    0.00    0.00    0.00    0.00  100.00
04:06:06 PM  124    0.00    0.00    0.00    0.00    0.00    0.00    0.00    0.00    0.00  100.00
04:06:06 PM  125    0.00    0.00    0.00    0.00    0.00    0.00    0.00    0.00    0.00  100.00
04:06:06 PM  126    0.00    0.00    0.00    0.00    0.00    0.00    0.00    0.00    0.00  100.00
04:06:06 PM  127    0.00    0.00    0.00    0.00    0.00    0.00    0.00    0.00    0.00  100.00
04:06:06 PM  128    0.00    0.00    0.99    0.00    0.00    0.00    0.00    0.00    0.00   99.01
04:06:06 PM  129    0.00    0.00    0.00    0.00    0.00    0.00    0.00    0.00    0.00  100.00
04:06:06 PM  130    0.00    0.00    0.00    0.00    0.00    0.00    0.00    0.00    0.00  100.00
04:06:06 PM  131    0.00    0.00    0.00    0.00    0.00    0.00    0.00    0.00    0.00  100.00
04:06:06 PM  132    0.00    0.00    0.00    0.00    0.00    0.00    0.00    0.00    0.00  100.00
04:06:06 PM  133    0.00    0.00    0.00    0.00    0.00    0.00    0.00    0.00    0.00  100.00
04:06:06 PM  134    0.00    0.00    0.00    0.00    0.00    0.00    0.00    0.00    0.00  100.00
04:06:06 PM  135    0.00    0.00    0.00    0.00    0.00    0.00    0.00    0.00    0.00  100.00
04:06:06 PM  136    0.00    0.00    0.00    0.00    0.00    0.00    0.00    0.00    0.00  100.00
04:06:06 PM  137    0.00    0.00    0.00    0.00    0.00    0.00    0.00    0.00    0.00  100.00
04:06:06 PM  138    0.00    0.00    0.00    0.00    0.00    0.00    0.00    0.00    0.00  100.00
04:06:06 PM  139    0.00    0.00    0.00    0.00    0.00    0.00    0.00    0.00    0.00  100.00
04:06:06 PM  140    0.00    0.00    0.00    0.00    0.00    0.00    0.00    0.00    0.00  100.00
04:06:06 PM  141    0.00    0.00    0.00    0.00    0.00    0.00    0.00    0.00    0.00  100.00
04:06:06 PM  142    0.00    0.00    0.00    0.00    0.00    0.00    0.00    0.00    0.00  100.00
04:06:06 PM  143    0.00    0.00    0.00    0.00    0.00    0.00    0.00    0.00    0.00  100.00
04:06:06 PM  144    0.00    0.00    0.00    0.00    0.00    0.00    0.00    0.00    0.00  100.00
04:06:06 PM  145    0.00    0.00    0.00    0.00    0.00    0.00    0.00    0.00    0.00  100.00
04:06:06 PM  146    0.00    0.00    0.00    0.00    0.00    0.00    0.00    0.00    0.00  100.00
04:06:06 PM  147    0.00    0.00    0.00    0.00    0.00    0.00    0.00    0.00    0.00  100.00
04:06:06 PM  148    0.00    0.00    0.00    0.00    0.00    0.00    0.00    0.00    0.00  100.00
04:06:06 PM  149    0.00    0.00    0.00    0.00    0.00    0.00    0.00    0.00    0.00  100.00
04:06:06 PM  150    0.00    0.00    0.00    0.00    0.00    0.00    0.00    0.00    0.00  100.00
04:06:06 PM  151    0.00    0.00    0.00    0.00    0.00    0.00    0.00    0.00    0.00  100.00
04:06:06 PM  152    0.00    0.00    0.00    0.00    0.00    0.00    0.00    0.00    0.00  100.00
04:06:06 PM  153    0.00    0.00    0.00    0.00    0.00    0.00    0.00    0.00    0.00  100.00
04:06:06 PM  154    0.00    0.00    0.00    0.00    0.00    0.00    0.00    0.00    0.00  100.00
04:06:06 PM  155    0.00    0.00    0.00    0.00    0.00    0.00    0.00    0.00    0.00  100.00
04:06:06 PM  156    0.00    0.00    0.00    0.00    0.00    0.00    0.00    0.00    0.00  100.00
04:06:06 PM  157    0.00    0.00    0.00    0.00    0.00    0.00    0.00    0.00    0.00  100.00
04:06:06 PM  158    0.00    0.00    0.00    0.00    0.00    0.00    0.00    0.00    0.00  100.00
04:06:06 PM  159    0.00    0.00    0.00    0.00    0.00    0.00    0.00    0.00    0.00  100.00
04:06:06 PM  160    0.00    0.00    0.00    0.00    0.00    0.00    0.00    0.00    0.00  100.00
04:06:06 PM  161    0.00    0.00    0.00    0.00    0.00    0.00    0.00    0.00    0.00  100.00
04:06:06 PM  162    0.00    0.00    0.00    0.00    0.00    0.00    0.00    0.00    0.00  100.00
04:06:06 PM  163    0.00    0.00    0.00    0.00    0.00    0.00    0.00    0.00    0.00  100.00
04:06:06 PM  164    0.00    0.00    0.00    0.00    0.00    0.00    0.00    0.00    0.00  100.00
04:06:06 PM  165    0.00    0.00    0.00    0.00    0.00    0.00    0.00    0.00    0.00  100.00
04:06:06 PM  166    0.00    0.00    0.00    0.00    0.00    0.00    0.00    0.00    0.00  100.00
04:06:06 PM  167    0.00    0.00    0.00    0.00    0.00    0.00    0.00    0.00    0.00  100.00
04:06:06 PM  168    0.00    0.00    0.00    0.00    0.00    0.00    0.00    0.00    0.00  100.00
04:06:06 PM  169    0.00    0.00    0.00    0.00    0.00    0.00    0.00    0.00    0.00  100.00
04:06:06 PM  170    0.00    0.00    0.00    0.00    0.00    0.00    0.00    0.00    0.00  100.00
04:06:06 PM  171    0.00    0.00    0.00    0.00    0.00    0.00    0.00    0.00    0.00  100.00
04:06:06 PM  172    0.00    0.00    0.00    0.00    0.00    0.00    0.00    0.00    0.00  100.00
04:06:06 PM  173    0.00    0.00    0.00    0.00    0.00    0.00    0.00    0.00    0.00  100.00
04:06:06 PM  174    0.00    0.00    0.00    0.00    0.00    0.00    0.00    0.00    0.00  100.00
04:06:06 PM  175    0.00    0.00    0.00    0.00    0.00    0.00    0.00    0.00    0.00  100.00
04:06:06 PM  176    0.00    0.00    0.00    0.00    0.00    0.00    0.00    0.00    0.00  100.00
04:06:06 PM  177    0.00    0.00    0.00    0.00    0.00    0.00    0.00    0.00    0.00  100.00
04:06:06 PM  178    0.00    0.00    0.00    0.00    0.00    0.00    0.00    0.00    0.00  100.00
04:06:06 PM  179    0.00    0.00    0.00    0.00    0.00    0.00    0.00    0.00    0.00  100.00
04:06:06 PM  180    0.00    0.00    0.00    0.00    0.00    0.00    0.00    0.00    0.00  100.00
04:06:06 PM  181    0.00    0.00    0.00    0.00    0.00    0.00    0.00    0.00    0.00  100.00
04:06:06 PM  182    0.00    0.00    0.00    0.00    0.00    0.00    0.00    0.00    0.00  100.00
04:06:06 PM  183    0.00    0.00    0.00    0.00    0.00    0.00    0.00    0.00    0.00  100.00
04:06:06 PM  184    0.00    0.00    0.00    0.00    0.00    0.00    0.00    0.00    0.00  100.00
04:06:06 PM  185    0.00    0.00    0.00    0.00    0.00    0.00    0.00    0.00    0.00  100.00
04:06:06 PM  186    0.00    0.00    0.00    0.00    0.00    0.00    0.00    0.00    0.00  100.00
04:06:06 PM  187    0.00    0.00    0.00    0.00    0.00    0.00    0.00    0.00    0.00  100.00
04:06:06 PM  188    0.00    0.00    0.00    0.00    0.00    0.00    0.00    0.00    0.00  100.00
04:06:06 PM  189    0.00    0.00    0.00    0.00    0.00    0.00    0.00    0.00    0.00  100.00
04:06:06 PM  190    0.00    0.00    0.00    0.00    0.00    0.00    0.00    0.00    0.00  100.00
04:06:06 PM  191    0.00    0.00    0.00    0.00    0.00    0.00    0.00    0.00    0.00  100.00
04:06:06 PM  192    0.00    0.00    0.00    0.00    0.00    0.00    0.00    0.00    0.00  100.00
04:06:06 PM  193    0.00    0.00    0.00    0.00    0.00    0.00    0.00    0.00    0.00  100.00
04:06:06 PM  194    0.00    0.00    0.00    0.00    0.00    0.00    0.00    0.00    0.00  100.00
04:06:06 PM  195    0.00    0.00    0.00    0.00    0.00    0.00    0.00    0.00    0.00  100.00
04:06:06 PM  196    0.00    0.00    0.00    0.00    0.00    0.00    0.00    0.00    0.00  100.00
04:06:06 PM  197    0.00    0.00    0.00    0.00    0.00    0.00    0.00    0.00    0.00  100.00
04:06:06 PM  198    0.00    0.00    0.00    0.00    0.00    0.00    0.00    0.00    0.00  100.00
04:06:06 PM  199    0.00    0.00    0.00    0.00    0.00    0.00    0.00    0.00    0.00  100.00
04:06:06 PM  200    0.00    0.00    0.00    0.00    0.00    0.00    0.00    0.00    0.00  100.00
04:06:06 PM  201    0.00    0.00    0.00    0.00    0.00    0.00    0.00    0.00    0.00  100.00
04:06:06 PM  202    0.00    0.00    0.00    0.00    0.00    0.00    0.00    0.00    0.00  100.00
04:06:06 PM  203    0.00    0.00    0.00    0.00    0.00    0.00    0.00    0.00    0.00  100.00
04:06:06 PM  204    0.00    0.00    0.00    0.00    0.00    0.00    0.00    0.00    0.00  100.00
04:06:06 PM  205    0.00    0.00    0.00    0.00    0.00    0.00    0.00    0.00    0.00  100.00
04:06:06 PM  206    0.00    0.00    0.00    0.00    0.00    0.00    0.00    0.00    0.00  100.00
04:06:06 PM  207    0.00    0.00    0.00    0.00    0.00    0.00    0.00    0.00    0.00  100.00
04:06:06 PM  208    0.00    0.00    0.00    0.00    0.00    0.00    0.00    0.00    0.00  100.00
04:06:06 PM  209    0.00    0.00    0.00    0.00    0.00    0.00    0.00    0.00    0.00  100.00
04:06:06 PM  210    0.00    0.00    0.00    0.00    0.00    0.00    0.00    0.00    0.00  100.00
04:06:06 PM  211    0.00    0.00    0.00    0.00    0.00    0.00    0.00    0.00    0.00  100.00
04:06:06 PM  212    0.00    0.00    0.00    0.00    0.00    0.00    0.00    0.00    0.00  100.00
04:06:06 PM  213    0.00    0.00    0.00    0.00    0.00    0.00    0.00    0.00    0.00  100.00
04:06:06 PM  214    0.00    0.00    0.00    0.00    0.00    0.00    0.00    0.00    0.00  100.00
04:06:06 PM  215    0.00    0.00    0.00    0.00    0.00    0.00    0.00    0.00    0.00  100.00
04:06:06 PM  216    0.00    0.00    0.00    0.00    0.00    0.00    0.00    0.00    0.00  100.00
04:06:06 PM  217    0.00    0.00    0.00    0.00    0.00    0.00    0.00    0.00    0.00  100.00
04:06:06 PM  218    0.00    0.00    0.00    0.00    0.00    0.00    0.00    0.00    0.00  100.00
04:06:06 PM  219    0.00    0.00    0.00    0.00    0.00    0.00    0.00    0.00    0.00  100.00
04:06:06 PM  220    0.00    0.00    0.00    0.00    0.00    0.00    0.00    0.00    0.00  100.00
04:06:06 PM  221    0.00    0.00    0.00    0.00    0.00    0.00    0.00    0.00    0.00  100.00
04:06:06 PM  222    0.00    0.00    0.00    0.00    0.00    0.00    0.00    0.00    0.00  100.00
04:06:06 PM  223    0.00    0.00    0.00    0.00    0.00    0.00    0.00    0.00    0.00  100.00
04:06:06 PM  224    0.00    0.00    0.00    0.00    0.00    0.00    0.00    0.00    0.00  100.00
04:06:06 PM  225    0.00    0.00    0.00    0.00    0.00    0.00    0.00    0.00    0.00  100.00
04:06:06 PM  226    0.00    0.00    0.00    0.00    0.00    0.00    0.00    0.00    0.00  100.00
04:06:06 PM  227    0.00    0.00    0.00    0.00    0.00    0.00    0.00    0.00    0.00  100.00
04:06:06 PM  228    0.00    0.00    0.00    0.00    0.00    0.00    0.00    0.00    0.00  100.00
04:06:06 PM  229    0.00    0.00    0.00    0.00    0.00    0.00    0.00    0.00    0.00  100.00
04:06:06 PM  230    0.00    0.00    0.00    0.00    0.00    0.00    0.00    0.00    0.00  100.00
04:06:06 PM  231    0.00    0.00    0.00    0.00    0.00    0.00    0.00    0.00    0.00  100.00
04:06:06 PM  232    0.00    0.00    0.00    0.00    0.00    0.00    0.00    0.00    0.00  100.00
04:06:06 PM  233    0.00    0.00    0.00    0.00    0.00    0.00    0.00    0.00    0.00  100.00
04:06:06 PM  234    0.00    0.00    0.00    0.00    0.00    0.00    0.00    0.00    0.00  100.00
04:06:06 PM  235    0.00    0.00    0.00    0.00    0.00    0.00    0.00    0.00    0.00  100.00
04:06:06 PM  236    0.00    0.00    0.00    0.00    0.00    0.00    0.00    0.00    0.00  100.00
04:06:06 PM  237    0.00    0.00    0.00    0.00    0.00    0.00    0.00    0.00    0.00  100.00
04:06:06 PM  238    0.00    0.00    0.00    0.00    0.00    0.00    0.00    0.00    0.00  100.00
04:06:06 PM  239    0.00    0.00    0.00    0.00    0.00    0.00    0.00    0.00    0.00  100.00
04:06:06 PM  240    0.00    0.00    0.00    0.00    0.00    0.00    0.00    0.00    0.00  100.00
04:06:06 PM  241    0.00    0.00    0.00    0.00    0.00    0.00    0.00    0.00    0.00  100.00
04:06:06 PM  242    0.00    0.00    0.00    0.00    0.00    0.00    0.00    0.00    0.00  100.00
04:06:06 PM  243    0.00    0.00    0.00    0.00    0.00    0.00    0.00    0.00    0.00  100.00
04:06:06 PM  244    0.00    0.00    0.00    0.00    0.00    0.00    0.00    0.00    0.00  100.00
04:06:06 PM  245    0.00    0.00    0.00    0.00    0.00    0.00    0.00    0.00    0.00  100.00
04:06:06 PM  246    0.00    0.00    0.00    0.00    0.00    0.00    0.00    0.00    0.00  100.00
04:06:06 PM  247    0.00    0.00    0.00    0.00    0.00    0.00    0.00    0.00    0.00  100.00
04:06:06 PM  248    0.00    0.00    0.00    0.00    0.00    0.00    0.00    0.00    0.00  100.00
04:06:06 PM  249    0.00    0.00    0.00    0.00    0.00    0.00    0.00    0.00    0.00  100.00
04:06:06 PM  250    0.00    0.00    0.00   50.00    0.00    0.00    0.00    0.00    0.00   50.00
04:06:06 PM  251    0.00    0.00    0.00    0.00    0.00    0.00    0.00    0.00    0.00  100.00
04:06:06 PM  252    0.00    0.00    0.00    0.00    0.00    0.00    0.00    0.00    0.00  100.00
04:06:06 PM  253    0.00    0.00    0.00    0.00    0.00    0.00    0.00    0.00    0.00  100.00
04:06:06 PM  254    0.00    0.00    0.00    0.00    0.00    0.00    0.00    0.00    0.00  100.00
04:06:06 PM  255    0.00    0.00    0.00    0.00    0.00    0.00    0.00    0.00    0.00  100.00

04:06:06 PM  CPU    %usr   %nice    %sys %iowait    %irq   %soft  %steal  %guest  %gnice   %idle
04:06:07 PM  all    0.00    0.00    0.40    0.00    0.00    0.00    0.00    0.00    0.00   99.60
04:06:07 PM    0    0.00    0.00    0.00    0.00    0.00    0.00    0.00    0.00    0.00  100.00
04:06:07 PM    1    0.00    0.00  100.00    0.00    0.00    0.00    0.00    0.00    0.00    0.00
04:06:07 PM    2    0.00    0.00    0.00    0.00    0.00    0.00    0.00    0.00    0.00  100.00
04:06:07 PM    3    0.00    0.00    0.00    0.00    0.00    0.00    0.00    0.00    0.00  100.00
04:06:07 PM    4    0.00    0.00    0.00    0.00    0.00    0.00    0.00    0.00    0.00  100.00
04:06:07 PM    5    0.00    0.00    0.00    0.00    0.00    0.00    0.00    0.00    0.00  100.00
04:06:07 PM    6    0.00    0.00    0.00    0.00    0.00    0.00    0.00    0.00    0.00  100.00
04:06:07 PM    7    0.00    0.00    0.00    0.00    0.00    0.00    0.00    0.00    0.00  100.00
04:06:07 PM    8    0.00    0.00    0.00    0.00    0.00    0.00    0.00    0.00    0.00  100.00
04:06:07 PM    9    0.00    0.00    0.00    0.00    0.00    0.00    0.00    0.00    0.00  100.00
04:06:07 PM   10    0.00    0.00    0.00    0.00    0.00    0.00    0.00    0.00    0.00  100.00
04:06:07 PM   11    0.00    0.00    0.00    0.00    0.00    0.00    0.00    0.00    0.00  100.00
04:06:07 PM   12    0.00    0.00    0.00    0.00    0.00    0.00    0.00    0.00    0.00  100.00
04:06:07 PM   13    0.00    0.00    0.00    0.00    0.00    0.00    0.00    0.00    0.00  100.00
04:06:07 PM   14    0.00    0.00    0.00    0.00    0.00    0.00    0.00    0.00    0.00  100.00
04:06:07 PM   15    0.00    0.00    0.00    0.00    0.00    0.00    0.00    0.00    0.00  100.00
04:06:07 PM   16    0.00    0.00    0.00    0.00    0.00    0.00    0.00    0.00    0.00  100.00
04:06:07 PM   17    0.00    0.00    0.00    0.00    0.00    0.00    0.00    0.00    0.00  100.00
04:06:07 PM   18    0.00    0.00    0.00    0.00    0.00    0.00    0.00    0.00    0.00  100.00
04:06:07 PM   19    0.00    0.00    0.00    0.00    0.00    0.00    0.00    0.00    0.00  100.00
04:06:07 PM   20    0.00    0.00    0.00    0.00    0.00    0.00    0.00    0.00    0.00  100.00
04:06:07 PM   21    0.00    0.00    0.00    0.00    0.00    0.00    0.00    0.00    0.00  100.00
04:06:07 PM   22    0.00    0.00    0.00    0.00    0.00    0.00    0.00    0.00    0.00  100.00
04:06:07 PM   23    0.00    0.00    0.00    0.00    0.00    0.00    0.00    0.00    0.00  100.00
04:06:07 PM   24    0.00    0.00    0.00    0.00    0.00    0.00    0.00    0.00    0.00  100.00
04:06:07 PM   25    0.00    0.00    0.00    0.00    0.00    0.00    0.00    0.00    0.00  100.00
04:06:07 PM   26    0.00    0.00    0.00    0.00    0.00    0.00    0.00    0.00    0.00  100.00
04:06:07 PM   27    0.00    0.00    0.00    0.00    0.00    0.00    0.00    0.00    0.00  100.00
04:06:07 PM   28    0.00    0.00    0.00    0.00    0.00    0.00    0.00    0.00    0.00  100.00
04:06:07 PM   29    0.00    0.00    0.00    0.00    0.00    0.00    0.00    0.00    0.00  100.00
04:06:07 PM   30    0.00    0.00    0.00    0.00    0.00    0.00    0.00    0.00    0.00  100.00
04:06:07 PM   31    0.00    0.00    0.00    0.00    0.00    0.00    0.00    0.00    0.00  100.00
04:06:07 PM   32    0.00    0.00    0.00    0.00    0.00    0.00    0.00    0.00    0.00  100.00
04:06:07 PM   33    0.00    0.00    0.00    0.00    0.00    0.00    0.00    0.00    0.00  100.00
04:06:07 PM   34    0.00    0.00    0.00    0.00    0.00    0.00    0.00    0.00    0.00  100.00
04:06:07 PM   35    0.00    0.00    0.00    0.00    0.00    0.00    0.00    0.00    0.00  100.00
04:06:07 PM   36    0.00    0.00    0.00    0.00    0.00    0.00    0.00    0.00    0.00  100.00
04:06:07 PM   37    0.00    0.00    0.00    0.00    0.00    0.00    0.00    0.00    0.00  100.00
04:06:07 PM   38    0.00    0.00    0.00    0.00    0.00    0.00    0.00    0.00    0.00  100.00
04:06:07 PM   39    0.00    0.00    0.00    0.00    0.00    0.00    0.00    0.00    0.00  100.00
04:06:07 PM   40    0.00    0.00    0.00    0.00    0.00    0.00    0.00    0.00    0.00  100.00
04:06:07 PM   41    0.00    0.00    0.00    0.00    0.00    0.00    0.00    0.00    0.00  100.00
04:06:07 PM   42    0.00    0.00    0.00    0.00    0.00    0.00    0.00    0.00    0.00  100.00
04:06:07 PM   43    0.00    0.00    0.00    0.00    0.00    0.00    0.00    0.00    0.00  100.00
04:06:07 PM   44    0.00    0.00    0.00    0.00    0.00    0.00    0.00    0.00    0.00  100.00
04:06:07 PM   45    0.00    0.00    0.00    0.00    0.00    0.00    0.00    0.00    0.00  100.00
04:06:07 PM   46    0.00    0.00    0.00    0.00    0.00    0.00    0.00    0.00    0.00  100.00
04:06:07 PM   47    0.00    0.00    0.00    0.00    0.00    0.00    0.00    0.00    0.00  100.00
04:06:07 PM   48    0.00    0.00    0.00    0.00    0.00    0.00    0.00    0.00    0.00  100.00
04:06:07 PM   49    0.00    0.00    0.00    0.00    0.00    0.00    0.00    0.00    0.00  100.00
04:06:07 PM   50    0.00    0.00    0.00    0.00    0.00    0.00    0.00    0.00    0.00  100.00
04:06:07 PM   51    0.00    0.00    0.00    0.00    0.00    0.00    0.00    0.00    0.00  100.00
04:06:07 PM   52    0.00    0.00    0.00    0.00    0.00    0.00    0.00    0.00    0.00  100.00
04:06:07 PM   53    0.00    0.00    0.00    0.00    0.00    0.00    0.00    0.00    0.00  100.00
04:06:07 PM   54    0.00    0.00    0.00    0.00    0.00    0.00    0.00    0.00    0.00  100.00
04:06:07 PM   55    0.00    0.00    0.00    0.00    0.00    0.00    0.00    0.00    0.00  100.00
04:06:07 PM   56    0.00    0.00    0.00    0.00    0.00    0.00    0.00    0.00    0.00  100.00
04:06:07 PM   57    0.00    0.00    0.00    0.00    0.00    0.00    0.00    0.00    0.00  100.00
04:06:07 PM   58    0.00    0.00    0.00    0.00    0.00    0.00    0.00    0.00    0.00  100.00
04:06:07 PM   59    0.00    0.00    0.00    0.00    0.00    0.00    0.00    0.00    0.00  100.00
04:06:07 PM   60    0.00    0.00    0.00    0.00    0.00    0.00    0.00    0.00    0.00  100.00
04:06:07 PM   61    0.00    0.00    0.00    0.00    0.00    0.00    0.00    0.00    0.00  100.00
04:06:07 PM   62    0.00    0.00    0.00    0.00    0.00    0.00    0.00    0.00    0.00  100.00
04:06:07 PM   63    0.00    0.00    0.00    0.00    0.00    0.00    0.00    0.00    0.00  100.00
04:06:07 PM   64    0.00    0.00    0.00    0.00    0.00    0.00    0.00    0.00    0.00  100.00
04:06:07 PM   65    0.00    0.00    0.00    0.00    0.00    0.00    0.00    0.00    0.00  100.00
04:06:07 PM   66    0.00    0.00    0.00    0.00    0.00    0.00    0.00    0.00    0.00  100.00
04:06:07 PM   67    0.00    0.00    0.00    0.00    0.00    0.00    0.00    0.00    0.00  100.00
04:06:07 PM   68    0.00    0.00    0.00    0.00    0.00    0.00    0.00    0.00    0.00  100.00
04:06:07 PM   69    0.00    0.00    0.00    0.00    0.00    0.00    0.00    0.00    0.00  100.00
04:06:07 PM   70    0.00    0.00    0.00    0.00    0.00    0.00    0.00    0.00    0.00  100.00
04:06:07 PM   71    0.00    0.00    0.00    0.00    0.00    0.00    0.00    0.00    0.00  100.00
04:06:07 PM   72    0.00    0.00    0.00    0.00    0.00    0.00    0.00    0.00    0.00  100.00
04:06:07 PM   73    0.00    0.00    0.00    0.00    0.00    0.00    0.00    0.00    0.00  100.00
04:06:07 PM   74    0.00    0.00    0.00    0.00    0.00    0.00    0.00    0.00    0.00  100.00
04:06:07 PM   75    0.00    0.00    0.00    0.00    0.00    0.00    0.00    0.00    0.00  100.00
04:06:07 PM   76    0.00    0.00    0.00    0.00    0.00    0.00    0.00    0.00    0.00  100.00
04:06:07 PM   77    0.00    0.00    0.00    0.00    0.00    0.00    0.00    0.00    0.00  100.00
04:06:07 PM   78    0.00    0.00    0.00    0.00    0.00    0.00    0.00    0.00    0.00  100.00
04:06:07 PM   79    0.00    0.00    0.00    0.00    0.00    0.00    0.00    0.00    0.00  100.00
04:06:07 PM   80    0.00    0.00    0.00    0.00    0.00    0.00    0.00    0.00    0.00  100.00
04:06:07 PM   81    0.00    0.00    0.00    0.00    0.00    0.00    0.00    0.00    0.00  100.00
04:06:07 PM   82    0.00    0.00    0.00    0.00    0.00    0.00    0.00    0.00    0.00  100.00
04:06:07 PM   83    0.00    0.00    0.00    0.00    0.00    0.00    0.00    0.00    0.00  100.00
04:06:07 PM   84    0.00    0.00    0.00    0.00    0.00    0.00    0.00    0.00    0.00  100.00
04:06:07 PM   85    0.00    0.00    0.00    0.00    0.00    0.00    0.00    0.00    0.00  100.00
04:06:07 PM   86    0.00    0.00    0.00    0.00    0.00    0.00    0.00    0.00    0.00  100.00
04:06:07 PM   87    0.00    0.00    0.00    0.00    0.00    0.00    0.00    0.00    0.00  100.00
04:06:07 PM   88    0.00    0.00    0.00    0.00    0.00    0.00    0.00    0.00    0.00  100.00
04:06:07 PM   89    0.00    0.00    0.00    0.00    0.00    0.00    0.00    0.00    0.00  100.00
04:06:07 PM   90    0.00    0.00    0.00    0.00    0.00    0.00    0.00    0.00    0.00  100.00
04:06:07 PM   91    0.00    0.00    0.00    0.00    0.00    0.00    0.00    0.00    0.00  100.00
04:06:07 PM   92    0.00    0.00    0.00    0.00    0.00    0.00    0.00    0.00    0.00  100.00
04:06:07 PM   93    0.00    0.00    0.00    0.00    0.00    0.00    0.00    0.00    0.00  100.00
04:06:07 PM   94    0.00    0.00    0.00    0.00    0.00    0.00    0.00    0.00    0.00  100.00
04:06:07 PM   95    0.00    0.00    0.00    0.00    0.00    0.00    0.00    0.00    0.00  100.00
04:06:07 PM   96    0.00    0.00    0.00    0.00    0.00    0.00    0.00    0.00    0.00  100.00
04:06:07 PM   97    0.00    0.00    0.00    0.00    0.00    0.00    0.00    0.00    0.00  100.00
04:06:07 PM   98    0.00    0.00    0.00    0.00    0.00    0.00    0.00    0.00    0.00  100.00
04:06:07 PM   99    0.00    0.00    0.00    0.00    0.00    0.00    0.00    0.00    0.00  100.00
04:06:07 PM  100    0.00    0.00    0.00    0.00    0.00    0.00    0.00    0.00    0.00  100.00
04:06:07 PM  101    0.00    0.00    0.00    0.00    0.00    0.00    0.00    0.00    0.00  100.00
04:06:07 PM  102    0.00    0.00    0.00    0.00    0.00    0.00    0.00    0.00    0.00  100.00
04:06:07 PM  103    0.00    0.00    0.00    0.00    0.00    0.00    0.00    0.00    0.00  100.00
04:06:07 PM  104    0.00    0.00    0.00    0.00    0.00    0.00    0.00    0.00    0.00  100.00
04:06:07 PM  105    0.00    0.00    0.00    0.00    0.00    0.00    0.00    0.00    0.00  100.00
04:06:07 PM  106    0.00    0.00    0.00    0.00    0.00    0.00    0.00    0.00    0.00  100.00
04:06:07 PM  107    0.00    0.00    0.00    0.00    0.00    0.00    0.00    0.00    0.00  100.00
04:06:07 PM  108    0.00    0.00    0.00    0.00    0.00    0.00    0.00    0.00    0.00  100.00
04:06:07 PM  109    0.00    0.00    0.00    0.00    0.00    0.00    0.00    0.00    0.00  100.00
04:06:07 PM  110    0.00    0.00    0.00    0.00    0.00    0.00    0.00    0.00    0.00  100.00
04:06:07 PM  111    0.00    0.00    0.00    0.00    0.00    0.00    0.00    0.00    0.00  100.00
04:06:07 PM  112    0.00    0.00    0.00    0.00    0.00    0.00    0.00    0.00    0.00  100.00
04:06:07 PM  113    0.00    0.00    0.00    0.00    0.00    0.00    0.00    0.00    0.00  100.00
04:06:07 PM  114    0.00    0.00    0.00    0.00    0.00    0.00    0.00    0.00    0.00  100.00
04:06:07 PM  115    0.00    0.00    0.00    0.00    0.00    0.00    0.00    0.00    0.00  100.00
04:06:07 PM  116    0.00    0.00    0.00    0.00    0.00    0.00    0.00    0.00    0.00  100.00
04:06:07 PM  117    0.00    0.00    0.00    0.00    0.00    0.00    0.00    0.00    0.00  100.00
04:06:07 PM  118    0.00    0.00    0.00    0.00    0.00    0.00    0.00    0.00    0.00  100.00
04:06:07 PM  119    0.00    0.00    0.00    0.00    0.00    0.00    0.00    0.00    0.00  100.00
04:06:07 PM  120    0.00    0.00    0.00    0.00    0.00    0.00    0.00    0.00    0.00  100.00
04:06:07 PM  121    0.00    0.00    0.00    0.00    0.00    0.00    0.00    0.00    0.00  100.00
04:06:07 PM  122    0.00    0.00    0.00    0.00    0.00    0.00    0.00    0.00    0.00  100.00
04:06:07 PM  123    0.00    0.00    0.00    0.00    0.00    0.00    0.00    0.00    0.00  100.00
04:06:07 PM  124    0.00    0.00    0.00    0.00    0.00    0.00    0.00    0.00    0.00  100.00
04:06:07 PM  125    0.00    0.00    0.00    0.00    0.00    0.00    0.00    0.00    0.00  100.00
04:06:07 PM  126    0.00    0.00    0.00    0.00    0.00    0.00    0.00    0.00    0.00  100.00
04:06:07 PM  127    0.00    0.00    0.00    0.00    0.00    0.00    0.00    0.00    0.00  100.00
04:06:07 PM  128    0.00    0.00    0.00    0.00    0.00    0.00    0.00    0.00    0.00  100.00
04:06:07 PM  129    0.00    0.00    0.00    0.00    0.00    0.00    0.00    0.00    0.00  100.00
04:06:07 PM  130    0.00    0.00    0.00    0.00    0.00    0.00    0.00    0.00    0.00  100.00
04:06:07 PM  131    0.00    0.00    0.00    0.00    0.00    0.00    0.00    0.00    0.00  100.00
04:06:07 PM  132    0.00    0.00    0.00    0.00    0.00    0.00    0.00    0.00    0.00  100.00
04:06:07 PM  133    0.00    0.00    0.00    0.00    0.00    0.00    0.00    0.00    0.00  100.00
04:06:07 PM  134    0.00    0.00    0.00    0.00    0.00    0.00    0.00    0.00    0.00  100.00
04:06:07 PM  135    0.00    0.00    0.00    0.00    0.00    0.00    0.00    0.00    0.00  100.00
04:06:07 PM  136    0.00    0.00    0.00    0.00    0.00    0.00    0.00    0.00    0.00  100.00
04:06:07 PM  137    0.00    0.00    0.00    0.00    0.00    0.00    0.00    0.00    0.00  100.00
04:06:07 PM  138    0.00    0.00    0.00    0.00    0.00    0.00    0.00    0.00    0.00  100.00
04:06:07 PM  139    0.00    0.00    0.00    0.00    0.00    0.00    0.00    0.00    0.00  100.00
04:06:07 PM  140    0.00    0.00    0.00    0.00    0.00    0.00    0.00    0.00    0.00  100.00
04:06:07 PM  141    0.00    0.00    0.00    0.00    0.00    0.00    0.00    0.00    0.00  100.00
04:06:07 PM  142    0.00    0.00    0.00    0.00    0.00    0.00    0.00    0.00    0.00  100.00
04:06:07 PM  143    0.00    0.00    0.00    0.00    0.00    0.00    0.00    0.00    0.00  100.00
04:06:07 PM  144    0.00    0.00    0.00    0.00    0.00    0.00    0.00    0.00    0.00  100.00
04:06:07 PM  145    0.00    0.00    0.00    0.00    0.00    0.00    0.00    0.00    0.00  100.00
04:06:07 PM  146    0.00    0.00    0.00    0.00    0.00    0.00    0.00    0.00    0.00  100.00
04:06:07 PM  147    0.00    0.00    0.00    0.00    0.00    0.00    0.00    0.00    0.00  100.00
04:06:07 PM  148    0.00    0.00    0.00    0.00    0.00    0.00    0.00    0.00    0.00  100.00
04:06:07 PM  149    0.00    0.00    0.00    0.00    0.00    0.00    0.00    0.00    0.00  100.00
04:06:07 PM  150    0.00    0.00    0.00    0.00    0.00    0.00    0.00    0.00    0.00  100.00
04:06:07 PM  151    0.00    0.00    0.00    0.00    0.00    0.00    0.00    0.00    0.00  100.00
04:06:07 PM  152    0.00    0.00    0.00    0.00    0.00    0.00    0.00    0.00    0.00  100.00
04:06:07 PM  153    0.00    0.00    0.00    0.00    0.00    0.00    0.00    0.00    0.00  100.00
04:06:07 PM  154    0.00    0.00    0.00    0.00    0.00    0.00    0.00    0.00    0.00  100.00
04:06:07 PM  155    0.00    0.00    0.00    0.00    0.00    0.00    0.00    0.00    0.00  100.00
04:06:07 PM  156    0.00    0.00    0.00    0.00    0.00    0.00    0.00    0.00    0.00  100.00
04:06:07 PM  157    0.00    0.00    0.00    0.00    0.00    0.00    0.00    0.00    0.00  100.00
04:06:07 PM  158    0.00    0.00    0.00    0.00    0.00    0.00    0.00    0.00    0.00  100.00
04:06:07 PM  159    0.00    0.00    0.00    0.00    0.00    0.00    0.00    0.00    0.00  100.00
04:06:07 PM  160    0.00    0.00    0.00    0.00    0.00    0.00    0.00    0.00    0.00  100.00
04:06:07 PM  161    0.00    0.00    0.00    0.00    0.00    0.00    0.00    0.00    0.00  100.00
04:06:07 PM  162    0.00    0.00    0.00    0.00    0.00    0.00    0.00    0.00    0.00  100.00
04:06:07 PM  163    0.00    0.00    0.00    0.00    0.00    0.00    0.00    0.00    0.00  100.00
04:06:07 PM  164    0.00    0.00    0.00    0.00    0.00    0.00    0.00    0.00    0.00  100.00
04:06:07 PM  165    0.00    0.00    0.00    0.00    0.00    0.00    0.00    0.00    0.00  100.00
04:06:07 PM  166    0.00    0.00    0.00    0.00    0.00    0.00    0.00    0.00    0.00  100.00
04:06:07 PM  167    0.00    0.00    0.00    0.00    0.00    0.00    0.00    0.00    0.00  100.00
04:06:07 PM  168    0.00    0.00    0.00    0.00    0.00    0.00    0.00    0.00    0.00  100.00
04:06:07 PM  169    0.00    0.00    0.00    0.00    0.00    0.00    0.00    0.00    0.00  100.00
04:06:07 PM  170    0.00    0.00    0.00    0.00    0.00    0.00    0.00    0.00    0.00  100.00
04:06:07 PM  171    0.00    0.00    0.00    0.00    0.00    0.00    0.00    0.00    0.00  100.00
04:06:07 PM  172    0.00    0.00    0.00    0.00    0.00    0.00    0.00    0.00    0.00  100.00
04:06:07 PM  173    0.00    0.00    0.00    0.00    0.00    0.00    0.00    0.00    0.00  100.00
04:06:07 PM  174    0.00    0.00    0.00    0.00    0.00    0.00    0.00    0.00    0.00  100.00
04:06:07 PM  175    0.00    0.00    0.00    0.00    0.00    0.00    0.00    0.00    0.00  100.00
04:06:07 PM  176    0.00    0.00    0.00    0.00    0.00    0.00    0.00    0.00    0.00  100.00
04:06:07 PM  177    0.00    0.00    0.00    0.00    0.00    0.00    0.00    0.00    0.00  100.00
04:06:07 PM  178    0.00    0.00    0.00    0.00    0.00    0.00    0.00    0.00    0.00  100.00
04:06:07 PM  179    0.00    0.00    0.00    0.00    0.00    0.00    0.00    0.00    0.00  100.00
04:06:07 PM  180    0.00    0.00    0.00    0.00    0.00    0.00    0.00    0.00    0.00  100.00
04:06:07 PM  181    0.00    0.00    0.00    0.00    0.00    0.00    0.00    0.00    0.00  100.00
04:06:07 PM  182    0.00    0.00    0.00    0.00    0.00    0.00    0.00    0.00    0.00  100.00
04:06:07 PM  183    0.00    0.00    0.00    0.00    0.00    0.00    0.00    0.00    0.00  100.00
04:06:07 PM  184    0.00    0.00    0.00    0.00    0.00    0.00    0.00    0.00    0.00  100.00
04:06:07 PM  185    0.00    0.00    0.00    0.00    0.00    0.00    0.00    0.00    0.00  100.00
04:06:07 PM  186    0.00    0.00    0.00    0.00    0.00    0.00    0.00    0.00    0.00  100.00
04:06:07 PM  187    0.00    0.00    0.00    0.00    0.00    0.00    0.00    0.00    0.00  100.00
04:06:07 PM  188    0.00    0.00    0.00    0.00    0.00    0.00    0.00    0.00    0.00  100.00
04:06:07 PM  189    0.00    0.00    0.00    0.00    0.00    0.00    0.00    0.00    0.00  100.00
04:06:07 PM  190    0.00    0.00    0.00    0.00    0.00    0.00    0.00    0.00    0.00  100.00
04:06:07 PM  191    0.00    0.00    0.00    0.00    0.00    0.00    0.00    0.00    0.00  100.00
04:06:07 PM  192    0.00    0.00    0.00    0.00    0.00    0.00    0.00    0.00    0.00  100.00
04:06:07 PM  193    0.00    0.00    0.00    0.00    0.00    0.00    0.00    0.00    0.00  100.00
04:06:07 PM  194    0.00    0.00    0.00    0.00    0.00    0.00    0.00    0.00    0.00  100.00
04:06:07 PM  195    0.00    0.00    0.00    0.00    0.00    0.00    0.00    0.00    0.00  100.00
04:06:07 PM  196    0.00    0.00    0.00    0.00    0.00    0.00    0.00    0.00    0.00  100.00
04:06:07 PM  197    0.00    0.00    0.00    0.00    0.00    0.00    0.00    0.00    0.00  100.00
04:06:07 PM  198    0.00    0.00    0.00    0.00    0.00    0.00    0.00    0.00    0.00  100.00
04:06:07 PM  199    0.00    0.00    0.00    0.00    0.00    0.00    0.00    0.00    0.00  100.00
04:06:07 PM  200    0.00    0.00    0.99    0.00    0.00    0.00    0.00    0.00    0.00   99.01
04:06:07 PM  201    0.00    0.00    0.00    0.00    0.00    0.00    0.00    0.00    0.00  100.00
04:06:07 PM  202    0.00    0.00    0.00    0.00    0.00    0.00    0.00    0.00    0.00  100.00
04:06:07 PM  203    0.00    0.00    0.00    0.00    0.00    0.00    0.00    0.00    0.00  100.00
04:06:07 PM  204    0.00    0.00    0.00    0.00    0.00    0.00    0.00    0.00    0.00  100.00
04:06:07 PM  205    0.00    0.00    0.00    0.00    0.00    0.00    0.00    0.00    0.00  100.00
04:06:07 PM  206    0.00    0.00    0.00    0.00    0.00    0.00    0.00    0.00    0.00  100.00
04:06:07 PM  207    0.00    0.00    0.00    0.00    0.00    0.00    0.00    0.00    0.00  100.00
04:06:07 PM  208    0.00    0.00    0.00    0.00    0.00    0.00    0.00    0.00    0.00  100.00
04:06:07 PM  209    0.00    0.00    0.00    0.00    0.00    0.00    0.00    0.00    0.00  100.00
04:06:07 PM  210    0.00    0.00    0.00    0.00    0.00    0.00    0.00    0.00    0.00  100.00
04:06:07 PM  211    0.00    0.00    0.00    0.00    0.00    0.00    0.00    0.00    0.00  100.00
04:06:07 PM  212    0.00    0.00    0.00    0.00    0.00    0.00    0.00    0.00    0.00  100.00
04:06:07 PM  213    0.99    0.00    0.99    0.00    0.00    0.00    0.00    0.00    0.00   98.02
04:06:07 PM  214    0.00    0.00    0.00    0.00    0.00    0.00    0.00    0.00    0.00  100.00
04:06:07 PM  215    0.00    0.00    0.00    0.00    0.00    0.00    0.00    0.00    0.00  100.00
04:06:07 PM  216    0.00    0.00    0.00    0.00    0.00    0.00    0.00    0.00    0.00  100.00
04:06:07 PM  217    0.00    0.00    0.00    0.00    0.00    0.00    0.00    0.00    0.00  100.00
04:06:07 PM  218    0.00    0.00    0.00    0.00    0.00    0.00    0.00    0.00    0.00  100.00
04:06:07 PM  219    0.00    0.00    0.00    0.00    0.00    0.00    0.00    0.00    0.00  100.00
04:06:07 PM  220    0.00    0.00    0.00    0.00    0.00    0.00    0.00    0.00    0.00  100.00
04:06:07 PM  221    0.00    0.00    0.00    0.00    0.00    0.00    0.00    0.00    0.00  100.00
04:06:07 PM  222    0.00    0.00    0.00    0.00    0.00    0.00    0.00    0.00    0.00  100.00
04:06:07 PM  223    0.00    0.00    0.00    0.00    0.00    0.00    0.00    0.00    0.00  100.00
04:06:07 PM  224    0.00    0.00    0.00    0.00    0.00    0.00    0.00    0.00    0.00  100.00
04:06:07 PM  225    0.00    0.00    0.00    0.00    0.00    0.00    0.00    0.00    0.00  100.00
04:06:07 PM  226    0.00    0.00    0.00    0.00    0.00    0.00    0.00    0.00    0.00  100.00
04:06:07 PM  227    0.00    0.00    0.00    0.00    0.00    0.00    0.00    0.00    0.00  100.00
04:06:07 PM  228    0.00    0.00    0.00    0.00    0.00    0.00    0.00    0.00    0.00  100.00
04:06:07 PM  229    0.00    0.00    0.00    0.00    0.00    0.00    0.00    0.00    0.00  100.00
04:06:07 PM  230    0.00    0.00    0.00    0.00    0.00    0.00    0.00    0.00    0.00  100.00
04:06:07 PM  231    0.00    0.00    0.00    0.00    0.00    0.00    0.00    0.00    0.00  100.00
04:06:07 PM  232    0.00    0.00    0.00    0.00    0.00    0.00    0.00    0.00    0.00  100.00
04:06:07 PM  233    0.00    0.00    0.00    0.00    0.00    0.00    0.00    0.00    0.00  100.00
04:06:07 PM  234    0.00    0.00    0.00    0.00    0.00    0.00    0.00    0.00    0.00  100.00
04:06:07 PM  235    0.00    0.00    0.00    0.00    0.00    0.00    0.00    0.00    0.00  100.00
04:06:07 PM  236    0.00    0.00    0.00    0.00    0.00    0.00    0.00    0.00    0.00  100.00
04:06:07 PM  237    0.00    0.00    0.00    0.00    0.00    0.00    0.00    0.00    0.00  100.00
04:06:07 PM  238    0.00    0.00    0.00    0.00    0.00    0.00    0.00    0.00    0.00  100.00
04:06:07 PM  239    0.00    0.00    0.00    0.00    0.00    0.00    0.00    0.00    0.00  100.00
04:06:07 PM  240    0.00    0.00    0.00    0.00    0.00    0.00    0.00    0.00    0.00  100.00
04:06:07 PM  241    0.00    0.00    0.00    0.00    0.00    0.00    0.00    0.00    0.00  100.00
04:06:07 PM  242    0.00    0.00    0.00    0.00    0.00    0.00    0.00    0.00    0.00  100.00
04:06:07 PM  243    0.00    0.00    0.00    0.00    0.00    0.00    0.00    0.00    0.00  100.00
04:06:07 PM  244    0.00    0.00    0.00    0.00    0.00    0.00    0.00    0.00    0.00  100.00
04:06:07 PM  245    0.00    0.00    0.00    0.00    0.00    0.00    0.00    0.00    0.00  100.00
04:06:07 PM  246    0.00    0.00    0.00    0.00    0.00    0.00    0.00    0.00    0.00  100.00
04:06:07 PM  247    0.00    0.00    0.00    0.00    0.00    0.00    0.00    0.00    0.00  100.00
04:06:07 PM  248    0.00    0.00    0.00    0.00    0.00    0.00    0.00    0.00    0.00  100.00
04:06:07 PM  249    0.00    0.00    0.00    0.00    0.00    0.00    0.00    0.00    0.00  100.00
04:06:07 PM  250    0.00    0.00    0.00    0.00    0.00    0.00    0.00    0.00    0.00  100.00
04:06:07 PM  251    0.00    0.00    0.00    0.00    0.00    0.00    0.00    0.00    0.00  100.00
04:06:07 PM  252    0.00    0.00    0.00    0.00    0.00    0.00    0.00    0.00    0.00  100.00
04:06:07 PM  253    0.00    0.00    0.00    0.00    0.00    0.00    0.00    0.00    0.00  100.00
04:06:07 PM  254    0.00    0.00    0.00    0.00    0.00    0.00    0.00    0.00    0.00  100.00
04:06:07 PM  255    0.00    0.00    0.00    0.00    0.00    0.00    0.00    0.00    0.00  100.00

04:06:07 PM  CPU    %usr   %nice    %sys %iowait    %irq   %soft  %steal  %guest  %gnice   %idle
04:06:08 PM  all    0.00    0.00    0.39    0.00    0.00    0.00    0.00    0.00    0.00   99.61
04:06:08 PM    0    0.00    0.00    0.00    0.00    0.00    0.00    0.00    0.00    0.00  100.00
04:06:08 PM    1    0.00    0.00  100.00    0.00    0.00    0.00    0.00    0.00    0.00    0.00
04:06:08 PM    2    0.00    0.00    0.00    0.00    0.00    0.00    0.00    0.00    0.00  100.00
04:06:08 PM    3    0.00    0.00    0.00    0.00    0.00    0.00    0.00    0.00    0.00  100.00
04:06:08 PM    4    0.00    0.00    0.00    0.00    0.00    0.00    0.00    0.00    0.00  100.00
04:06:08 PM    5    0.00    0.00    0.00    0.00    0.00    0.00    0.00    0.00    0.00  100.00
04:06:08 PM    6    0.00    0.00    0.00    0.00    0.00    0.00    0.00    0.00    0.00  100.00
04:06:08 PM    7    0.00    0.00    0.00    0.00    0.00    0.00    0.00    0.00    0.00  100.00
04:06:08 PM    8    0.00    0.00    0.00    0.00    0.00    0.00    0.00    0.00    0.00  100.00
04:06:08 PM    9    0.00    0.00    0.00    0.00    0.00    0.00    0.00    0.00    0.00  100.00
04:06:08 PM   10    0.00    0.00    0.00    0.00    0.00    0.00    0.00    0.00    0.00  100.00
04:06:08 PM   11    0.00    0.00    0.00    0.00    0.00    0.00    0.00    0.00    0.00  100.00
04:06:08 PM   12    0.00    0.00    0.00    0.00    0.00    0.00    0.00    0.00    0.00  100.00
04:06:08 PM   13    0.00    0.00    0.00    0.00    0.00    0.00    0.00    0.00    0.00  100.00
04:06:08 PM   14    0.00    0.00    0.00    0.00    0.00    0.00    0.00    0.00    0.00  100.00
04:06:08 PM   15    0.00    0.00    0.00    0.00    0.00    0.00    0.00    0.00    0.00  100.00
04:06:08 PM   16    0.00    0.00    0.00    0.00    0.00    0.00    0.00    0.00    0.00  100.00
04:06:08 PM   17    0.00    0.00    0.00    0.00    0.00    0.00    0.00    0.00    0.00  100.00
04:06:08 PM   18    0.00    0.00    0.00    0.00    0.00    0.00    0.00    0.00    0.00  100.00
04:06:08 PM   19    0.00    0.00    0.00    0.00    0.00    0.00    0.00    0.00    0.00  100.00
04:06:08 PM   20    0.00    0.00    0.00    0.00    0.00    0.00    0.00    0.00    0.00  100.00
04:06:08 PM   21    0.00    0.00    0.00    0.00    0.00    0.00    0.00    0.00    0.00  100.00
04:06:08 PM   22    0.00    0.00    0.00    0.00    0.00    0.00    0.00    0.00    0.00  100.00
04:06:08 PM   23    0.00    0.00    0.00    0.00    0.00    0.00    0.00    0.00    0.00  100.00
04:06:08 PM   24    0.00    0.00    0.00    0.00    0.00    0.00    0.00    0.00    0.00  100.00
04:06:08 PM   25    0.00    0.00    0.00    0.00    0.00    0.00    0.00    0.00    0.00  100.00
04:06:08 PM   26    0.00    0.00    0.00    0.00    0.00    0.00    0.00    0.00    0.00  100.00
04:06:08 PM   27    0.00    0.00    0.00    0.00    0.00    0.00    0.00    0.00    0.00  100.00
04:06:08 PM   28    0.00    0.00    0.00    0.00    0.00    0.00    0.00    0.00    0.00  100.00
04:06:08 PM   29    0.00    0.00    0.00    0.00    0.00    0.00    0.00    0.00    0.00  100.00
04:06:08 PM   30    0.00    0.00    0.00    0.00    0.00    0.00    0.00    0.00    0.00  100.00
04:06:08 PM   31    0.00    0.00    0.00    0.00    0.00    0.00    0.00    0.00    0.00  100.00
04:06:08 PM   32    0.00    0.00    0.00    0.00    0.00    0.00    0.00    0.00    0.00  100.00
04:06:08 PM   33    0.00    0.00    0.00    0.00    0.00    0.00    0.00    0.00    0.00  100.00
04:06:08 PM   34    0.00    0.00    0.00    0.00    0.00    0.00    0.00    0.00    0.00  100.00
04:06:08 PM   35    0.00    0.00    0.00    0.00    0.00    0.00    0.00    0.00    0.00  100.00
04:06:08 PM   36    0.00    0.00    0.00    0.00    0.00    0.00    0.00    0.00    0.00  100.00
04:06:08 PM   37    0.00    0.00    0.00    0.00    0.00    0.00    0.00    0.00    0.00  100.00
04:06:08 PM   38    0.00    0.00    0.00    0.00    0.00    0.00    0.00    0.00    0.00  100.00
04:06:08 PM   39    0.00    0.00    0.00    0.00    0.00    0.00    0.00    0.00    0.00  100.00
04:06:08 PM   40    0.00    0.00    0.00    0.00    0.00    0.00    0.00    0.00    0.00  100.00
04:06:08 PM   41    0.00    0.00    0.00    0.00    0.00    0.00    0.00    0.00    0.00  100.00
04:06:08 PM   42    0.00    0.00    0.00    0.00    0.00    0.00    0.00    0.00    0.00  100.00
04:06:08 PM   43    0.00    0.00    0.00    0.00    0.00    0.00    0.00    0.00    0.00  100.00
04:06:08 PM   44    0.00    0.00    0.00    0.00    0.00    0.00    0.00    0.00    0.00  100.00
04:06:08 PM   45    0.00    0.00    0.00    0.00    0.00    0.00    0.00    0.00    0.00  100.00
04:06:08 PM   46    0.00    0.00    0.00    0.00    0.00    0.00    0.00    0.00    0.00  100.00
04:06:08 PM   47    0.00    0.00    0.00    0.00    0.00    0.00    0.00    0.00    0.00  100.00
04:06:08 PM   48    0.00    0.00    0.00    0.00    0.00    0.00    0.00    0.00    0.00  100.00
04:06:08 PM   49    0.00    0.00    0.00    0.00    0.00    0.00    0.00    0.00    0.00  100.00
04:06:08 PM   50    0.00    0.00    0.00    0.00    0.00    0.00    0.00    0.00    0.00  100.00
04:06:08 PM   51    0.00    0.00    0.00    0.00    0.00    0.00    0.00    0.00    0.00  100.00
04:06:08 PM   52    0.00    0.00    0.00    0.00    0.00    0.00    0.00    0.00    0.00  100.00
04:06:08 PM   53    0.00    0.00    0.00    0.00    0.00    0.00    0.00    0.00    0.00  100.00
04:06:08 PM   54    0.00    0.00    0.00    0.00    0.00    0.00    0.00    0.00    0.00  100.00
04:06:08 PM   55    0.00    0.00    0.00    0.00    0.00    0.00    0.00    0.00    0.00  100.00
04:06:08 PM   56    0.00    0.00    0.00    0.00    0.00    0.00    0.00    0.00    0.00  100.00
04:06:08 PM   57    0.00    0.00    0.00    0.00    0.00    0.00    0.00    0.00    0.00  100.00
04:06:08 PM   58    0.00    0.00    0.00    0.00    0.00    0.00    0.00    0.00    0.00  100.00
04:06:08 PM   59    0.00    0.00    0.00    0.00    0.00    0.00    0.00    0.00    0.00  100.00
04:06:08 PM   60    0.00    0.00    0.00    0.00    0.00    0.00    0.00    0.00    0.00  100.00
04:06:08 PM   61    0.00    0.00    0.00    0.00    0.00    0.00    0.00    0.00    0.00  100.00
04:06:08 PM   62    0.00    0.00    0.00    0.00    0.00    0.00    0.00    0.00    0.00  100.00
04:06:08 PM   63    0.00    0.00    0.00    0.00    0.00    0.00    0.00    0.00    0.00  100.00
04:06:08 PM   64    0.00    0.00    0.00    0.00    0.00    0.00    0.00    0.00    0.00  100.00
04:06:08 PM   65    0.00    0.00    0.00    0.00    0.00    0.00    0.00    0.00    0.00  100.00
04:06:08 PM   66    0.00    0.00    0.00    0.00    0.00    0.00    0.00    0.00    0.00  100.00
04:06:08 PM   67    0.00    0.00    0.00    0.00    0.00    0.00    0.00    0.00    0.00  100.00
04:06:08 PM   68    0.00    0.00    0.00    0.00    0.00    0.00    0.00    0.00    0.00  100.00
04:06:08 PM   69    0.00    0.00    0.00    0.00    0.00    0.00    0.00    0.00    0.00  100.00
04:06:08 PM   70    0.00    0.00    0.00    0.00    0.00    0.00    0.00    0.00    0.00  100.00
04:06:08 PM   71    0.00    0.00    0.00    0.00    0.00    0.00    0.00    0.00    0.00  100.00
04:06:08 PM   72    0.00    0.00    0.00    0.00    0.00    0.00    0.00    0.00    0.00  100.00
04:06:08 PM   73    0.00    0.00    0.00    0.00    0.00    0.00    0.00    0.00    0.00  100.00
04:06:08 PM   74    0.00    0.00    0.00    0.00    0.00    0.00    0.00    0.00    0.00  100.00
04:06:08 PM   75    0.00    0.00    0.00    0.00    0.00    0.00    0.00    0.00    0.00  100.00
04:06:08 PM   76    0.00    0.00    0.00    0.00    0.00    0.00    0.00    0.00    0.00  100.00
04:06:08 PM   77    0.00    0.00    0.00    0.00    0.00    0.00    0.00    0.00    0.00  100.00
04:06:08 PM   78    0.00    0.00    0.00    0.00    0.00    0.00    0.00    0.00    0.00  100.00
04:06:08 PM   79    0.00    0.00    0.00    0.00    0.00    0.00    0.00    0.00    0.00  100.00
04:06:08 PM   80    0.00    0.00    0.00    0.00    0.00    0.00    0.00    0.00    0.00  100.00
04:06:08 PM   81    0.00    0.00    0.00    0.00    0.00    0.00    0.00    0.00    0.00  100.00
04:06:08 PM   82    0.00    0.00    0.00    0.00    0.00    0.00    0.00    0.00    0.00  100.00
04:06:08 PM   83    0.00    0.00    0.00    0.00    0.00    0.00    0.00    0.00    0.00  100.00
04:06:08 PM   84    0.00    0.00    0.00    0.00    0.00    0.00    0.00    0.00    0.00  100.00
04:06:08 PM   85    0.00    0.00    0.00    0.00    0.00    0.00    0.00    0.00    0.00  100.00
04:06:08 PM   86    0.00    0.00    0.00    0.00    0.00    0.00    0.00    0.00    0.00  100.00
04:06:08 PM   87    0.00    0.00    0.00    0.00    0.00    0.00    0.00    0.00    0.00  100.00
04:06:08 PM   88    0.00    0.00    0.00    0.00    0.00    0.00    0.00    0.00    0.00  100.00
04:06:08 PM   89    0.00    0.00    0.00    0.00    0.00    0.00    0.00    0.00    0.00  100.00
04:06:08 PM   90    0.00    0.00    0.00    0.00    0.00    0.00    0.00    0.00    0.00  100.00
04:06:08 PM   91    0.00    0.00    0.00    0.00    0.00    0.00    0.00    0.00    0.00  100.00
04:06:08 PM   92    0.00    0.00    0.00    0.00    0.00    0.00    0.00    0.00    0.00  100.00
04:06:08 PM   93    0.00    0.00    0.00    0.00    0.00    0.00    0.00    0.00    0.00  100.00
04:06:08 PM   94    0.00    0.00    0.00    0.00    0.00    0.00    0.00    0.00    0.00  100.00
04:06:08 PM   95    0.00    0.00    0.00    0.00    0.00    0.00    0.00    0.00    0.00  100.00
04:06:08 PM   96    0.00    0.00    0.00    0.00    0.00    0.00    0.00    0.00    0.00  100.00
04:06:08 PM   97    0.00    0.00    0.00    0.00    0.00    0.00    0.00    0.00    0.00  100.00
04:06:08 PM   98    0.00    0.00    0.00    0.00    0.00    0.00    0.00    0.00    0.00  100.00
04:06:08 PM   99    0.00    0.00    0.00    0.00    0.00    0.00    0.00    0.00    0.00  100.00
04:06:08 PM  100    0.00    0.00    0.00    0.00    0.00    0.00    0.00    0.00    0.00  100.00
04:06:08 PM  101    0.00    0.00    0.00    0.00    0.00    0.00    0.00    0.00    0.00  100.00
04:06:08 PM  102    0.00    0.00    0.00    0.00    0.00    0.00    0.00    0.00    0.00  100.00
04:06:08 PM  103    0.00    0.00    0.00    0.00    0.00    0.00    0.00    0.00    0.00  100.00
04:06:08 PM  104    0.00    0.00    0.00    0.00    0.00    0.00    0.00    0.00    0.00  100.00
04:06:08 PM  105    0.00    0.00    0.00    0.00    0.00    0.00    0.00    0.00    0.00  100.00
04:06:08 PM  106    0.00    0.00    0.00    0.00    0.00    0.00    0.00    0.00    0.00  100.00
04:06:08 PM  107    0.00    0.00    0.00    0.00    0.00    0.00    0.00    0.00    0.00  100.00
04:06:08 PM  108    0.00    0.00    0.00    0.00    0.00    0.00    0.00    0.00    0.00  100.00
04:06:08 PM  109    0.00    0.00    0.00    0.00    0.00    0.00    0.00    0.00    0.00  100.00
04:06:08 PM  110    0.00    0.00    0.00    0.00    0.00    0.00    0.00    0.00    0.00  100.00
04:06:08 PM  111    0.00    0.00    0.00    0.00    0.00    0.00    0.00    0.00    0.00  100.00
04:06:08 PM  112    0.00    0.00    0.00    0.00    0.00    0.00    0.00    0.00    0.00  100.00
04:06:08 PM  113    0.00    0.00    0.00    0.00    0.00    0.00    0.00    0.00    0.00  100.00
04:06:08 PM  114    0.00    0.00    0.00    0.00    0.00    0.00    0.00    0.00    0.00  100.00
04:06:08 PM  115    0.00    0.00    0.00    0.00    0.00    0.00    0.00    0.00    0.00  100.00
04:06:08 PM  116    0.00    0.00    0.00    0.00    0.00    0.00    0.00    0.00    0.00  100.00
04:06:08 PM  117    0.00    0.00    0.00    0.00    0.00    0.00    0.00    0.00    0.00  100.00
04:06:08 PM  118    0.00    0.00    0.00    0.00    0.00    0.00    0.00    0.00    0.00  100.00
04:06:08 PM  119    0.00    0.00    0.00    0.00    0.00    0.00    0.00    0.00    0.00  100.00
04:06:08 PM  120    0.00    0.00    0.00    0.00    0.00    0.00    0.00    0.00    0.00  100.00
04:06:08 PM  121    0.00    0.00    0.00    0.00    0.00    0.00    0.00    0.00    0.00  100.00
04:06:08 PM  122    0.00    0.00    0.00    0.00    0.00    0.00    0.00    0.00    0.00  100.00
04:06:08 PM  123    0.00    0.00    0.00    0.00    0.00    0.00    0.00    0.00    0.00  100.00
04:06:08 PM  124    0.00    0.00    0.00    0.00    0.00    0.00    0.00    0.00    0.00  100.00
04:06:08 PM  125    0.00    0.00    0.00    0.00    0.00    0.00    0.00    0.00    0.00  100.00
04:06:08 PM  126    0.00    0.00    0.00    0.00    0.00    0.00    0.00    0.00    0.00  100.00
04:06:08 PM  127    0.00    0.00    0.00    0.00    0.00    0.00    0.00    0.00    0.00  100.00
04:06:08 PM  128    0.00    0.00    0.00    0.00    0.00    0.00    0.00    0.00    0.00  100.00
04:06:08 PM  129    0.00    0.00    0.00    0.00    0.00    0.00    0.00    0.00    0.00  100.00
04:06:08 PM  130    0.00    0.00    0.00    0.00    0.00    0.00    0.00    0.00    0.00  100.00
04:06:08 PM  131    0.00    0.00    0.00    0.00    0.00    0.00    0.00    0.00    0.00  100.00
04:06:08 PM  132    0.00    0.00    0.00    0.00    0.00    0.00    0.00    0.00    0.00  100.00
04:06:08 PM  133    0.00    0.00    0.00    0.00    0.00    0.00    0.00    0.00    0.00  100.00
04:06:08 PM  134    0.00    0.00    0.00    0.00    0.00    0.00    0.00    0.00    0.00  100.00
04:06:08 PM  135    0.00    0.00    0.00    0.00    0.00    0.00    0.00    0.00    0.00  100.00
04:06:08 PM  136    0.00    0.00    0.00    0.00    0.00    0.00    0.00    0.00    0.00  100.00
04:06:08 PM  137    0.00    0.00    0.00    0.00    0.00    0.00    0.00    0.00    0.00  100.00
04:06:08 PM  138    0.00    0.00    0.00    0.00    0.00    0.00    0.00    0.00    0.00  100.00
04:06:08 PM  139    0.00    0.00    0.00    0.00    0.00    0.00    0.00    0.00    0.00  100.00
04:06:08 PM  140    0.00    0.00    0.00    0.00    0.00    0.00    0.00    0.00    0.00  100.00
04:06:08 PM  141    0.00    0.00    0.00    0.00    0.00    0.00    0.00    0.00    0.00  100.00
04:06:08 PM  142    0.00    0.00    0.00    0.00    0.00    0.00    0.00    0.00    0.00  100.00
04:06:08 PM  143    0.00    0.00    0.00    0.00    0.00    0.00    0.00    0.00    0.00  100.00
04:06:08 PM  144    0.00    0.00    0.00    0.00    0.00    0.00    0.00    0.00    0.00  100.00
04:06:08 PM  145    0.00    0.00    0.00    0.00    0.00    0.00    0.00    0.00    0.00  100.00
04:06:08 PM  146    0.00    0.00    0.00    0.00    0.00    0.00    0.00    0.00    0.00  100.00
04:06:08 PM  147    0.00    0.00    0.00    0.00    0.00    0.00    0.00    0.00    0.00  100.00
04:06:08 PM  148    0.00    0.00    0.00    0.00    0.00    0.00    0.00    0.00    0.00  100.00
04:06:08 PM  149    0.00    0.00    0.00    0.00    0.00    0.00    0.00    0.00    0.00  100.00
04:06:08 PM  150    0.00    0.00    0.00    0.00    0.00    0.00    0.00    0.00    0.00  100.00
04:06:08 PM  151    0.00    0.00    0.00    0.00    0.00    0.00    0.00    0.00    0.00  100.00
04:06:08 PM  152    0.00    0.00    0.00    0.00    0.00    0.00    0.00    0.00    0.00  100.00
04:06:08 PM  153    0.00    0.00    0.00    0.00    0.00    0.00    0.00    0.00    0.00  100.00
04:06:08 PM  154    0.00    0.00    0.00    0.00    0.00    0.00    0.00    0.00    0.00  100.00
04:06:08 PM  155    0.00    0.00    0.00    0.00    0.00    0.00    0.00    0.00    0.00  100.00
04:06:08 PM  156    0.00    0.00    0.00    0.00    0.00    0.00    0.00    0.00    0.00  100.00
04:06:08 PM  157    0.00    0.00    0.00    0.00    0.00    0.00    0.00    0.00    0.00  100.00
04:06:08 PM  158    0.00    0.00    0.00    0.00    0.00    0.00    0.00    0.00    0.00  100.00
04:06:08 PM  159    0.00    0.00    0.00    0.00    0.00    0.00    0.00    0.00    0.00  100.00
04:06:08 PM  160    0.00    0.00    0.00    0.00    0.00    0.00    0.00    0.00    0.00  100.00
04:06:08 PM  161    0.00    0.00    0.00    0.00    0.00    0.00    0.00    0.00    0.00  100.00
04:06:08 PM  162    0.00    0.00    0.00    0.00    0.00    0.00    0.00    0.00    0.00  100.00
04:06:08 PM  163    0.00    0.00    0.00    0.00    0.00    0.00    0.00    0.00    0.00  100.00
04:06:08 PM  164    0.00    0.00    0.00    0.00    0.00    0.00    0.00    0.00    0.00  100.00
04:06:08 PM  165    0.00    0.00    0.00    0.00    0.00    0.00    0.00    0.00    0.00  100.00
04:06:08 PM  166    0.00    0.00    0.00    0.00    0.00    0.00    0.00    0.00    0.00  100.00
04:06:08 PM  167    0.00    0.00    0.00    0.00    0.00    0.00    0.00    0.00    0.00  100.00
04:06:08 PM  168    0.00    0.00    0.00    0.00    0.00    0.00    0.00    0.00    0.00  100.00
04:06:08 PM  169    0.00    0.00    0.00    0.00    0.00    0.00    0.00    0.00    0.00  100.00
04:06:08 PM  170    0.00    0.00    0.00    0.00    0.00    0.00    0.00    0.00    0.00  100.00
04:06:08 PM  171    0.00    0.00    0.00    0.00    0.00    0.00    0.00    0.00    0.00  100.00
04:06:08 PM  172    0.00    0.00    0.00    0.00    0.00    0.00    0.00    0.00    0.00  100.00
04:06:08 PM  173    0.00    0.00    0.00    0.00    0.00    0.00    0.00    0.00    0.00  100.00
04:06:08 PM  174    0.00    0.00    0.00    0.00    0.00    0.00    0.00    0.00    0.00  100.00
04:06:08 PM  175    0.00    0.00    0.00    0.00    0.00    0.00    0.00    0.00    0.00  100.00
04:06:08 PM  176    0.00    0.00    0.00    0.00    0.00    0.00    0.00    0.00    0.00  100.00
04:06:08 PM  177    0.00    0.00    0.00    0.00    0.00    0.00    0.00    0.00    0.00  100.00
04:06:08 PM  178    0.00    0.00    0.00    0.00    0.00    0.00    0.00    0.00    0.00  100.00
04:06:08 PM  179    0.00    0.00    0.00    0.00    0.00    0.00    0.00    0.00    0.00  100.00
04:06:08 PM  180    0.00    0.00    0.00    0.00    0.00    0.00    0.00    0.00    0.00  100.00
04:06:08 PM  181    0.00    0.00    0.00    0.00    0.00    0.00    0.00    0.00    0.00  100.00
04:06:08 PM  182    0.00    0.00    0.00    0.00    0.00    0.00    0.00    0.00    0.00  100.00
04:06:08 PM  183    0.00    0.00    0.00    0.00    0.00    0.00    0.00    0.00    0.00  100.00
04:06:08 PM  184    0.00    0.00    0.00    0.00    0.00    0.00    0.00    0.00    0.00  100.00
04:06:08 PM  185    0.00    0.00    0.00    0.00    0.00    0.00    0.00    0.00    0.00  100.00
04:06:08 PM  186    0.00    0.00    0.00    0.00    0.00    0.00    0.00    0.00    0.00  100.00
04:06:08 PM  187    0.00    0.00    0.00    0.00    0.00    0.00    0.00    0.00    0.00  100.00
04:06:08 PM  188    0.00    0.00    0.00    0.00    0.00    0.00    0.00    0.00    0.00  100.00
04:06:08 PM  189    0.00    0.00    0.00    0.00    0.00    0.00    0.00    0.00    0.00  100.00
04:06:08 PM  190    0.00    0.00    0.00    0.00    0.00    0.00    0.00    0.00    0.00  100.00
04:06:08 PM  191    0.00    0.00    0.00    0.00    0.00    0.00    0.00    0.00    0.00  100.00
04:06:08 PM  192    0.00    0.00    0.00    0.00    0.00    0.00    0.00    0.00    0.00  100.00
04:06:08 PM  193    0.00    0.00    0.00    0.00    0.00    0.00    0.00    0.00    0.00  100.00
04:06:08 PM  194    0.00    0.00    0.00    0.00    0.00    0.00    0.00    0.00    0.00  100.00
04:06:08 PM  195    0.00    0.00    0.00    0.00    0.00    0.00    0.00    0.00    0.00  100.00
04:06:08 PM  196    0.00    0.00    0.00    0.00    0.00    0.00    0.00    0.00    0.00  100.00
04:06:08 PM  197    0.00    0.00    0.00    0.00    0.00    0.00    0.00    0.00    0.00  100.00
04:06:08 PM  198    0.00    0.00    0.00    0.00    0.00    0.00    0.00    0.00    0.00  100.00
04:06:08 PM  199    0.00    0.00    0.00    0.00    0.00    0.00    0.00    0.00    0.00  100.00
04:06:08 PM  200    0.00    0.00    0.00    0.00    0.00    0.00    0.00    0.00    0.00  100.00
04:06:08 PM  201    0.00    0.00    0.00    0.00    0.00    0.00    0.00    0.00    0.00  100.00
04:06:08 PM  202    0.00    0.00    0.00    0.00    0.00    0.00    0.00    0.00    0.00  100.00
04:06:08 PM  203    0.00    0.00    0.00    0.00    0.00    0.00    0.00    0.00    0.00  100.00
04:06:08 PM  204    0.00    0.00    0.00    0.00    0.00    0.00    0.00    0.00    0.00  100.00
04:06:08 PM  205    0.00    0.00    0.00    0.00    0.00    0.00    0.00    0.00    0.00  100.00
04:06:08 PM  206    0.00    0.00    0.00    0.00    0.00    0.00    0.00    0.00    0.00  100.00
04:06:08 PM  207    0.00    0.00    0.00    0.00    0.00    0.00    0.00    0.00    0.00  100.00
04:06:08 PM  208    0.00    0.00    0.00    0.00    0.00    0.00    0.00    0.00    0.00  100.00
04:06:08 PM  209    0.00    0.00    0.00    0.00    0.00    0.00    0.00    0.00    0.00  100.00
04:06:08 PM  210    0.00    0.00    0.00    0.00    0.00    0.00    0.00    0.00    0.00  100.00
04:06:08 PM  211    0.00    0.00    0.00    0.00    0.00    0.00    0.00    0.00    0.00  100.00
04:06:08 PM  212    0.00    0.00    0.00    0.00    0.00    0.00    0.00    0.00    0.00  100.00
04:06:08 PM  213    0.00    0.00    0.00    0.00    0.00    0.00    0.00    0.00    0.00  100.00
04:06:08 PM  214    0.00    0.00    0.00    0.00    0.00    0.00    0.00    0.00    0.00  100.00
04:06:08 PM  215    0.00    0.00    0.00    0.00    0.00    0.00    0.00    0.00    0.00  100.00
04:06:08 PM  216    0.00    0.00    0.00    0.00    0.00    0.00    0.00    0.00    0.00  100.00
04:06:08 PM  217    0.00    0.00    0.00    0.00    0.00    0.00    0.00    0.00    0.00  100.00
04:06:08 PM  218    0.00    0.00    0.00    0.00    0.00    0.00    0.00    0.00    0.00  100.00
04:06:08 PM  219    0.00    0.00    0.00    0.00    0.00    0.00    0.00    0.00    0.00  100.00
04:06:08 PM  220    0.00    0.00    0.00    0.00    0.00    0.00    0.00    0.00    0.00  100.00
04:06:08 PM  221    0.00    0.00    0.00    0.00    0.00    0.00    0.00    0.00    0.00  100.00
04:06:08 PM  222    0.00    0.00    0.00    0.00    0.00    0.00    0.00    0.00    0.00  100.00
04:06:08 PM  223    0.00    0.00    0.00    0.00    0.00    0.00    0.00    0.00    0.00  100.00
04:06:08 PM  224    0.00    0.00    0.00    0.00    0.00    0.00    0.00    0.00    0.00  100.00
04:06:08 PM  225    0.00    0.00    0.00    0.00    0.00    0.00    0.00    0.00    0.00  100.00
04:06:08 PM  226    0.00    0.00    0.00    0.00    0.00    0.00    0.00    0.00    0.00  100.00
04:06:08 PM  227    0.00    0.00    0.00    0.00    0.00    0.00    0.00    0.00    0.00  100.00
04:06:08 PM  228    0.00    0.00    0.00    0.00    0.00    0.00    0.00    0.00    0.00  100.00
04:06:08 PM  229    0.00    0.00    0.00    0.00    0.00    0.00    0.00    0.00    0.00  100.00
04:06:08 PM  230    0.00    0.00    0.00    0.00    0.00    0.00    0.00    0.00    0.00  100.00
04:06:08 PM  231    0.00    0.00    0.00    0.00    0.00    0.00    0.00    0.00    0.00  100.00
04:06:08 PM  232    0.00    0.00    0.00    0.00    0.00    0.00    0.00    0.00    0.00  100.00
04:06:08 PM  233    0.00    0.00    0.00    0.00    0.00    0.00    0.00    0.00    0.00  100.00
04:06:08 PM  234    0.00    0.00    0.00    0.00    0.00    0.00    0.00    0.00    0.00  100.00
04:06:08 PM  235    0.00    0.00    0.00    0.00    0.00    0.00    0.00    0.00    0.00  100.00
04:06:08 PM  236    0.00    0.00    0.00    0.00    0.00    0.00    0.00    0.00    0.00  100.00
04:06:08 PM  237    0.00    0.00    0.00    0.00    0.00    0.00    0.00    0.00    0.00  100.00
04:06:08 PM  238    0.00    0.00    0.00    0.00    0.00    0.00    0.00    0.00    0.00  100.00
04:06:08 PM  239    0.00    0.00    0.00    0.00    0.00    0.00    0.00    0.00    0.00  100.00
04:06:08 PM  240    0.00    0.00    0.00    0.00    0.00    0.00    0.00    0.00    0.00  100.00
04:06:08 PM  241    0.00    0.00    0.00    0.00    0.00    0.00    0.00    0.00    0.00  100.00
04:06:08 PM  242    0.00    0.00    0.00    0.00    0.00    0.00    0.00    0.00    0.00  100.00
04:06:08 PM  243    0.00    0.00    0.00    0.00    0.00    0.00    0.00    0.00    0.00  100.00
04:06:08 PM  244    0.00    0.00    0.00    0.00    0.00    0.00    0.00    0.00    0.00  100.00
04:06:08 PM  245    0.00    0.00    0.00    0.00    0.00    0.00    0.00    0.00    0.00  100.00
04:06:08 PM  246    0.00    0.00    0.00    0.00    0.00    0.00    0.00    0.00    0.00  100.00
04:06:08 PM  247    0.00    0.00    0.00    0.00    0.00    0.00    0.00    0.00    0.00  100.00
04:06:08 PM  248    0.00    0.00    0.00    0.00    0.00    0.00    0.00    0.00    0.00  100.00
04:06:08 PM  249    0.00    0.00    0.00    0.00    0.00    0.00    0.00    0.00    0.00  100.00
04:06:08 PM  250    0.00    0.00    0.00    0.00    0.00    0.00    0.00    0.00    0.00  100.00
04:06:08 PM  251    0.00    0.00    0.00    0.00    0.00    0.00    0.00    0.00    0.00  100.00
04:06:08 PM  252    0.00    0.00    0.00    0.00    0.00    0.00    0.00    0.00    0.00  100.00
04:06:08 PM  253    0.00    0.00    0.00    0.00    0.00    0.00    0.00    0.00    0.00  100.00
04:06:08 PM  254    0.00    0.00    0.00    0.00    0.00    0.00    0.00    0.00    0.00  100.00
04:06:08 PM  255    0.00    0.00    0.00    0.00    0.00    0.00    0.00    0.00    0.00  100.00

04:06:08 PM  CPU    %usr   %nice    %sys %iowait    %irq   %soft  %steal  %guest  %gnice   %idle
04:06:09 PM  all    0.00    0.00    0.39    0.00    0.00    0.00    0.00    0.00    0.00   99.61
04:06:09 PM    0    0.00    0.00    0.00    0.00    0.00    0.00    0.00    0.00    0.00  100.00
04:06:09 PM    1    0.00    0.00  100.00    0.00    0.00    0.00    0.00    0.00    0.00    0.00
04:06:09 PM    2    0.00    0.00    0.00    0.00    0.00    0.00    0.00    0.00    0.00  100.00
04:06:09 PM    3    0.00    0.00    0.00    0.00    0.00    0.00    0.00    0.00    0.00  100.00
04:06:09 PM    4    0.00    0.00    0.00    0.00    0.00    0.00    0.00    0.00    0.00  100.00
04:06:09 PM    5    0.00    0.00    0.00    0.00    0.00    0.00    0.00    0.00    0.00  100.00
04:06:09 PM    6    0.00    0.00    0.00    0.00    0.00    0.00    0.00    0.00    0.00  100.00
04:06:09 PM    7    0.00    0.00    0.00    0.00    0.00    0.00    0.00    0.00    0.00  100.00
04:06:09 PM    8    0.00    0.00    0.00    0.00    0.00    0.00    0.00    0.00    0.00  100.00
04:06:09 PM    9    0.00    0.00    0.00    0.00    0.00    0.00    0.00    0.00    0.00  100.00
04:06:09 PM   10    0.00    0.00    0.00    0.00    0.00    0.00    0.00    0.00    0.00  100.00
04:06:09 PM   11    0.00    0.00    0.00    0.00    0.00    0.00    0.00    0.00    0.00  100.00
04:06:09 PM   12    0.00    0.00    0.00    0.00    0.00    0.00    0.00    0.00    0.00  100.00
04:06:09 PM   13    0.00    0.00    0.00    0.00    0.00    0.00    0.00    0.00    0.00  100.00
04:06:09 PM   14    0.00    0.00    0.00    0.00    0.00    0.00    0.00    0.00    0.00  100.00
04:06:09 PM   15    0.00    0.00    0.00    0.00    0.00    0.00    0.00    0.00    0.00  100.00
04:06:09 PM   16    0.00    0.00    0.00    0.00    0.00    0.00    0.00    0.00    0.00  100.00
04:06:09 PM   17    0.00    0.00    0.00    0.00    0.00    0.00    0.00    0.00    0.00  100.00
04:06:09 PM   18    0.00    0.00    0.00    0.00    0.00    0.00    0.00    0.00    0.00  100.00
04:06:09 PM   19    0.00    0.00    0.00    0.00    0.00    0.00    0.00    0.00    0.00  100.00
04:06:09 PM   20    0.00    0.00    0.00    0.00    0.00    0.00    0.00    0.00    0.00  100.00
04:06:09 PM   21    0.00    0.00    0.00    0.00    0.00    0.00    0.00    0.00    0.00  100.00
04:06:09 PM   22    0.00    0.00    0.00    0.00    0.00    0.00    0.00    0.00    0.00  100.00
04:06:09 PM   23    0.00    0.00    0.00    0.00    0.00    0.00    0.00    0.00    0.00  100.00
04:06:09 PM   24    0.00    0.00    0.00    0.00    0.00    0.00    0.00    0.00    0.00  100.00
04:06:09 PM   25    0.00    0.00    0.00    0.00    0.00    0.00    0.00    0.00    0.00  100.00
04:06:09 PM   26    0.00    0.00    0.00    0.00    0.00    0.00    0.00    0.00    0.00  100.00
04:06:09 PM   27    0.00    0.00    0.00    0.00    0.00    0.00    0.00    0.00    0.00  100.00
04:06:09 PM   28    0.00    0.00    0.00    0.00    0.00    0.00    0.00    0.00    0.00  100.00
04:06:09 PM   29    0.00    0.00    0.00    0.00    0.00    0.00    0.00    0.00    0.00  100.00
04:06:09 PM   30    0.00    0.00    0.00    0.00    0.00    0.00    0.00    0.00    0.00  100.00
04:06:09 PM   31    0.00    0.00    0.00    0.00    0.00    0.00    0.00    0.00    0.00  100.00
04:06:09 PM   32    0.00    0.00    0.00    0.00    0.00    0.00    0.00    0.00    0.00  100.00
04:06:09 PM   33    0.00    0.00    0.00    0.00    0.00    0.00    0.00    0.00    0.00  100.00
04:06:09 PM   34    0.00    0.00    0.00    0.00    0.00    0.00    0.00    0.00    0.00  100.00
04:06:09 PM   35    0.00    0.00    0.00    0.00    0.00    0.00    0.00    0.00    0.00  100.00
04:06:09 PM   36    0.00    0.00    0.00    0.00    0.00    0.00    0.00    0.00    0.00  100.00
04:06:09 PM   37    0.00    0.00    0.00    0.00    0.00    0.00    0.00    0.00    0.00  100.00
04:06:09 PM   38    0.00    0.00    0.00    0.00    0.00    0.00    0.00    0.00    0.00  100.00
04:06:09 PM   39    0.00    0.00    0.00    0.00    0.00    0.00    0.00    0.00    0.00  100.00
04:06:09 PM   40    0.00    0.00    0.00    0.00    0.00    0.00    0.00    0.00    0.00  100.00
04:06:09 PM   41    0.00    0.00    0.00    0.00    0.00    0.00    0.00    0.00    0.00  100.00
04:06:09 PM   42    0.00    0.00    0.00    0.00    0.00    0.00    0.00    0.00    0.00  100.00
04:06:09 PM   43    0.00    0.00    0.00    0.00    0.00    0.00    0.00    0.00    0.00  100.00
04:06:09 PM   44    0.00    0.00    0.00    0.00    0.00    0.00    0.00    0.00    0.00  100.00
04:06:09 PM   45    0.00    0.00    0.00    0.00    0.00    0.00    0.00    0.00    0.00  100.00
04:06:09 PM   46    0.00    0.00    0.00    0.00    0.00    0.00    0.00    0.00    0.00  100.00
04:06:09 PM   47    0.00    0.00    0.00    0.00    0.00    0.00    0.00    0.00    0.00  100.00
04:06:09 PM   48    0.00    0.00    0.00    0.00    0.00    0.00    0.00    0.00    0.00  100.00
04:06:09 PM   49    0.00    0.00    0.00    0.00    0.00    0.00    0.00    0.00    0.00  100.00
04:06:09 PM   50    0.00    0.00    0.00    0.00    0.00    0.00    0.00    0.00    0.00  100.00
04:06:09 PM   51    0.00    0.00    0.00    0.00    0.00    0.00    0.00    0.00    0.00  100.00
04:06:09 PM   52    0.00    0.00    0.00    0.00    0.00    0.00    0.00    0.00    0.00  100.00
04:06:09 PM   53    0.00    0.00    0.00    0.00    0.00    0.00    0.00    0.00    0.00  100.00
04:06:09 PM   54    0.00    0.00    0.00    0.00    0.00    0.00    0.00    0.00    0.00  100.00
04:06:09 PM   55    0.00    0.00    0.00    0.00    0.00    0.00    0.00    0.00    0.00  100.00
04:06:09 PM   56    0.00    0.00    0.00    0.00    0.00    0.00    0.00    0.00    0.00  100.00
04:06:09 PM   57    0.00    0.00    0.00    0.00    0.00    0.00    0.00    0.00    0.00  100.00
04:06:09 PM   58    0.00    0.00    0.00    0.00    0.00    0.00    0.00    0.00    0.00  100.00
04:06:09 PM   59    0.00    0.00    0.00    0.00    0.00    0.00    0.00    0.00    0.00  100.00
04:06:09 PM   60    0.00    0.00    0.00    0.00    0.00    0.00    0.00    0.00    0.00  100.00
04:06:09 PM   61    0.00    0.00    0.00    0.00    0.00    0.00    0.00    0.00    0.00  100.00
04:06:09 PM   62    0.00    0.00    0.00    0.00    0.00    0.00    0.00    0.00    0.00  100.00
04:06:09 PM   63    0.00    0.00    0.00    0.00    0.00    0.00    0.00    0.00    0.00  100.00
04:06:09 PM   64    0.00    0.00    0.00    0.00    0.00    0.00    0.00    0.00    0.00  100.00
04:06:09 PM   65    0.00    0.00    0.00    0.00    0.00    0.00    0.00    0.00    0.00  100.00
04:06:09 PM   66    0.00    0.00    0.00    0.00    0.00    0.00    0.00    0.00    0.00  100.00
04:06:09 PM   67    0.00    0.00    0.00    0.00    0.00    0.00    0.00    0.00    0.00  100.00
04:06:09 PM   68    0.00    0.00    0.00    0.00    0.00    0.00    0.00    0.00    0.00  100.00
04:06:09 PM   69    0.00    0.00    0.00    0.00    0.00    0.00    0.00    0.00    0.00  100.00
04:06:09 PM   70    0.00    0.00    0.00    0.00    0.00    0.00    0.00    0.00    0.00  100.00
04:06:09 PM   71    0.00    0.00    0.00    0.00    0.00    0.00    0.00    0.00    0.00  100.00
04:06:09 PM   72    0.00    0.00    0.00    0.00    0.00    0.00    0.00    0.00    0.00  100.00
04:06:09 PM   73    0.00    0.00    0.00    0.00    0.00    0.00    0.00    0.00    0.00  100.00
04:06:09 PM   74    0.00    0.00    0.00    0.00    0.00    0.00    0.00    0.00    0.00  100.00
04:06:09 PM   75    0.00    0.00    0.00    0.00    0.00    0.00    0.00    0.00    0.00  100.00
04:06:09 PM   76    0.00    0.00    0.00    0.00    0.00    0.00    0.00    0.00    0.00  100.00
04:06:09 PM   77    0.00    0.00    0.00    0.00    0.00    0.00    0.00    0.00    0.00  100.00
04:06:09 PM   78    0.00    0.00    0.00    0.00    0.00    0.00    0.00    0.00    0.00  100.00
04:06:09 PM   79    0.00    0.00    0.00    0.00    0.00    0.00    0.00    0.00    0.00  100.00
04:06:09 PM   80    0.00    0.00    0.00    0.00    0.00    0.00    0.00    0.00    0.00  100.00
04:06:09 PM   81    0.00    0.00    0.00    0.00    0.00    0.00    0.00    0.00    0.00  100.00
04:06:09 PM   82    0.00    0.00    0.00    0.00    0.00    0.00    0.00    0.00    0.00  100.00
04:06:09 PM   83    0.00    0.00    0.00    0.00    0.00    0.00    0.00    0.00    0.00  100.00
04:06:09 PM   84    0.00    0.00    0.00    0.00    0.00    0.00    0.00    0.00    0.00  100.00
04:06:09 PM   85    0.00    0.00    0.00    0.00    0.00    0.00    0.00    0.00    0.00  100.00
04:06:09 PM   86    0.00    0.00    0.00    0.00    0.00    0.00    0.00    0.00    0.00  100.00
04:06:09 PM   87    0.00    0.00    0.00    0.00    0.00    0.00    0.00    0.00    0.00  100.00
04:06:09 PM   88    0.00    0.00    0.00    0.00    0.00    0.00    0.00    0.00    0.00  100.00
04:06:09 PM   89    0.00    0.00    0.00    0.00    0.00    0.00    0.00    0.00    0.00  100.00
04:06:09 PM   90    0.00    0.00    0.00    0.00    0.00    0.00    0.00    0.00    0.00  100.00
04:06:09 PM   91    0.00    0.00    0.00    0.00    0.00    0.00    0.00    0.00    0.00  100.00
04:06:09 PM   92    0.00    0.00    0.00    0.00    0.00    0.00    0.00    0.00    0.00  100.00
04:06:09 PM   93    0.00    0.00    0.00    0.00    0.00    0.00    0.00    0.00    0.00  100.00
04:06:09 PM   94    0.00    0.00    0.00    0.00    0.00    0.00    0.00    0.00    0.00  100.00
04:06:09 PM   95    0.00    0.00    0.00    0.00    0.00    0.00    0.00    0.00    0.00  100.00
04:06:09 PM   96    0.00    0.00    0.00    0.00    0.00    0.00    0.00    0.00    0.00  100.00
04:06:09 PM   97    0.00    0.00    0.00    0.00    0.00    0.00    0.00    0.00    0.00  100.00
04:06:09 PM   98    0.00    0.00    0.00    0.00    0.00    0.00    0.00    0.00    0.00  100.00
04:06:09 PM   99    0.00    0.00    0.00    0.00    0.00    0.00    0.00    0.00    0.00  100.00
04:06:09 PM  100    0.00    0.00    0.00    0.00    0.00    0.00    0.00    0.00    0.00  100.00
04:06:09 PM  101    0.00    0.00    0.00    0.00    0.00    0.00    0.00    0.00    0.00  100.00
04:06:09 PM  102    0.00    0.00    0.00    0.00    0.00    0.00    0.00    0.00    0.00  100.00
04:06:09 PM  103    0.00    0.00    0.00    0.00    0.00    0.00    0.00    0.00    0.00  100.00
04:06:09 PM  104    0.00    0.00    0.00    0.00    0.00    0.00    0.00    0.00    0.00  100.00
04:06:09 PM  105    0.00    0.00    0.00    0.00    0.00    0.00    0.00    0.00    0.00  100.00
04:06:09 PM  106    0.00    0.00    0.00    0.00    0.00    0.00    0.00    0.00    0.00  100.00
04:06:09 PM  107    0.00    0.00    0.00    0.00    0.00    0.00    0.00    0.00    0.00  100.00
04:06:09 PM  108    0.00    0.00    0.00    0.00    0.00    0.00    0.00    0.00    0.00  100.00
04:06:09 PM  109    0.00    0.00    0.00    0.00    0.00    0.00    0.00    0.00    0.00  100.00
04:06:09 PM  110    0.00    0.00    0.00    0.00    0.00    0.00    0.00    0.00    0.00  100.00
04:06:09 PM  111    0.00    0.00    0.00    0.00    0.00    0.00    0.00    0.00    0.00  100.00
04:06:09 PM  112    0.00    0.00    0.00    0.00    0.00    0.00    0.00    0.00    0.00  100.00
04:06:09 PM  113    0.00    0.00    0.00    0.00    0.00    0.00    0.00    0.00    0.00  100.00
04:06:09 PM  114    0.00    0.00    0.00    0.00    0.00    0.00    0.00    0.00    0.00  100.00
04:06:09 PM  115    0.00    0.00    0.00    0.00    0.00    0.00    0.00    0.00    0.00  100.00
04:06:09 PM  116    0.00    0.00    0.00    0.00    0.00    0.00    0.00    0.00    0.00  100.00
04:06:09 PM  117    0.00    0.00    0.00    0.00    0.00    0.00    0.00    0.00    0.00  100.00
04:06:09 PM  118    0.00    0.00    0.00    0.00    0.00    0.00    0.00    0.00    0.00  100.00
04:06:09 PM  119    0.00    0.00    0.00    0.00    0.00    0.00    0.00    0.00    0.00  100.00
04:06:09 PM  120    0.00    0.00    0.00    0.00    0.00    0.00    0.00    0.00    0.00  100.00
04:06:09 PM  121    0.00    0.00    0.00    0.00    0.00    0.00    0.00    0.00    0.00  100.00
04:06:09 PM  122    0.00    0.00    0.00    0.00    0.00    0.00    0.00    0.00    0.00  100.00
04:06:09 PM  123    0.00    0.00    0.00    0.00    0.00    0.00    0.00    0.00    0.00  100.00
04:06:09 PM  124    0.00    0.00    0.00    0.00    0.00    0.00    0.00    0.00    0.00  100.00
04:06:09 PM  125    0.00    0.00    0.00    0.00    0.00    0.00    0.00    0.00    0.00  100.00
04:06:09 PM  126    0.00    0.00    0.00    0.00    0.00    0.00    0.00    0.00    0.00  100.00
04:06:09 PM  127    0.00    0.00    0.00    0.00    0.00    0.00    0.00    0.00    0.00  100.00
04:06:09 PM  128    0.00    0.00    0.00    0.00    0.00    0.00    0.00    0.00    0.00  100.00
04:06:09 PM  129    0.00    0.00    0.00    0.00    0.00    0.00    0.00    0.00    0.00  100.00
04:06:09 PM  130    0.00    0.00    0.00    0.00    0.00    0.00    0.00    0.00    0.00  100.00
04:06:09 PM  131    0.00    0.00    0.00    0.00    0.00    0.00    0.00    0.00    0.00  100.00
04:06:09 PM  132    0.00    0.00    0.00    0.00    0.00    0.00    0.00    0.00    0.00  100.00
04:06:09 PM  133    0.00    0.00    0.00    0.00    0.00    0.00    0.00    0.00    0.00  100.00
04:06:09 PM  134    0.00    0.00    0.00    0.00    0.00    0.00    0.00    0.00    0.00  100.00
04:06:09 PM  135    0.00    0.00    0.00    0.00    0.00    0.00    0.00    0.00    0.00  100.00
04:06:09 PM  136    0.00    0.00    0.00    0.00    0.00    0.00    0.00    0.00    0.00  100.00
04:06:09 PM  137    0.00    0.00    0.00    0.00    0.00    0.00    0.00    0.00    0.00  100.00
04:06:09 PM  138    0.00    0.00    0.00    0.00    0.00    0.00    0.00    0.00    0.00  100.00
04:06:09 PM  139    0.00    0.00    0.00    0.00    0.00    0.00    0.00    0.00    0.00  100.00
04:06:09 PM  140    0.00    0.00    0.00    0.00    0.00    0.00    0.00    0.00    0.00  100.00
04:06:09 PM  141    0.00    0.00    0.00    0.00    0.00    0.00    0.00    0.00    0.00  100.00
04:06:09 PM  142    0.00    0.00    0.00    0.00    0.00    0.00    0.00    0.00    0.00  100.00
04:06:09 PM  143    0.00    0.00    0.00    0.00    0.00    0.00    0.00    0.00    0.00  100.00
04:06:09 PM  144    0.00    0.00    0.00    0.00    0.00    0.00    0.00    0.00    0.00  100.00
04:06:09 PM  145    0.00    0.00    0.00    0.00    0.00    0.00    0.00    0.00    0.00  100.00
04:06:09 PM  146    0.00    0.00    0.00    0.00    0.00    0.00    0.00    0.00    0.00  100.00
04:06:09 PM  147    0.00    0.00    0.00    0.00    0.00    0.00    0.00    0.00    0.00  100.00
04:06:09 PM  148    0.00    0.00    0.00    0.00    0.00    0.00    0.00    0.00    0.00  100.00
04:06:09 PM  149    0.00    0.00    0.00    0.00    0.00    0.00    0.00    0.00    0.00  100.00
04:06:09 PM  150    0.00    0.00    0.00    0.00    0.00    0.00    0.00    0.00    0.00  100.00
04:06:09 PM  151    0.00    0.00    0.00    0.00    0.00    0.00    0.00    0.00    0.00  100.00
04:06:09 PM  152    0.00    0.00    0.00    0.00    0.00    0.00    0.00    0.00    0.00  100.00
04:06:09 PM  153    0.00    0.00    0.00    0.00    0.00    0.00    0.00    0.00    0.00  100.00
04:06:09 PM  154    0.00    0.00    0.00    0.00    0.00    0.00    0.00    0.00    0.00  100.00
04:06:09 PM  155    0.00    0.00    0.00    0.00    0.00    0.00    0.00    0.00    0.00  100.00
04:06:09 PM  156    0.00    0.00    0.00    0.00    0.00    0.00    0.00    0.00    0.00  100.00
04:06:09 PM  157    0.00    0.00    0.00    0.00    0.00    0.00    0.00    0.00    0.00  100.00
04:06:09 PM  158    0.00    0.00    0.00    0.00    0.00    0.00    0.00    0.00    0.00  100.00
04:06:09 PM  159    0.00    0.00    0.00    0.00    0.00    0.00    0.00    0.00    0.00  100.00
04:06:09 PM  160    0.00    0.00    0.00    0.00    0.00    0.00    0.00    0.00    0.00  100.00
04:06:09 PM  161    0.00    0.00    0.00    0.00    0.00    0.00    0.00    0.00    0.00  100.00
04:06:09 PM  162    0.00    0.00    0.00    0.00    0.00    0.00    0.00    0.00    0.00  100.00
04:06:09 PM  163    0.00    0.00    0.00    0.00    0.00    0.00    0.00    0.00    0.00  100.00
04:06:09 PM  164    0.00    0.00    0.00    0.00    0.00    0.00    0.00    0.00    0.00  100.00
04:06:09 PM  165    0.00    0.00    0.00    0.00    0.00    0.00    0.00    0.00    0.00  100.00
04:06:09 PM  166    0.00    0.00    0.00    0.00    0.00    0.00    0.00    0.00    0.00  100.00
04:06:09 PM  167    0.00    0.00    0.00    0.00    0.00    0.00    0.00    0.00    0.00  100.00
04:06:09 PM  168    0.00    0.00    0.00    0.00    0.00    0.00    0.00    0.00    0.00  100.00
04:06:09 PM  169    0.00    0.00    0.00    0.00    0.00    0.00    0.00    0.00    0.00  100.00
04:06:09 PM  170    0.00    0.00    0.00    0.00    0.00    0.00    0.00    0.00    0.00  100.00
04:06:09 PM  171    0.00    0.00    0.00    0.00    0.00    0.00    0.00    0.00    0.00  100.00
04:06:09 PM  172    0.00    0.00    0.00    0.00    0.00    0.00    0.00    0.00    0.00  100.00
04:06:09 PM  173    0.00    0.00    0.00    0.00    0.00    0.00    0.00    0.00    0.00  100.00
04:06:09 PM  174    0.00    0.00    0.00    0.00    0.00    0.00    0.00    0.00    0.00  100.00
04:06:09 PM  175    0.00    0.00    0.00    0.00    0.00    0.00    0.00    0.00    0.00  100.00
04:06:09 PM  176    0.00    0.00    0.00    0.00    0.00    0.00    0.00    0.00    0.00  100.00
04:06:09 PM  177    0.00    0.00    0.00    0.00    0.00    0.00    0.00    0.00    0.00  100.00
04:06:09 PM  178    0.00    0.00    0.00    0.00    0.00    0.00    0.00    0.00    0.00  100.00
04:06:09 PM  179    0.00    0.00    0.00    0.00    0.00    0.00    0.00    0.00    0.00  100.00
04:06:09 PM  180    0.00    0.00    0.00    0.00    0.00    0.00    0.00    0.00    0.00  100.00
04:06:09 PM  181    0.00    0.00    0.00    0.00    0.00    0.00    0.00    0.00    0.00  100.00
04:06:09 PM  182    0.00    0.00    0.00    0.00    0.00    0.00    0.00    0.00    0.00  100.00
04:06:09 PM  183    0.00    0.00    0.00    0.00    0.00    0.00    0.00    0.00    0.00  100.00
04:06:09 PM  184    0.00    0.00    0.00    0.00    0.00    0.00    0.00    0.00    0.00  100.00
04:06:09 PM  185    0.00    0.00    0.00    0.00    0.00    0.00    0.00    0.00    0.00  100.00
04:06:09 PM  186    0.00    0.00    0.00    0.00    0.00    0.00    0.00    0.00    0.00  100.00
04:06:09 PM  187    0.00    0.00    0.00    0.00    0.00    0.00    0.00    0.00    0.00  100.00
04:06:09 PM  188    0.00    0.00    0.00    0.00    0.00    0.00    0.00    0.00    0.00  100.00
04:06:09 PM  189    0.00    0.00    0.00    0.00    0.00    0.00    0.00    0.00    0.00  100.00
04:06:09 PM  190    0.00    0.00    0.00    0.00    0.00    0.00    0.00    0.00    0.00  100.00
04:06:09 PM  191    0.00    0.00    0.00    0.00    0.00    0.00    0.00    0.00    0.00  100.00
04:06:09 PM  192    0.00    0.00    0.00    0.00    0.00    0.00    0.00    0.00    0.00  100.00
04:06:09 PM  193    0.00    0.00    0.00    0.00    0.00    0.00    0.00    0.00    0.00  100.00
04:06:09 PM  194    0.00    0.00    0.00    0.00    0.00    0.00    0.00    0.00    0.00  100.00
04:06:09 PM  195    0.00    0.00    0.00    0.00    0.00    0.00    0.00    0.00    0.00  100.00
04:06:09 PM  196    0.00    0.00    0.00    0.00    0.00    0.00    0.00    0.00    0.00  100.00
04:06:09 PM  197    0.00    0.00    0.00    0.00    0.00    0.00    0.00    0.00    0.00  100.00
04:06:09 PM  198    0.00    0.00    0.00    0.00    0.00    0.00    0.00    0.00    0.00  100.00
04:06:09 PM  199    0.00    0.00    0.00    0.00    0.00    0.00    0.00    0.00    0.00  100.00
04:06:09 PM  200    0.00    0.00    0.00    0.00    0.00    0.00    0.00    0.00    0.00  100.00
04:06:09 PM  201    0.00    0.00    0.00    0.00    0.00    0.00    0.00    0.00    0.00  100.00
04:06:09 PM  202    0.00    0.00    0.00    0.00    0.00    0.00    0.00    0.00    0.00  100.00
04:06:09 PM  203    0.00    0.00    0.00    0.00    0.00    0.00    0.00    0.00    0.00  100.00
04:06:09 PM  204    0.00    0.00    0.00    0.00    0.00    0.00    0.00    0.00    0.00  100.00
04:06:09 PM  205    0.00    0.00    0.00    0.00    0.00    0.00    0.00    0.00    0.00  100.00
04:06:09 PM  206    0.00    0.00    0.00    0.00    0.00    0.00    0.00    0.00    0.00  100.00
04:06:09 PM  207    0.00    0.00    0.00    0.00    0.00    0.00    0.00    0.00    0.00  100.00
04:06:09 PM  208    0.00    0.00    0.00    0.00    0.00    0.00    0.00    0.00    0.00  100.00
04:06:09 PM  209    0.00    0.00    0.00    0.00    0.00    0.00    0.00    0.00    0.00  100.00
04:06:09 PM  210    0.00    0.00    0.00    0.00    0.00    0.00    0.00    0.00    0.00  100.00
04:06:09 PM  211    0.00    0.00    0.00    0.00    0.00    0.00    0.00    0.00    0.00  100.00
04:06:09 PM  212    0.00    0.00    0.00    0.00    0.00    0.00    0.00    0.00    0.00  100.00
04:06:09 PM  213    0.00    0.00    1.00    0.00    0.00    0.00    0.00    0.00    0.00   99.00
04:06:09 PM  214    0.00    0.00    0.00    0.00    0.00    0.00    0.00    0.00    0.00  100.00
04:06:09 PM  215    0.00    0.00    0.00    0.00    0.00    0.00    0.00    0.00    0.00  100.00
04:06:09 PM  216    0.00    0.00    0.00    0.00    0.00    0.00    0.00    0.00    0.00  100.00
04:06:09 PM  217    0.00    0.00    0.00    0.00    0.00    0.00    0.00    0.00    0.00  100.00
04:06:09 PM  218    0.00    0.00    0.00    0.00    0.00    0.00    0.00    0.00    0.00  100.00
04:06:09 PM  219    0.00    0.00    0.00    0.00    0.00    0.00    0.00    0.00    0.00  100.00
04:06:09 PM  220    0.00    0.00    0.00    0.00    0.00    0.00    0.00    0.00    0.00  100.00
04:06:09 PM  221    0.00    0.00    0.00    0.00    0.00    0.00    0.00    0.00    0.00  100.00
04:06:09 PM  222    0.00    0.00    0.00    0.00    0.00    0.00    0.00    0.00    0.00  100.00
04:06:09 PM  223    0.00    0.00    0.00    0.00    0.00    0.00    0.00    0.00    0.00  100.00
04:06:09 PM  224    0.00    0.00    0.00    0.00    0.00    0.00    0.00    0.00    0.00  100.00
04:06:09 PM  225    0.00    0.00    0.00    0.00    0.00    0.00    0.00    0.00    0.00  100.00
04:06:09 PM  226    0.00    0.00    0.00    0.00    0.00    0.00    0.00    0.00    0.00  100.00
04:06:09 PM  227    0.00    0.00    0.00    0.00    0.00    0.00    0.00    0.00    0.00  100.00
04:06:09 PM  228    0.00    0.00    0.00    0.00    0.00    0.00    0.00    0.00    0.00  100.00
04:06:09 PM  229    0.00    0.00    0.00    0.00    0.00    0.00    0.00    0.00    0.00  100.00
04:06:09 PM  230    0.00    0.00    0.00    0.00    0.00    0.00    0.00    0.00    0.00  100.00
04:06:09 PM  231    0.00    0.00    0.00    0.00    0.00    0.00    0.00    0.00    0.00  100.00
04:06:09 PM  232    0.00    0.00    0.00    0.00    0.00    0.00    0.00    0.00    0.00  100.00
04:06:09 PM  233    0.00    0.00    0.00    0.00    0.00    0.00    0.00    0.00    0.00  100.00
04:06:09 PM  234    0.00    0.00    0.00    0.00    0.00    0.00    0.00    0.00    0.00  100.00
04:06:09 PM  235    0.00    0.00    0.00    0.00    0.00    0.00    0.00    0.00    0.00  100.00
04:06:09 PM  236    0.00    0.00    0.00    0.00    0.00    0.00    0.00    0.00    0.00  100.00
04:06:09 PM  237    0.00    0.00    0.00    0.00    0.00    0.00    0.00    0.00    0.00  100.00
04:06:09 PM  238    0.00    0.00    0.00    0.00    0.00    0.00    0.00    0.00    0.00  100.00
04:06:09 PM  239    0.00    0.00    0.00    0.00    0.00    0.00    0.00    0.00    0.00  100.00
04:06:09 PM  240    0.00    0.00    0.00    0.00    0.00    0.00    0.00    0.00    0.00  100.00
04:06:09 PM  241    0.00    0.00    0.00    0.00    0.00    0.00    0.00    0.00    0.00  100.00
04:06:09 PM  242    0.00    0.00    0.00    0.00    0.00    0.00    0.00    0.00    0.00  100.00
04:06:09 PM  243    0.00    0.00    0.00    0.00    0.00    0.00    0.00    0.00    0.00  100.00
04:06:09 PM  244    0.00    0.00    0.00    0.00    0.00    0.00    0.00    0.00    0.00  100.00
04:06:09 PM  245    0.00    0.00    0.00    0.00    0.00    0.00    0.00    0.00    0.00  100.00
04:06:09 PM  246    0.00    0.00    0.00    0.00    0.00    0.00    0.00    0.00    0.00  100.00
04:06:09 PM  247    0.00    0.00    0.00    0.00    0.00    0.00    0.00    0.00    0.00  100.00
04:06:09 PM  248    0.00    0.00    0.00    0.00    0.00    0.00    0.00    0.00    0.00  100.00
04:06:09 PM  249    0.00    0.00    0.00    0.00    0.00    0.00    0.00    0.00    0.00  100.00
04:06:09 PM  250    0.00    0.00    0.00    0.00    0.00    0.00    0.00    0.00    0.00  100.00
04:06:09 PM  251    0.00    0.00    0.00    0.00    0.00    0.00    0.00    0.00    0.00  100.00
04:06:09 PM  252    0.00    0.00    0.00    0.00    0.00    0.00    0.00    0.00    0.00  100.00
04:06:09 PM  253    0.00    0.00    0.00    0.00    0.00    0.00    0.00    0.00    0.00  100.00
04:06:09 PM  254    0.00    0.00    0.00    0.00    0.00    0.00    0.00    0.00    0.00  100.00
04:06:09 PM  255    0.00    0.00    0.00    0.00    0.00    0.00    0.00    0.00    0.00  100.00

04:06:09 PM  CPU    %usr   %nice    %sys %iowait    %irq   %soft  %steal  %guest  %gnice   %idle
04:06:10 PM  all    0.00    0.00    0.40    0.07    0.00    0.00    0.00    0.00    0.00   99.53
04:06:10 PM    0    0.00    0.00    0.00    0.00    0.00    0.00    0.00    0.00    0.00  100.00
04:06:10 PM    1    0.00    0.00  100.00    0.00    0.00    0.00    0.00    0.00    0.00    0.00
04:06:10 PM    2    0.00    0.00    0.00    0.00    0.00    0.00    0.00    0.00    0.00  100.00
04:06:10 PM    3    0.00    0.00    0.00    0.00    0.00    0.00    0.00    0.00    0.00  100.00
04:06:10 PM    4    0.00    0.00    0.00    0.00    0.00    0.00    0.00    0.00    0.00  100.00
04:06:10 PM    5    0.00    0.00    0.00    0.00    0.00    0.00    0.00    0.00    0.00  100.00
04:06:10 PM    6    0.00    0.00    0.00    0.00    0.00    0.00    0.00    0.00    0.00  100.00
04:06:10 PM    7    0.00    0.00    0.00    0.00    0.00    0.00    0.00    0.00    0.00  100.00
04:06:10 PM    8    0.00    0.00    0.00    0.00    0.00    0.00    0.00    0.00    0.00  100.00
04:06:10 PM    9    0.00    0.00    0.00    0.00    0.00    0.00    0.00    0.00    0.00  100.00
04:06:10 PM   10    0.00    0.00    0.00    0.00    0.00    0.00    0.00    0.00    0.00  100.00
04:06:10 PM   11    0.00    0.00    0.00    0.00    0.00    0.00    0.00    0.00    0.00  100.00
04:06:10 PM   12    0.00    0.00    0.00    0.00    0.00    0.00    0.00    0.00    0.00  100.00
04:06:10 PM   13    0.00    0.00    0.00    0.00    0.00    0.00    0.00    0.00    0.00  100.00
04:06:10 PM   14    0.00    0.00    0.00    0.00    0.00    0.00    0.00    0.00    0.00  100.00
04:06:10 PM   15    0.00    0.00    0.00    0.00    0.00    0.00    0.00    0.00    0.00  100.00
04:06:10 PM   16    0.00    0.00    0.00    0.00    0.00    0.00    0.00    0.00    0.00  100.00
04:06:10 PM   17    0.00    0.00    0.00    0.00    0.00    0.00    0.00    0.00    0.00  100.00
04:06:10 PM   18    0.00    0.00    0.00    0.00    0.00    0.00    0.00    0.00    0.00  100.00
04:06:10 PM   19    0.00    0.00    0.00    0.00    0.00    0.00    0.00    0.00    0.00  100.00
04:06:10 PM   20    0.00    0.00    0.00    0.00    0.00    0.00    0.00    0.00    0.00  100.00
04:06:10 PM   21    0.00    0.00    0.00    0.00    0.00    0.00    0.00    0.00    0.00  100.00
04:06:10 PM   22    0.00    0.00    0.00    0.00    0.00    0.00    0.00    0.00    0.00  100.00
04:06:10 PM   23    0.00    0.00    0.00    0.00    0.00    0.00    0.00    0.00    0.00  100.00
04:06:10 PM   24    0.00    0.00    0.00    0.00    0.00    0.00    0.00    0.00    0.00  100.00
04:06:10 PM   25    0.00    0.00    0.00    0.00    0.00    0.00    0.00    0.00    0.00  100.00
04:06:10 PM   26    0.00    0.00    0.00    0.00    0.00    0.00    0.00    0.00    0.00  100.00
04:06:10 PM   27    0.00    0.00    0.00    0.00    0.00    0.00    0.00    0.00    0.00  100.00
04:06:10 PM   28    0.00    0.00    0.00    0.00    0.00    0.00    0.00    0.00    0.00  100.00
04:06:10 PM   29    0.00    0.00    0.00    0.00    0.00    0.00    0.00    0.00    0.00  100.00
04:06:10 PM   30    0.00    0.00    0.00    0.00    0.00    0.00    0.00    0.00    0.00  100.00
04:06:10 PM   31    0.00    0.00    0.00    0.00    0.00    0.00    0.00    0.00    0.00  100.00
04:06:10 PM   32    0.00    0.00    0.00    0.00    0.00    0.00    0.00    0.00    0.00  100.00
04:06:10 PM   33    0.00    0.00    0.00    0.00    0.00    0.00    0.00    0.00    0.00  100.00
04:06:10 PM   34    0.00    0.00    0.00    0.00    0.00    0.00    0.00    0.00    0.00  100.00
04:06:10 PM   35    0.00    0.00    0.00    0.00    0.00    0.00    0.00    0.00    0.00  100.00
04:06:10 PM   36    0.00    0.00    0.00    0.00    0.00    0.00    0.00    0.00    0.00  100.00
04:06:10 PM   37    0.00    0.00    0.00    0.00    0.00    0.00    0.00    0.00    0.00  100.00
04:06:10 PM   38    0.00    0.00    0.00    0.00    0.00    0.00    0.00    0.00    0.00  100.00
04:06:10 PM   39    0.00    0.00    0.00    0.00    0.00    0.00    0.00    0.00    0.00  100.00
04:06:10 PM   40    0.00    0.00    0.00    0.00    0.00    0.00    0.00    0.00    0.00  100.00
04:06:10 PM   41    0.00    0.00    0.00    0.00    0.00    0.00    0.00    0.00    0.00  100.00
04:06:10 PM   42    0.00    0.00    0.00    0.00    0.00    0.00    0.00    0.00    0.00  100.00
04:06:10 PM   43    0.00    0.00    0.00    0.00    0.00    0.00    0.00    0.00    0.00  100.00
04:06:10 PM   44    0.00    0.00    0.00    0.00    0.00    0.00    0.00    0.00    0.00  100.00
04:06:10 PM   45    0.00    0.00    0.00    0.00    0.00    0.00    0.00    0.00    0.00  100.00
04:06:10 PM   46    0.00    0.00    0.00    0.00    0.00    0.00    0.00    0.00    0.00  100.00
04:06:10 PM   47    0.00    0.00    0.00    0.00    0.00    0.00    0.00    0.00    0.00  100.00
04:06:10 PM   48    0.00    0.00    0.00    0.00    0.00    0.00    0.00    0.00    0.00  100.00
04:06:10 PM   49    0.00    0.00    0.00    0.00    0.00    0.00    0.00    0.00    0.00  100.00
04:06:10 PM   50    0.00    0.00    0.00    0.00    0.00    0.00    0.00    0.00    0.00  100.00
04:06:10 PM   51    0.00    0.00    0.00    0.00    0.00    0.00    0.00    0.00    0.00  100.00
04:06:10 PM   52    0.00    0.00    0.00    0.00    0.00    0.00    0.00    0.00    0.00  100.00
04:06:10 PM   53    0.00    0.00    0.00    0.00    0.00    0.00    0.00    0.00    0.00  100.00
04:06:10 PM   54    0.00    0.00    0.00    0.00    0.00    0.00    0.00    0.00    0.00  100.00
04:06:10 PM   55    0.00    0.00    0.00    0.00    0.00    0.00    0.00    0.00    0.00  100.00
04:06:10 PM   56    0.00    0.00    0.00    0.00    0.00    0.00    0.00    0.00    0.00  100.00
04:06:10 PM   57    0.00    0.00    0.00    0.00    0.00    0.00    0.00    0.00    0.00  100.00
04:06:10 PM   58    0.00    0.00    0.00    0.00    0.00    0.00    0.00    0.00    0.00  100.00
04:06:10 PM   59    0.00    0.00    0.00    0.00    0.00    0.00    0.00    0.00    0.00  100.00
04:06:10 PM   60    0.00    0.00    0.00    0.00    0.00    0.00    0.00    0.00    0.00  100.00
04:06:10 PM   61    0.00    0.00    0.00    0.00    0.00    0.00    0.00    0.00    0.00  100.00
04:06:10 PM   62    0.00    0.00    0.00    0.00    0.00    0.00    0.00    0.00    0.00  100.00
04:06:10 PM   63    0.00    0.00    0.00    0.00    0.00    0.00    0.00    0.00    0.00  100.00
04:06:10 PM   64    0.00    0.00    0.00    0.00    0.00    0.00    0.00    0.00    0.00  100.00
04:06:10 PM   65    0.00    0.00    0.00    0.00    0.00    0.00    0.00    0.00    0.00  100.00
04:06:10 PM   66    0.00    0.00    0.00    0.00    0.00    0.00    0.00    0.00    0.00  100.00
04:06:10 PM   67    0.00    0.00    0.00    0.00    0.00    0.00    0.00    0.00    0.00  100.00
04:06:10 PM   68    0.00    0.00    0.00    0.00    0.00    0.00    0.00    0.00    0.00  100.00
04:06:10 PM   69    0.00    0.00    0.00    0.00    0.00    0.00    0.00    0.00    0.00  100.00
04:06:10 PM   70    0.00    0.00    0.00    0.00    0.00    0.00    0.00    0.00    0.00  100.00
04:06:10 PM   71    0.00    0.00    0.00    0.00    0.00    0.00    0.00    0.00    0.00  100.00
04:06:10 PM   72    0.00    0.00    0.00    0.00    0.00    0.00    0.00    0.00    0.00  100.00
04:06:10 PM   73    0.00    0.00    0.00    0.00    0.00    0.00    0.00    0.00    0.00  100.00
04:06:10 PM   74    0.00    0.00    0.00    0.00    0.00    0.00    0.00    0.00    0.00  100.00
04:06:10 PM   75    0.00    0.00    0.00    0.00    0.00    0.00    0.00    0.00    0.00  100.00
04:06:10 PM   76    0.00    0.00    0.00    0.00    0.00    0.00    0.00    0.00    0.00  100.00
04:06:10 PM   77    0.00    0.00    0.00    0.00    0.00    0.00    0.00    0.00    0.00  100.00
04:06:10 PM   78    0.00    0.00    0.00    0.00    0.00    0.00    0.00    0.00    0.00  100.00
04:06:10 PM   79    0.00    0.00    0.00    0.00    0.00    0.00    0.00    0.00    0.00  100.00
04:06:10 PM   80    0.00    0.00    0.00    0.00    0.00    0.00    0.00    0.00    0.00  100.00
04:06:10 PM   81    0.00    0.00    0.00    0.00    0.00    0.00    0.00    0.00    0.00  100.00
04:06:10 PM   82    0.00    0.00    0.00    0.00    0.00    0.00    0.00    0.00    0.00  100.00
04:06:10 PM   83    0.00    0.00    0.00    0.00    0.00    0.00    0.00    0.00    0.00  100.00
04:06:10 PM   84    0.00    0.00    0.00    0.00    0.00    0.00    0.00    0.00    0.00  100.00
04:06:10 PM   85    0.00    0.00    0.00    0.00    0.00    0.00    0.00    0.00    0.00  100.00
04:06:10 PM   86    0.00    0.00    0.00    0.00    0.00    0.00    0.00    0.00    0.00  100.00
04:06:10 PM   87    0.00    0.00    0.00    0.00    0.00    0.00    0.00    0.00    0.00  100.00
04:06:10 PM   88    0.00    0.00    0.00    0.00    0.00    0.00    0.00    0.00    0.00  100.00
04:06:10 PM   89    0.00    0.00    0.00    0.00    0.00    0.00    0.00    0.00    0.00  100.00
04:06:10 PM   90    0.00    0.00    0.00    0.00    0.00    0.00    0.00    0.00    0.00  100.00
04:06:10 PM   91    0.00    0.00    0.00    0.00    0.00    0.00    0.00    0.00    0.00  100.00
04:06:10 PM   92    0.00    0.00    0.00    0.00    0.00    0.00    0.00    0.00    0.00  100.00
04:06:10 PM   93    0.00    0.00    0.00    0.00    0.00    0.00    0.00    0.00    0.00  100.00
04:06:10 PM   94    0.00    0.00    0.00    0.00    0.00    0.00    0.00    0.00    0.00  100.00
04:06:10 PM   95    0.00    0.00    0.00    0.00    0.00    0.00    0.00    0.00    0.00  100.00
04:06:10 PM   96    0.00    0.00    0.00    0.00    0.00    0.00    0.00    0.00    0.00  100.00
04:06:10 PM   97    0.00    0.00    0.00    0.00    0.00    0.00    0.00    0.00    0.00  100.00
04:06:10 PM   98    0.00    0.00    0.00    0.00    0.00    0.00    0.00    0.00    0.00  100.00
04:06:10 PM   99    0.00    0.00    0.00    0.00    0.00    0.00    0.00    0.00    0.00  100.00
04:06:10 PM  100    0.00    0.00    0.00    0.00    0.00    0.00    0.00    0.00    0.00  100.00
04:06:10 PM  101    0.00    0.00    0.00    0.00    0.00    0.00    0.00    0.00    0.00  100.00
04:06:10 PM  102    0.00    0.00    0.00    0.00    0.00    0.00    0.00    0.00    0.00  100.00
04:06:10 PM  103    0.00    0.00    0.00    0.00    0.00    0.00    0.00    0.00    0.00  100.00
04:06:10 PM  104    0.00    0.00    0.00    0.00    0.00    0.00    0.00    0.00    0.00  100.00
04:06:10 PM  105    0.00    0.00    0.00    0.00    0.00    0.00    0.00    0.00    0.00  100.00
04:06:10 PM  106    0.00    0.00    0.00    0.00    0.00    0.00    0.00    0.00    0.00  100.00
04:06:10 PM  107    0.00    0.00    0.00    0.00    0.00    0.00    0.00    0.00    0.00  100.00
04:06:10 PM  108    0.00    0.00    0.00    0.00    0.00    0.00    0.00    0.00    0.00  100.00
04:06:10 PM  109    0.00    0.00    0.00    0.00    0.00    0.00    0.00    0.00    0.00  100.00
04:06:10 PM  110    0.00    0.00    0.00    0.00    0.00    0.00    0.00    0.00    0.00  100.00
04:06:10 PM  111    0.00    0.00    0.00    0.00    0.00    0.00    0.00    0.00    0.00  100.00
04:06:10 PM  112    0.00    0.00    0.00    0.00    0.00    0.00    0.00    0.00    0.00  100.00
04:06:10 PM  113    0.00    0.00    0.00    0.00    0.00    0.00    0.00    0.00    0.00  100.00
04:06:10 PM  114    0.00    0.00    0.00    0.00    0.00    0.00    0.00    0.00    0.00  100.00
04:06:10 PM  115    0.00    0.00    0.00    0.00    0.00    0.00    0.00    0.00    0.00  100.00
04:06:10 PM  116    0.00    0.00    0.00    0.00    0.00    0.00    0.00    0.00    0.00  100.00
04:06:10 PM  117    0.00    0.00    0.00    0.00    0.00    0.00    0.00    0.00    0.00  100.00
04:06:10 PM  118    0.00    0.00    0.00    0.00    0.00    0.00    0.00    0.00    0.00  100.00
04:06:10 PM  119    0.00    0.00    0.00    0.00    0.00    0.00    0.00    0.00    0.00  100.00
04:06:10 PM  120    0.00    0.00    0.00    0.00    0.00    0.00    0.00    0.00    0.00  100.00
04:06:10 PM  121    0.00    0.00    0.00    0.00    0.00    0.00    0.00    0.00    0.00  100.00
04:06:10 PM  122    0.00    0.00    0.00    0.00    0.00    0.00    0.00    0.00    0.00  100.00
04:06:10 PM  123    0.00    0.00    0.00    0.00    0.00    0.00    0.00    0.00    0.00  100.00
04:06:10 PM  124    0.00    0.00    0.00    0.00    0.00    0.00    0.00    0.00    0.00  100.00
04:06:10 PM  125    0.00    0.00    0.00    0.00    0.00    0.00    0.00    0.00    0.00  100.00
04:06:10 PM  126    0.00    0.00    0.00    0.00    0.00    0.00    0.00    0.00    0.00  100.00
04:06:10 PM  127    0.00    0.00    0.00    0.00    0.00    0.00    0.00    0.00    0.00  100.00
04:06:10 PM  128    0.00    0.00    0.00    0.00    0.00    0.00    0.00    0.00    0.00  100.00
04:06:10 PM  129    0.00    0.00    0.00    0.00    0.00    0.00    0.00    0.00    0.00  100.00
04:06:10 PM  130    0.00    0.00    0.00    0.00    0.00    0.00    0.00    0.00    0.00  100.00
04:06:10 PM  131    0.00    0.00    0.00    0.00    0.00    0.00    0.00    0.00    0.00  100.00
04:06:10 PM  132    0.00    0.00    0.00    0.00    0.00    0.00    0.00    0.00    0.00  100.00
04:06:10 PM  133    0.00    0.00    0.00    0.00    0.00    0.00    0.00    0.00    0.00  100.00
04:06:10 PM  134    0.00    0.00    0.00    0.00    0.00    0.00    0.00    0.00    0.00  100.00
04:06:10 PM  135    0.00    0.00    0.00    0.00    0.00    0.00    0.00    0.00    0.00  100.00
04:06:10 PM  136    0.00    0.00    0.00    0.00    0.00    0.00    0.00    0.00    0.00  100.00
04:06:10 PM  137    0.00    0.00    0.00    0.00    0.00    0.00    0.00    0.00    0.00  100.00
04:06:10 PM  138    0.00    0.00    0.00    0.00    0.00    0.00    0.00    0.00    0.00  100.00
04:06:10 PM  139    0.00    0.00    0.00    0.00    0.00    0.00    0.00    0.00    0.00  100.00
04:06:10 PM  140    0.00    0.00    0.00    0.00    0.00    0.00    0.00    0.00    0.00  100.00
04:06:10 PM  141    0.00    0.00    0.00    0.00    0.00    0.00    0.00    0.00    0.00  100.00
04:06:10 PM  142    0.00    0.00    0.00    0.00    0.00    0.00    0.00    0.00    0.00  100.00
04:06:10 PM  143    0.00    0.00    0.00    0.00    0.00    0.00    0.00    0.00    0.00  100.00
04:06:10 PM  144    0.00    0.00    0.00    0.00    0.00    0.00    0.00    0.00    0.00  100.00
04:06:10 PM  145    0.00    0.00    0.00    0.00    0.00    0.00    0.00    0.00    0.00  100.00
04:06:10 PM  146    0.00    0.00    0.00    0.00    0.00    0.00    0.00    0.00    0.00  100.00
04:06:10 PM  147    0.00    0.00    0.00    0.00    0.00    0.00    0.00    0.00    0.00  100.00
04:06:10 PM  148    0.00    0.00    0.00    0.00    0.00    0.00    0.00    0.00    0.00  100.00
04:06:10 PM  149    0.00    0.00    0.00    0.00    0.00    0.00    0.00    0.00    0.00  100.00
04:06:10 PM  150    0.00    0.00    0.00    0.00    0.00    0.00    0.00    0.00    0.00  100.00
04:06:10 PM  151    0.00    0.00    0.00    0.00    0.00    0.00    0.00    0.00    0.00  100.00
04:06:10 PM  152    0.00    0.00    0.00    0.00    0.00    0.00    0.00    0.00    0.00  100.00
04:06:10 PM  153    0.00    0.00    0.00    0.00    0.00    0.00    0.00    0.00    0.00  100.00
04:06:10 PM  154    0.00    0.00    0.00    0.00    0.00    0.00    0.00    0.00    0.00  100.00
04:06:10 PM  155    0.00    0.00    0.00    0.00    0.00    0.00    0.00    0.00    0.00  100.00
04:06:10 PM  156    0.00    0.00    0.00    0.00    0.00    0.00    0.00    0.00    0.00  100.00
04:06:10 PM  157    0.00    0.00    0.00    0.00    0.00    0.00    0.00    0.00    0.00  100.00
04:06:10 PM  158    0.00    0.00    0.00    0.00    0.00    0.00    0.00    0.00    0.00  100.00
04:06:10 PM  159    0.00    0.00    0.00    0.00    0.00    0.00    0.00    0.00    0.00  100.00
04:06:10 PM  160    0.00    0.00    0.00    0.00    0.00    0.00    0.00    0.00    0.00  100.00
04:06:10 PM  161    0.00    0.00    0.00    0.00    0.00    0.00    0.00    0.00    0.00  100.00
04:06:10 PM  162    0.00    0.00    0.00    0.00    0.00    0.00    0.00    0.00    0.00  100.00
04:06:10 PM  163    0.00    0.00    0.00    0.00    0.00    0.00    0.00    0.00    0.00  100.00
04:06:10 PM  164    0.00    0.00    0.00    0.00    0.00    0.00    0.00    0.00    0.00  100.00
04:06:10 PM  165    0.00    0.00    0.00    0.00    0.00    0.00    0.00    0.00    0.00  100.00
04:06:10 PM  166    0.00    0.00    0.00    0.00    0.00    0.00    0.00    0.00    0.00  100.00
04:06:10 PM  167    0.00    0.00    0.00    0.00    0.00    0.00    0.00    0.00    0.00  100.00
04:06:10 PM  168    0.00    0.00    0.00    0.00    0.00    0.00    0.00    0.00    0.00  100.00
04:06:10 PM  169    0.00    0.00    0.00    0.00    0.00    0.00    0.00    0.00    0.00  100.00
04:06:10 PM  170    0.00    0.00    0.00    0.00    0.00    0.00    0.00    0.00    0.00  100.00
04:06:10 PM  171    0.00    0.00    0.00    0.00    0.00    0.00    0.00    0.00    0.00  100.00
04:06:10 PM  172    0.00    0.00    0.00    0.00    0.00    0.00    0.00    0.00    0.00  100.00
04:06:10 PM  173    0.00    0.00    0.00    0.00    0.00    0.00    0.00    0.00    0.00  100.00
04:06:10 PM  174    0.00    0.00    0.00    0.00    0.00    0.00    0.00    0.00    0.00  100.00
04:06:10 PM  175    0.00    0.00    0.00    0.00    0.00    0.00    0.00    0.00    0.00  100.00
04:06:10 PM  176    0.00    0.00    0.00    0.00    0.00    0.00    0.00    0.00    0.00  100.00
04:06:10 PM  177    0.00    0.00    0.00    0.00    0.00    0.00    0.00    0.00    0.00  100.00
04:06:10 PM  178    0.00    0.00    0.00    0.00    0.00    0.00    0.00    0.00    0.00  100.00
04:06:10 PM  179    0.00    0.00    0.00    0.00    0.00    0.00    0.00    0.00    0.00  100.00
04:06:10 PM  180    0.00    0.00    0.00    0.00    0.00    0.00    0.00    0.00    0.00  100.00
04:06:10 PM  181    0.00    0.00    0.00    0.00    0.00    0.00    0.00    0.00    0.00  100.00
04:06:10 PM  182    0.00    0.00    0.00    0.00    0.00    0.00    0.00    0.00    0.00  100.00
04:06:10 PM  183    0.00    0.00    0.00    0.00    0.00    0.00    0.00    0.00    0.00  100.00
04:06:10 PM  184    0.00    0.00    0.00    0.00    0.00    0.00    0.00    0.00    0.00  100.00
04:06:10 PM  185    0.00    0.00    0.00    0.00    0.00    0.00    0.00    0.00    0.00  100.00
04:06:10 PM  186    0.00    0.00    0.00    0.00    0.00    0.00    0.00    0.00    0.00  100.00
04:06:10 PM  187    0.00    0.00    0.00    0.00    0.00    0.00    0.00    0.00    0.00  100.00
04:06:10 PM  188    0.00    0.00    0.00    0.00    0.00    0.00    0.00    0.00    0.00  100.00
04:06:10 PM  189    0.00    0.00    0.00    0.00    0.00    0.00    0.00    0.00    0.00  100.00
04:06:10 PM  190    0.00    0.00    0.00    0.00    0.00    0.00    0.00    0.00    0.00  100.00
04:06:10 PM  191    0.00    0.00    0.00    0.00    0.00    0.00    0.00    0.00    0.00  100.00
04:06:10 PM  192    0.00    0.00    0.00    0.00    0.00    0.00    0.00    0.00    0.00  100.00
04:06:10 PM  193    0.00    0.00    0.00    0.00    0.00    0.00    0.00    0.00    0.00  100.00
04:06:10 PM  194    0.00    0.00    0.00    0.00    0.00    0.00    0.00    0.00    0.00  100.00
04:06:10 PM  195    0.00    0.00    0.00    0.00    0.00    0.00    0.00    0.00    0.00  100.00
04:06:10 PM  196    0.00    0.00    0.00    0.00    0.00    0.00    0.00    0.00    0.00  100.00
04:06:10 PM  197    0.00    0.00    0.00    0.00    0.00    0.00    0.00    0.00    0.00  100.00
04:06:10 PM  198    0.00    0.00    0.00    0.00    0.00    0.00    0.00    0.00    0.00  100.00
04:06:10 PM  199    0.00    0.00    0.00    0.00    0.00    0.00    0.00    0.00    0.00  100.00
04:06:10 PM  200    0.00    0.00    1.00    0.00    0.00    0.00    0.00    0.00    0.00   99.00
04:06:10 PM  201    0.00    0.00    0.00    0.00    0.00    0.00    0.00    0.00    0.00  100.00
04:06:10 PM  202    0.00    0.00    0.00    0.00    0.00    0.00    0.00    0.00    0.00  100.00
04:06:10 PM  203    0.00    0.00    0.00    0.00    0.00    0.00    0.00    0.00    0.00  100.00
04:06:10 PM  204    0.00    0.00    0.00    0.00    0.00    0.00    0.00    0.00    0.00  100.00
04:06:10 PM  205    0.00    0.00    0.00    0.00    0.00    0.00    0.00    0.00    0.00  100.00
04:06:10 PM  206    0.00    0.00    0.00    0.00    0.00    0.00    0.00    0.00    0.00  100.00
04:06:10 PM  207    0.00    0.00    0.00    0.00    0.00    0.00    0.00    0.00    0.00  100.00
04:06:10 PM  208    0.00    0.00    0.00    0.00    0.00    0.00    0.00    0.00    0.00  100.00
04:06:10 PM  209    0.00    0.00    0.00    0.00    0.00    0.00    0.00    0.00    0.00  100.00
04:06:10 PM  210    0.00    0.00    0.00    0.00    0.00    0.00    0.00    0.00    0.00  100.00
04:06:10 PM  211    0.00    0.00    0.00    0.00    0.00    0.00    0.00    0.00    0.00  100.00
04:06:10 PM  212    0.00    0.00    0.00    0.00    0.00    0.00    0.00    0.00    0.00  100.00
04:06:10 PM  213    0.00    0.00    1.00    0.00    0.00    0.00    0.00    0.00    0.00   99.00
04:06:10 PM  214    0.00    0.00    0.00    0.00    0.00    0.00    0.00    0.00    0.00  100.00
04:06:10 PM  215    0.00    0.00    0.00    0.00    0.00    0.00    0.00    0.00    0.00  100.00
04:06:10 PM  216    0.00    0.00    0.00    0.00    0.00    0.00    0.00    0.00    0.00  100.00
04:06:10 PM  217    0.00    0.00    0.00    0.00    0.00    0.00    0.00    0.00    0.00  100.00
04:06:10 PM  218    0.00    0.00    0.00    0.00    0.00    0.00    0.00    0.00    0.00  100.00
04:06:10 PM  219    0.00    0.00    0.00    0.00    0.00    0.00    0.00    0.00    0.00  100.00
04:06:10 PM  220    0.00    0.00    0.00    0.00    0.00    0.00    0.00    0.00    0.00  100.00
04:06:10 PM  221    0.00    0.00    0.00    0.00    0.00    0.00    0.00    0.00    0.00  100.00
04:06:10 PM  222    0.00    0.00    0.00    0.00    0.00    0.00    0.00    0.00    0.00  100.00
04:06:10 PM  223    0.00    0.00    0.00    0.00    0.00    0.00    0.00    0.00    0.00  100.00
04:06:10 PM  224    0.00    0.00    0.00    0.00    0.00    0.00    0.00    0.00    0.00  100.00
04:06:10 PM  225    0.00    0.00    0.00    0.00    0.00    0.00    0.00    0.00    0.00  100.00
04:06:10 PM  226    0.00    0.00    0.00    0.00    0.00    0.00    0.00    0.00    0.00  100.00
04:06:10 PM  227    0.00    0.00    0.00    0.00    0.00    0.00    0.00    0.00    0.00  100.00
04:06:10 PM  228    0.00    0.00    0.00    0.00    0.00    0.00    0.00    0.00    0.00  100.00
04:06:10 PM  229    0.00    0.00    0.00    0.00    0.00    0.00    0.00    0.00    0.00  100.00
04:06:10 PM  230    0.00    0.00    0.00    0.00    0.00    0.00    0.00    0.00    0.00  100.00
04:06:10 PM  231    0.00    0.00    0.00    0.00    0.00    0.00    0.00    0.00    0.00  100.00
04:06:10 PM  232    0.00    0.00    0.00    0.00    0.00    0.00    0.00    0.00    0.00  100.00
04:06:10 PM  233    0.00    0.00    0.00    0.00    0.00    0.00    0.00    0.00    0.00  100.00
04:06:10 PM  234    0.00    0.00    0.00    0.00    0.00    0.00    0.00    0.00    0.00  100.00
04:06:10 PM  235    0.00    0.00    0.00    0.00    0.00    0.00    0.00    0.00    0.00  100.00
04:06:10 PM  236    0.00    0.00    0.00    0.00    0.00    0.00    0.00    0.00    0.00  100.00
04:06:10 PM  237    0.00    0.00    0.00    0.00    0.00    0.00    0.00    0.00    0.00  100.00
04:06:10 PM  238    0.00    0.00    0.00    0.00    0.00    0.00    0.00    0.00    0.00  100.00
04:06:10 PM  239    0.00    0.00    0.00    0.00    0.00    0.00    0.00    0.00    0.00  100.00
04:06:10 PM  240    0.00    0.00    0.00    0.00    0.00    0.00    0.00    0.00    0.00  100.00
04:06:10 PM  241    0.00    0.00    0.00    0.00    0.00    0.00    0.00    0.00    0.00  100.00
04:06:10 PM  242    0.00    0.00    0.00    0.00    0.00    0.00    0.00    0.00    0.00  100.00
04:06:10 PM  243    0.00    0.00    0.00    0.00    0.00    0.00    0.00    0.00    0.00  100.00
04:06:10 PM  244    0.00    0.00    0.00    0.00    0.00    0.00    0.00    0.00    0.00  100.00
04:06:10 PM  245    0.00    0.00    0.00    0.00    0.00    0.00    0.00    0.00    0.00  100.00
04:06:10 PM  246    0.00    0.00    0.00    0.00    0.00    0.00    0.00    0.00    0.00  100.00
04:06:10 PM  247    0.00    0.00    0.00    0.00    0.00    0.00    0.00    0.00    0.00  100.00
04:06:10 PM  248    0.00    0.00    0.00    0.00    0.00    0.00    0.00    0.00    0.00  100.00
04:06:10 PM  249    0.00    0.00    0.00    0.00    0.00    0.00    0.00    0.00    0.00  100.00
04:06:10 PM  250    0.00    0.00    0.00   19.00    0.00    0.00    0.00    0.00    0.00   81.00
04:06:10 PM  251    0.00    0.00    0.00    0.00    0.00    0.00    0.00    0.00    0.00  100.00
04:06:10 PM  252    0.00    0.00    0.00    0.00    0.00    0.00    0.00    0.00    0.00  100.00
04:06:10 PM  253    0.00    0.00    0.00    0.00    0.00    0.00    0.00    0.00    0.00  100.00
04:06:10 PM  254    0.00    0.00    0.00    0.00    0.00    0.00    0.00    0.00    0.00  100.00
04:06:10 PM  255    0.00    0.00    0.00    0.00    0.00    0.00    0.00    0.00    0.00  100.00

04:06:10 PM  CPU    %usr   %nice    %sys %iowait    %irq   %soft  %steal  %guest  %gnice   %idle
04:06:11 PM  all    0.00    0.00    0.39    0.07    0.00    0.00    0.00    0.00    0.00   99.53
04:06:11 PM    0    0.00    0.00    0.00    0.00    0.00    0.00    0.00    0.00    0.00  100.00
04:06:11 PM    1    0.00    0.00  100.00    0.00    0.00    0.00    0.00    0.00    0.00    0.00
04:06:11 PM    2    0.00    0.00    0.00    0.00    0.00    0.00    0.00    0.00    0.00  100.00
04:06:11 PM    3    0.00    0.00    0.00    0.00    0.00    0.00    0.00    0.00    0.00  100.00
04:06:11 PM    4    0.00    0.00    0.00    0.00    0.00    0.00    0.00    0.00    0.00  100.00
04:06:11 PM    5    0.00    0.00    0.00    0.00    0.00    0.00    0.00    0.00    0.00  100.00
04:06:11 PM    6    0.00    0.00    0.00    0.00    0.00    0.00    0.00    0.00    0.00  100.00
04:06:11 PM    7    0.00    0.00    0.00    0.00    0.00    0.00    0.00    0.00    0.00  100.00
04:06:11 PM    8    0.00    0.00    0.00    0.00    0.00    0.00    0.00    0.00    0.00  100.00
04:06:11 PM    9    0.00    0.00    0.00    0.00    0.00    0.00    0.00    0.00    0.00  100.00
04:06:11 PM   10    0.00    0.00    0.00    0.00    0.00    0.00    0.00    0.00    0.00  100.00
04:06:11 PM   11    0.00    0.00    0.00    0.00    0.00    0.00    0.00    0.00    0.00  100.00
04:06:11 PM   12    0.00    0.00    0.00    0.00    0.00    0.00    0.00    0.00    0.00  100.00
04:06:11 PM   13    0.00    0.00    0.00    0.00    0.00    0.00    0.00    0.00    0.00  100.00
04:06:11 PM   14    0.00    0.00    0.00    0.00    0.00    0.00    0.00    0.00    0.00  100.00
04:06:11 PM   15    0.00    0.00    0.00    0.00    0.00    0.00    0.00    0.00    0.00  100.00
04:06:11 PM   16    0.00    0.00    0.00    0.00    0.00    0.00    0.00    0.00    0.00  100.00
04:06:11 PM   17    0.00    0.00    0.00    0.00    0.00    0.00    0.00    0.00    0.00  100.00
04:06:11 PM   18    0.00    0.00    0.00    0.00    0.00    0.00    0.00    0.00    0.00  100.00
04:06:11 PM   19    0.00    0.00    0.00    0.00    0.00    0.00    0.00    0.00    0.00  100.00
04:06:11 PM   20    0.00    0.00    0.00    0.00    0.00    0.00    0.00    0.00    0.00  100.00
04:06:11 PM   21    0.00    0.00    0.00    0.00    0.00    0.00    0.00    0.00    0.00  100.00
04:06:11 PM   22    0.00    0.00    0.00    0.00    0.00    0.00    0.00    0.00    0.00  100.00
04:06:11 PM   23    0.00    0.00    0.00    0.00    0.00    0.00    0.00    0.00    0.00  100.00
04:06:11 PM   24    0.00    0.00    0.00    0.00    0.00    0.00    0.00    0.00    0.00  100.00
04:06:11 PM   25    0.00    0.00    0.00    0.00    0.00    0.00    0.00    0.00    0.00  100.00
04:06:11 PM   26    0.00    0.00    0.00    0.00    0.00    0.00    0.00    0.00    0.00  100.00
04:06:11 PM   27    0.00    0.00    0.00    0.00    0.00    0.00    0.00    0.00    0.00  100.00
04:06:11 PM   28    0.00    0.00    0.00    0.00    0.00    0.00    0.00    0.00    0.00  100.00
04:06:11 PM   29    0.00    0.00    0.00    0.00    0.00    0.00    0.00    0.00    0.00  100.00
04:06:11 PM   30    0.00    0.00    0.00    0.00    0.00    0.00    0.00    0.00    0.00  100.00
04:06:11 PM   31    0.00    0.00    0.00    0.00    0.00    0.00    0.00    0.00    0.00  100.00
04:06:11 PM   32    0.00    0.00    0.00    0.00    0.00    0.00    0.00    0.00    0.00  100.00
04:06:11 PM   33    0.00    0.00    0.00    0.00    0.00    0.00    0.00    0.00    0.00  100.00
04:06:11 PM   34    0.00    0.00    0.00    0.00    0.00    0.00    0.00    0.00    0.00  100.00
04:06:11 PM   35    0.00    0.00    0.00    0.00    0.00    0.00    0.00    0.00    0.00  100.00
04:06:11 PM   36    0.00    0.00    0.00    0.00    0.00    0.00    0.00    0.00    0.00  100.00
04:06:11 PM   37    0.00    0.00    0.00    0.00    0.00    0.00    0.00    0.00    0.00  100.00
04:06:11 PM   38    0.00    0.00    0.00    0.00    0.00    0.00    0.00    0.00    0.00  100.00
04:06:11 PM   39    0.00    0.00    0.00    0.00    0.00    0.00    0.00    0.00    0.00  100.00
04:06:11 PM   40    0.00    0.00    0.00    0.00    0.00    0.00    0.00    0.00    0.00  100.00
04:06:11 PM   41    0.00    0.00    0.00    0.00    0.00    0.00    0.00    0.00    0.00  100.00
04:06:11 PM   42    0.00    0.00    0.00    0.00    0.00    0.00    0.00    0.00    0.00  100.00
04:06:11 PM   43    0.00    0.00    0.00    0.00    0.00    0.00    0.00    0.00    0.00  100.00
04:06:11 PM   44    0.00    0.00    0.00    0.00    0.00    0.00    0.00    0.00    0.00  100.00
04:06:11 PM   45    0.00    0.00    0.00    0.00    0.00    0.00    0.00    0.00    0.00  100.00
04:06:11 PM   46    0.00    0.00    0.00    0.00    0.00    0.00    0.00    0.00    0.00  100.00
04:06:11 PM   47    0.00    0.00    0.00    0.00    0.00    0.00    0.00    0.00    0.00  100.00
04:06:11 PM   48    0.00    0.00    0.00    0.00    0.00    0.00    0.00    0.00    0.00  100.00
04:06:11 PM   49    0.00    0.00    0.00    0.00    0.00    0.00    0.00    0.00    0.00  100.00
04:06:11 PM   50    0.00    0.00    0.00    0.00    0.00    0.00    0.00    0.00    0.00  100.00
04:06:11 PM   51    0.00    0.00    0.00    0.00    0.00    0.00    0.00    0.00    0.00  100.00
04:06:11 PM   52    0.00    0.00    0.00    0.00    0.00    0.00    0.00    0.00    0.00  100.00
04:06:11 PM   53    0.00    0.00    0.00    0.00    0.00    0.00    0.00    0.00    0.00  100.00
04:06:11 PM   54    0.00    0.00    0.00    0.00    0.00    0.00    0.00    0.00    0.00  100.00
04:06:11 PM   55    0.00    0.00    0.00    0.00    0.00    0.00    0.00    0.00    0.00  100.00
04:06:11 PM   56    0.00    0.00    0.00    0.00    0.00    0.00    0.00    0.00    0.00  100.00
04:06:11 PM   57    0.00    0.00    0.00    0.00    0.00    0.00    0.00    0.00    0.00  100.00
04:06:11 PM   58    0.00    0.00    0.00    0.00    0.00    0.00    0.00    0.00    0.00  100.00
04:06:11 PM   59    0.00    0.00    0.00    0.00    0.00    0.00    0.00    0.00    0.00  100.00
04:06:11 PM   60    0.00    0.00    0.00    0.00    0.00    0.00    0.00    0.00    0.00  100.00
04:06:11 PM   61    0.00    0.00    0.00    0.00    0.00    0.00    0.00    0.00    0.00  100.00
04:06:11 PM   62    0.00    0.00    0.00    0.00    0.00    0.00    0.00    0.00    0.00  100.00
04:06:11 PM   63    0.00    0.00    0.00    0.00    0.00    0.00    0.00    0.00    0.00  100.00
04:06:11 PM   64    0.00    0.00    0.00    0.00    0.00    0.00    0.00    0.00    0.00  100.00
04:06:11 PM   65    0.00    0.00    0.00    0.00    0.00    0.00    0.00    0.00    0.00  100.00
04:06:11 PM   66    0.00    0.00    0.00    0.00    0.00    0.00    0.00    0.00    0.00  100.00
04:06:11 PM   67    0.00    0.00    0.00    0.00    0.00    0.00    0.00    0.00    0.00  100.00
04:06:11 PM   68    0.00    0.00    0.00    0.00    0.00    0.00    0.00    0.00    0.00  100.00
04:06:11 PM   69    0.00    0.00    0.00    0.00    0.00    0.00    0.00    0.00    0.00  100.00
04:06:11 PM   70    0.00    0.00    0.00    0.00    0.00    0.00    0.00    0.00    0.00  100.00
04:06:11 PM   71    0.00    0.00    0.00    0.00    0.00    0.00    0.00    0.00    0.00  100.00
04:06:11 PM   72    0.00    0.00    0.00    0.00    0.00    0.00    0.00    0.00    0.00  100.00
04:06:11 PM   73    0.00    0.00    0.00    0.00    0.00    0.00    0.00    0.00    0.00  100.00
04:06:11 PM   74    0.00    0.00    0.00    0.00    0.00    0.00    0.00    0.00    0.00  100.00
04:06:11 PM   75    0.00    0.00    0.00    0.00    0.00    0.00    0.00    0.00    0.00  100.00
04:06:11 PM   76    0.00    0.00    0.00    0.00    0.00    0.00    0.00    0.00    0.00  100.00
04:06:11 PM   77    0.00    0.00    0.00    0.00    0.00    0.00    0.00    0.00    0.00  100.00
04:06:11 PM   78    0.00    0.00    0.00    0.00    0.00    0.00    0.00    0.00    0.00  100.00
04:06:11 PM   79    0.00    0.00    0.00    0.00    0.00    0.00    0.00    0.00    0.00  100.00
04:06:11 PM   80    0.00    0.00    0.00    0.00    0.00    0.00    0.00    0.00    0.00  100.00
04:06:11 PM   81    0.00    0.00    0.00    0.00    0.00    0.00    0.00    0.00    0.00  100.00
04:06:11 PM   82    0.00    0.00    0.00    0.00    0.00    0.00    0.00    0.00    0.00  100.00
04:06:11 PM   83    0.00    0.00    0.00    0.00    0.00    0.00    0.00    0.00    0.00  100.00
04:06:11 PM   84    0.00    0.00    0.00    0.00    0.00    0.00    0.00    0.00    0.00  100.00
04:06:11 PM   85    0.00    0.00    0.00    0.00    0.00    0.00    0.00    0.00    0.00  100.00
04:06:11 PM   86    0.00    0.00    0.00    0.00    0.00    0.00    0.00    0.00    0.00  100.00
04:06:11 PM   87    0.00    0.00    0.00    0.00    0.00    0.00    0.00    0.00    0.00  100.00
04:06:11 PM   88    0.00    0.00    0.00    0.00    0.00    0.00    0.00    0.00    0.00  100.00
04:06:11 PM   89    0.00    0.00    0.00    0.00    0.00    0.00    0.00    0.00    0.00  100.00
04:06:11 PM   90    0.00    0.00    0.00    0.00    0.00    0.00    0.00    0.00    0.00  100.00
04:06:11 PM   91    0.00    0.00    0.00    0.00    0.00    0.00    0.00    0.00    0.00  100.00
04:06:11 PM   92    0.00    0.00    0.00    0.00    0.00    0.00    0.00    0.00    0.00  100.00
04:06:11 PM   93    0.00    0.00    0.00    0.00    0.00    0.00    0.00    0.00    0.00  100.00
04:06:11 PM   94    0.00    0.00    0.00    0.00    0.00    0.00    0.00    0.00    0.00  100.00
04:06:11 PM   95    0.00    0.00    0.00    0.00    0.00    0.00    0.00    0.00    0.00  100.00
04:06:11 PM   96    0.00    0.00    0.00    0.00    0.00    0.00    0.00    0.00    0.00  100.00
04:06:11 PM   97    0.00    0.00    0.00    0.00    0.00    0.00    0.00    0.00    0.00  100.00
04:06:11 PM   98    0.00    0.00    0.00    0.00    0.00    0.00    0.00    0.00    0.00  100.00
04:06:11 PM   99    0.00    0.00    0.00    0.00    0.00    0.00    0.00    0.00    0.00  100.00
04:06:11 PM  100    0.00    0.00    0.00    0.00    0.00    0.00    0.00    0.00    0.00  100.00
04:06:11 PM  101    0.00    0.00    0.00    0.00    0.00    0.00    0.00    0.00    0.00  100.00
04:06:11 PM  102    0.00    0.00    0.00    0.00    0.00    0.00    0.00    0.00    0.00  100.00
04:06:11 PM  103    0.00    0.00    0.00    0.00    0.00    0.00    0.00    0.00    0.00  100.00
04:06:11 PM  104    0.00    0.00    0.00    0.00    0.00    0.00    0.00    0.00    0.00  100.00
04:06:11 PM  105    0.00    0.00    0.00    0.00    0.00    0.00    0.00    0.00    0.00  100.00
04:06:11 PM  106    0.00    0.00    0.00    0.00    0.00    0.00    0.00    0.00    0.00  100.00
04:06:11 PM  107    0.00    0.00    0.00    0.00    0.00    0.00    0.00    0.00    0.00  100.00
04:06:11 PM  108    0.00    0.00    0.00    0.00    0.00    0.00    0.00    0.00    0.00  100.00
04:06:11 PM  109    0.00    0.00    0.00    0.00    0.00    0.00    0.00    0.00    0.00  100.00
04:06:11 PM  110    0.00    0.00    0.00    0.00    0.00    0.00    0.00    0.00    0.00  100.00
04:06:11 PM  111    0.00    0.00    0.00    0.00    0.00    0.00    0.00    0.00    0.00  100.00
04:06:11 PM  112    0.00    0.00    0.00    0.00    0.00    0.00    0.00    0.00    0.00  100.00
04:06:11 PM  113    0.00    0.00    0.00    0.00    0.00    0.00    0.00    0.00    0.00  100.00
04:06:11 PM  114    0.00    0.00    0.00    0.00    0.00    0.00    0.00    0.00    0.00  100.00
04:06:11 PM  115    0.00    0.00    0.00    0.00    0.00    0.00    0.00    0.00    0.00  100.00
04:06:11 PM  116    0.00    0.00    0.00    0.00    0.00    0.00    0.00    0.00    0.00  100.00
04:06:11 PM  117    0.00    0.00    0.00    0.00    0.00    0.00    0.00    0.00    0.00  100.00
04:06:11 PM  118    0.00    0.00    0.00    0.00    0.00    0.00    0.00    0.00    0.00  100.00
04:06:11 PM  119    0.00    0.00    0.00    0.00    0.00    0.00    0.00    0.00    0.00  100.00
04:06:11 PM  120    0.00    0.00    0.00    0.00    0.00    0.00    0.00    0.00    0.00  100.00
04:06:11 PM  121    0.00    0.00    0.00    0.00    0.00    0.00    0.00    0.00    0.00  100.00
04:06:11 PM  122    0.00    0.00    0.00    0.00    0.00    0.00    0.00    0.00    0.00  100.00
04:06:11 PM  123    0.00    0.00    0.00    0.00    0.00    0.00    0.00    0.00    0.00  100.00
04:06:11 PM  124    0.00    0.00    0.00    0.00    0.00    0.00    0.00    0.00    0.00  100.00
04:06:11 PM  125    0.00    0.00    0.00    0.00    0.00    0.00    0.00    0.00    0.00  100.00
04:06:11 PM  126    0.00    0.00    0.00    0.00    0.00    0.00    0.00    0.00    0.00  100.00
04:06:11 PM  127    0.00    0.00    0.00    0.00    0.00    0.00    0.00    0.00    0.00  100.00
04:06:11 PM  128    0.00    0.00    0.00    0.00    0.00    0.00    0.00    0.00    0.00  100.00
04:06:11 PM  129    0.00    0.00    0.00    0.00    0.00    0.00    0.00    0.00    0.00  100.00
04:06:11 PM  130    0.00    0.00    0.00    0.00    0.00    0.00    0.00    0.00    0.00  100.00
04:06:11 PM  131    0.00    0.00    0.00    0.00    0.00    0.00    0.00    0.00    0.00  100.00
04:06:11 PM  132    0.00    0.00    0.00    0.00    0.00    0.00    0.00    0.00    0.00  100.00
04:06:11 PM  133    0.00    0.00    0.00    0.00    0.00    0.00    0.00    0.00    0.00  100.00
04:06:11 PM  134    0.00    0.00    0.00    0.00    0.00    0.00    0.00    0.00    0.00  100.00
04:06:11 PM  135    0.00    0.00    0.00    0.00    0.00    0.00    0.00    0.00    0.00  100.00
04:06:11 PM  136    0.00    0.00    0.00    0.00    0.00    0.00    0.00    0.00    0.00  100.00
04:06:11 PM  137    0.00    0.00    0.00    0.00    0.00    0.00    0.00    0.00    0.00  100.00
04:06:11 PM  138    0.00    0.00    0.00    0.00    0.00    0.00    0.00    0.00    0.00  100.00
04:06:11 PM  139    0.00    0.00    0.00    0.00    0.00    0.00    0.00    0.00    0.00  100.00
04:06:11 PM  140    0.00    0.00    0.00    0.00    0.00    0.00    0.00    0.00    0.00  100.00
04:06:11 PM  141    0.00    0.00    0.00    0.00    0.00    0.00    0.00    0.00    0.00  100.00
04:06:11 PM  142    0.00    0.00    0.00    0.00    0.00    0.00    0.00    0.00    0.00  100.00
04:06:11 PM  143    0.00    0.00    0.00    0.00    0.00    0.00    0.00    0.00    0.00  100.00
04:06:11 PM  144    0.00    0.00    0.00    0.00    0.00    0.00    0.00    0.00    0.00  100.00
04:06:11 PM  145    0.00    0.00    0.00    0.00    0.00    0.00    0.00    0.00    0.00  100.00
04:06:11 PM  146    0.00    0.00    0.00    0.00    0.00    0.00    0.00    0.00    0.00  100.00
04:06:11 PM  147    0.00    0.00    0.00    0.00    0.00    0.00    0.00    0.00    0.00  100.00
04:06:11 PM  148    0.00    0.00    0.00    0.00    0.00    0.00    0.00    0.00    0.00  100.00
04:06:11 PM  149    0.00    0.00    0.00    0.00    0.00    0.00    0.00    0.00    0.00  100.00
04:06:11 PM  150    0.00    0.00    0.00    0.00    0.00    0.00    0.00    0.00    0.00  100.00
04:06:11 PM  151    0.00    0.00    0.00    0.00    0.00    0.00    0.00    0.00    0.00  100.00
04:06:11 PM  152    0.00    0.00    0.00    0.00    0.00    0.00    0.00    0.00    0.00  100.00
04:06:11 PM  153    0.00    0.00    0.00    0.00    0.00    0.00    0.00    0.00    0.00  100.00
04:06:11 PM  154    0.00    0.00    0.00    0.00    0.00    0.00    0.00    0.00    0.00  100.00
04:06:11 PM  155    0.00    0.00    0.00    0.00    0.00    0.00    0.00    0.00    0.00  100.00
04:06:11 PM  156    0.00    0.00    0.00    0.00    0.00    0.00    0.00    0.00    0.00  100.00
04:06:11 PM  157    0.00    0.00    0.00    0.00    0.00    0.00    0.00    0.00    0.00  100.00
04:06:11 PM  158    0.00    0.00    0.00    0.00    0.00    0.00    0.00    0.00    0.00  100.00
04:06:11 PM  159    0.00    0.00    0.00    0.00    0.00    0.00    0.00    0.00    0.00  100.00
04:06:11 PM  160    0.00    0.00    0.00    0.00    0.00    0.00    0.00    0.00    0.00  100.00
04:06:11 PM  161    0.00    0.00    0.00    0.00    0.00    0.00    0.00    0.00    0.00  100.00
04:06:11 PM  162    0.00    0.00    0.00    0.00    0.00    0.00    0.00    0.00    0.00  100.00
04:06:11 PM  163    0.00    0.00    0.00    0.00    0.00    0.00    0.00    0.00    0.00  100.00
04:06:11 PM  164    0.00    0.00    0.00    0.00    0.00    0.00    0.00    0.00    0.00  100.00
04:06:11 PM  165    0.00    0.00    0.00    0.00    0.00    0.00    0.00    0.00    0.00  100.00
04:06:11 PM  166    0.00    0.00    0.00    0.00    0.00    0.00    0.00    0.00    0.00  100.00
04:06:11 PM  167    0.00    0.00    0.00    0.00    0.00    0.00    0.00    0.00    0.00  100.00
04:06:11 PM  168    0.00    0.00    0.00    0.00    0.00    0.00    0.00    0.00    0.00  100.00
04:06:11 PM  169    0.00    0.00    0.00    0.00    0.00    0.00    0.00    0.00    0.00  100.00
04:06:11 PM  170    0.00    0.00    0.00    0.00    0.00    0.00    0.00    0.00    0.00  100.00
04:06:11 PM  171    0.00    0.00    0.00    0.00    0.00    0.00    0.00    0.00    0.00  100.00
04:06:11 PM  172    0.00    0.00    0.00    0.00    0.00    0.00    0.00    0.00    0.00  100.00
04:06:11 PM  173    0.00    0.00    0.00    0.00    0.00    0.00    0.00    0.00    0.00  100.00
04:06:11 PM  174    0.00    0.00    0.00    0.00    0.00    0.00    0.00    0.00    0.00  100.00
04:06:11 PM  175    0.00    0.00    0.00    0.00    0.00    0.00    0.00    0.00    0.00  100.00
04:06:11 PM  176    0.00    0.00    0.00    0.00    0.00    0.00    0.00    0.00    0.00  100.00
04:06:11 PM  177    0.00    0.00    0.00    0.00    0.00    0.00    0.00    0.00    0.00  100.00
04:06:11 PM  178    0.00    0.00    0.00    0.00    0.00    0.00    0.00    0.00    0.00  100.00
04:06:11 PM  179    0.00    0.00    0.00    0.00    0.00    0.00    0.00    0.00    0.00  100.00
04:06:11 PM  180    0.00    0.00    0.00    0.00    0.00    0.00    0.00    0.00    0.00  100.00
04:06:11 PM  181    0.00    0.00    0.00    0.00    0.00    0.00    0.00    0.00    0.00  100.00
04:06:11 PM  182    0.00    0.00    0.00    0.00    0.00    0.00    0.00    0.00    0.00  100.00
04:06:11 PM  183    0.00    0.00    0.00    0.00    0.00    0.00    0.00    0.00    0.00  100.00
04:06:11 PM  184    0.00    0.00    0.00    0.00    0.00    0.00    0.00    0.00    0.00  100.00
04:06:11 PM  185    0.00    0.00    0.00    0.00    0.00    0.00    0.00    0.00    0.00  100.00
04:06:11 PM  186    0.00    0.00    0.00    0.00    0.00    0.00    0.00    0.00    0.00  100.00
04:06:11 PM  187    0.00    0.00    0.00    0.00    0.00    0.00    0.00    0.00    0.00  100.00
04:06:11 PM  188    0.00    0.00    0.00    0.00    0.00    0.00    0.00    0.00    0.00  100.00
04:06:11 PM  189    0.00    0.00    0.00    0.00    0.00    0.00    0.00    0.00    0.00  100.00
04:06:11 PM  190    0.00    0.00    0.00    0.00    0.00    0.00    0.00    0.00    0.00  100.00
04:06:11 PM  191    0.00    0.00    0.00    0.00    0.00    0.00    0.00    0.00    0.00  100.00
04:06:11 PM  192    0.00    0.00    0.00    0.00    0.00    0.00    0.00    0.00    0.00  100.00
04:06:11 PM  193    0.00    0.00    0.00    0.00    0.00    0.00    0.00    0.00    0.00  100.00
04:06:11 PM  194    0.00    0.00    0.00    0.00    0.00    0.00    0.00    0.00    0.00  100.00
04:06:11 PM  195    0.00    0.00    0.00    0.00    0.00    0.00    0.00    0.00    0.00  100.00
04:06:11 PM  196    0.00    0.00    0.00    0.00    0.00    0.00    0.00    0.00    0.00  100.00
04:06:11 PM  197    0.00    0.00    0.00    0.00    0.00    0.00    0.00    0.00    0.00  100.00
04:06:11 PM  198    0.00    0.00    0.00    0.00    0.00    0.00    0.00    0.00    0.00  100.00
04:06:11 PM  199    0.00    0.00    0.00    0.00    0.00    0.00    0.00    0.00    0.00  100.00
04:06:11 PM  200    0.00    0.00    0.00    0.00    0.00    0.00    0.00    0.00    0.00  100.00
04:06:11 PM  201    0.00    0.00    0.00    0.00    0.00    0.00    0.00    0.00    0.00  100.00
04:06:11 PM  202    0.00    0.00    0.00    0.00    0.00    0.00    0.00    0.00    0.00  100.00
04:06:11 PM  203    0.00    0.00    0.00    0.00    0.00    0.00    0.00    0.00    0.00  100.00
04:06:11 PM  204    0.00    0.00    0.00    0.00    0.00    0.00    0.00    0.00    0.00  100.00
04:06:11 PM  205    0.00    0.00    0.00    0.00    0.00    0.00    0.00    0.00    0.00  100.00
04:06:11 PM  206    0.00    0.00    0.00    0.00    0.00    0.00    0.00    0.00    0.00  100.00
04:06:11 PM  207    0.00    0.00    0.00    0.00    0.00    0.00    0.00    0.00    0.00  100.00
04:06:11 PM  208    0.00    0.00    0.00    0.00    0.00    0.00    0.00    0.00    0.00  100.00
04:06:11 PM  209    0.00    0.00    0.00    0.00    0.00    0.00    0.00    0.00    0.00  100.00
04:06:11 PM  210    0.00    0.00    0.00    0.00    0.00    0.00    0.00    0.00    0.00  100.00
04:06:11 PM  211    0.00    0.00    0.00    0.00    0.00    0.00    0.00    0.00    0.00  100.00
04:06:11 PM  212    0.00    0.00    0.00    0.00    0.00    0.00    0.00    0.00    0.00  100.00
04:06:11 PM  213    0.99    0.00    0.99    0.00    0.00    0.00    0.00    0.00    0.00   98.02
04:06:11 PM  214    0.00    0.00    0.00    0.00    0.00    0.00    0.00    0.00    0.00  100.00
04:06:11 PM  215    0.00    0.00    0.00    0.00    0.00    0.00    0.00    0.00    0.00  100.00
04:06:11 PM  216    0.00    0.00    0.00    0.00    0.00    0.00    0.00    0.00    0.00  100.00
04:06:11 PM  217    0.00    0.00    0.00    0.00    0.00    0.00    0.00    0.00    0.00  100.00
04:06:11 PM  218    0.00    0.00    0.00    0.00    0.00    0.00    0.00    0.00    0.00  100.00
04:06:11 PM  219    0.00    0.00    0.00    0.00    0.00    0.00    0.00    0.00    0.00  100.00
04:06:11 PM  220    0.00    0.00    0.00    0.00    0.00    0.00    0.00    0.00    0.00  100.00
04:06:11 PM  221    0.00    0.00    0.00    0.00    0.00    0.00    0.00    0.00    0.00  100.00
04:06:11 PM  222    0.00    0.00    0.00    0.00    0.00    0.00    0.00    0.00    0.00  100.00
04:06:11 PM  223    0.00    0.00    0.00    0.00    0.00    0.00    0.00    0.00    0.00  100.00
04:06:11 PM  224    0.00    0.00    0.00    0.00    0.00    0.00    0.00    0.00    0.00  100.00
04:06:11 PM  225    0.00    0.00    0.00    0.00    0.00    0.00    0.00    0.00    0.00  100.00
04:06:11 PM  226    0.00    0.00    0.00    0.00    0.00    0.00    0.00    0.00    0.00  100.00
04:06:11 PM  227    0.00    0.00    0.00    0.00    0.00    0.00    0.00    0.00    0.00  100.00
04:06:11 PM  228    0.00    0.00    0.00    0.00    0.00    0.00    0.00    0.00    0.00  100.00
04:06:11 PM  229    0.00    0.00    0.00    0.00    0.00    0.00    0.00    0.00    0.00  100.00
04:06:11 PM  230    0.00    0.00    0.00    0.00    0.00    0.00    0.00    0.00    0.00  100.00
04:06:11 PM  231    0.00    0.00    0.00    0.00    0.00    0.00    0.00    0.00    0.00  100.00
04:06:11 PM  232    0.00    0.00    0.00    0.00    0.00    0.00    0.00    0.00    0.00  100.00
04:06:11 PM  233    0.00    0.00    0.00    0.00    0.00    0.00    0.00    0.00    0.00  100.00
04:06:11 PM  234    0.00    0.00    0.00    0.00    0.00    0.00    0.00    0.00    0.00  100.00
04:06:11 PM  235    0.00    0.00    0.00    0.00    0.00    0.00    0.00    0.00    0.00  100.00
04:06:11 PM  236    0.00    0.00    0.00    0.00    0.00    0.00    0.00    0.00    0.00  100.00
04:06:11 PM  237    0.00    0.00    0.00    0.00    0.00    0.00    0.00    0.00    0.00  100.00
04:06:11 PM  238    0.00    0.00    0.00    0.00    0.00    0.00    0.00    0.00    0.00  100.00
04:06:11 PM  239    0.00    0.00    0.00    0.00    0.00    0.00    0.00    0.00    0.00  100.00
04:06:11 PM  240    0.00    0.00    0.00    0.00    0.00    0.00    0.00    0.00    0.00  100.00
04:06:11 PM  241    0.00    0.00    0.00    0.00    0.00    0.00    0.00    0.00    0.00  100.00
04:06:11 PM  242    0.00    0.00    0.00    0.00    0.00    0.00    0.00    0.00    0.00  100.00
04:06:11 PM  243    0.00    0.00    0.00    0.00    0.00    0.00    0.00    0.00    0.00  100.00
04:06:11 PM  244    0.00    0.00    0.00    0.00    0.00    0.00    0.00    0.00    0.00  100.00
04:06:11 PM  245    0.00    0.00    0.00    0.00    0.00    0.00    0.00    0.00    0.00  100.00
04:06:11 PM  246    0.00    0.00    0.00    0.00    0.00    0.00    0.00    0.00    0.00  100.00
04:06:11 PM  247    0.00    0.00    0.00    0.00    0.00    0.00    0.00    0.00    0.00  100.00
04:06:11 PM  248    0.00    0.00    0.00    0.00    0.00    0.00    0.00    0.00    0.00  100.00
04:06:11 PM  249    0.00    0.00    0.00    0.00    0.00    0.00    0.00    0.00    0.00  100.00
04:06:11 PM  250    0.00    0.00    0.00   19.00    0.00    0.00    0.00    0.00    0.00   81.00
04:06:11 PM  251    0.00    0.00    0.00    0.00    0.00    0.00    0.00    0.00    0.00  100.00
04:06:11 PM  252    0.00    0.00    0.00    0.00    0.00    0.00    0.00    0.00    0.00  100.00
04:06:11 PM  253    0.00    0.00    0.00    0.00    0.00    0.00    0.00    0.00    0.00  100.00
04:06:11 PM  254    0.00    0.00    0.00    0.00    0.00    0.00    0.00    0.00    0.00  100.00
04:06:11 PM  255    0.00    0.00    0.00    0.00    0.00    0.00    0.00    0.00    0.00  100.00

04:06:11 PM  CPU    %usr   %nice    %sys %iowait    %irq   %soft  %steal  %guest  %gnice   %idle
04:06:12 PM  all    0.01    0.00    0.39    0.00    0.00    0.00    0.00    0.00    0.00   99.60
04:06:12 PM    0    0.00    0.00    0.00    0.00    0.00    0.00    0.00    0.00    0.00  100.00
04:06:12 PM    1    0.00    0.00  100.00    0.00    0.00    0.00    0.00    0.00    0.00    0.00
04:06:12 PM    2    0.00    0.00    0.00    0.00    0.00    0.00    0.00    0.00    0.00  100.00
04:06:12 PM    3    0.00    0.00    0.00    0.00    0.00    0.00    0.00    0.00    0.00  100.00
04:06:12 PM    4    0.00    0.00    0.00    0.00    0.00    0.00    0.00    0.00    0.00  100.00
04:06:12 PM    5    0.00    0.00    0.00    0.00    0.00    0.00    0.00    0.00    0.00  100.00
04:06:12 PM    6    0.00    0.00    0.00    0.00    0.00    0.00    0.00    0.00    0.00  100.00
04:06:12 PM    7    0.00    0.00    0.00    0.00    0.00    0.00    0.00    0.00    0.00  100.00
04:06:12 PM    8    0.00    0.00    0.00    0.00    0.00    0.00    0.00    0.00    0.00  100.00
04:06:12 PM    9    0.00    0.00    0.00    0.00    0.00    0.00    0.00    0.00    0.00  100.00
04:06:12 PM   10    0.00    0.00    0.00    0.00    0.00    0.00    0.00    0.00    0.00  100.00
04:06:12 PM   11    0.00    0.00    0.00    0.00    0.00    0.00    0.00    0.00    0.00  100.00
04:06:12 PM   12    0.00    0.00    0.00    0.00    0.00    0.00    0.00    0.00    0.00  100.00
04:06:12 PM   13    0.00    0.00    0.00    0.00    0.00    0.00    0.00    0.00    0.00  100.00
04:06:12 PM   14    0.00    0.00    0.00    0.00    0.00    0.00    0.00    0.00    0.00  100.00
04:06:12 PM   15    0.00    0.00    0.00    0.00    0.00    0.00    0.00    0.00    0.00  100.00
04:06:12 PM   16    0.00    0.00    0.00    0.00    0.00    0.00    0.00    0.00    0.00  100.00
04:06:12 PM   17    0.00    0.00    0.00    0.00    0.00    0.00    0.00    0.00    0.00  100.00
04:06:12 PM   18    0.00    0.00    0.00    0.00    0.00    0.00    0.00    0.00    0.00  100.00
04:06:12 PM   19    0.00    0.00    0.00    0.00    0.00    0.00    0.00    0.00    0.00  100.00
04:06:12 PM   20    0.00    0.00    0.00    0.00    0.00    0.00    0.00    0.00    0.00  100.00
04:06:12 PM   21    0.00    0.00    0.00    0.00    0.00    0.00    0.00    0.00    0.00  100.00
04:06:12 PM   22    0.00    0.00    0.00    0.00    0.00    0.00    0.00    0.00    0.00  100.00
04:06:12 PM   23    0.00    0.00    0.00    0.00    0.00    0.00    0.00    0.00    0.00  100.00
04:06:12 PM   24    0.00    0.00    0.00    0.00    0.00    0.00    0.00    0.00    0.00  100.00
04:06:12 PM   25    0.00    0.00    0.00    0.00    0.00    0.00    0.00    0.00    0.00  100.00
04:06:12 PM   26    0.00    0.00    0.00    0.00    0.00    0.00    0.00    0.00    0.00  100.00
04:06:12 PM   27    0.00    0.00    0.00    0.00    0.00    0.00    0.00    0.00    0.00  100.00
04:06:12 PM   28    0.00    0.00    0.00    0.00    0.00    0.00    0.00    0.00    0.00  100.00
04:06:12 PM   29    0.00    0.00    0.00    0.00    0.00    0.00    0.00    0.00    0.00  100.00
04:06:12 PM   30    0.00    0.00    0.00    0.00    0.00    0.00    0.00    0.00    0.00  100.00
04:06:12 PM   31    0.00    0.00    0.00    0.00    0.00    0.00    0.00    0.00    0.00  100.00
04:06:12 PM   32    0.00    0.00    0.00    0.00    0.00    0.00    0.00    0.00    0.00  100.00
04:06:12 PM   33    0.00    0.00    0.00    0.00    0.00    0.00    0.00    0.00    0.00  100.00
04:06:12 PM   34    0.00    0.00    0.00    0.00    0.00    0.00    0.00    0.00    0.00  100.00
04:06:12 PM   35    0.00    0.00    0.00    0.00    0.00    0.00    0.00    0.00    0.00  100.00
04:06:12 PM   36    0.00    0.00    0.00    0.00    0.00    0.00    0.00    0.00    0.00  100.00
04:06:12 PM   37    0.00    0.00    0.00    0.00    0.00    0.00    0.00    0.00    0.00  100.00
04:06:12 PM   38    0.00    0.00    0.00    0.00    0.00    0.00    0.00    0.00    0.00  100.00
04:06:12 PM   39    0.00    0.00    0.00    0.00    0.00    0.00    0.00    0.00    0.00  100.00
04:06:12 PM   40    0.00    0.00    0.00    0.00    0.00    0.00    0.00    0.00    0.00  100.00
04:06:12 PM   41    0.00    0.00    0.00    0.00    0.00    0.00    0.00    0.00    0.00  100.00
04:06:12 PM   42    0.00    0.00    0.00    0.00    0.00    0.00    0.00    0.00    0.00  100.00
04:06:12 PM   43    0.00    0.00    0.00    0.00    0.00    0.00    0.00    0.00    0.00  100.00
04:06:12 PM   44    0.00    0.00    0.00    0.00    0.00    0.00    0.00    0.00    0.00  100.00
04:06:12 PM   45    0.00    0.00    0.00    0.00    0.00    0.00    0.00    0.00    0.00  100.00
04:06:12 PM   46    0.00    0.00    0.00    0.00    0.00    0.00    0.00    0.00    0.00  100.00
04:06:12 PM   47    0.00    0.00    0.00    0.00    0.00    0.00    0.00    0.00    0.00  100.00
04:06:12 PM   48    0.00    0.00    0.00    0.00    0.00    0.00    0.00    0.00    0.00  100.00
04:06:12 PM   49    0.00    0.00    0.00    0.00    0.00    0.00    0.00    0.00    0.00  100.00
04:06:12 PM   50    0.00    0.00    0.00    0.00    0.00    0.00    0.00    0.00    0.00  100.00
04:06:12 PM   51    0.00    0.00    0.00    0.00    0.00    0.00    0.00    0.00    0.00  100.00
04:06:12 PM   52    0.00    0.00    0.00    0.00    0.00    0.00    0.00    0.00    0.00  100.00
04:06:12 PM   53    0.00    0.00    0.00    0.00    0.00    0.00    0.00    0.00    0.00  100.00
04:06:12 PM   54    0.00    0.00    0.00    0.00    0.00    0.00    0.00    0.00    0.00  100.00
04:06:12 PM   55    0.00    0.00    0.00    0.00    0.00    0.00    0.00    0.00    0.00  100.00
04:06:12 PM   56    0.00    0.00    0.00    0.00    0.00    0.00    0.00    0.00    0.00  100.00
04:06:12 PM   57    0.00    0.00    0.00    0.00    0.00    0.00    0.00    0.00    0.00  100.00
04:06:12 PM   58    0.00    0.00    0.00    0.00    0.00    0.00    0.00    0.00    0.00  100.00
04:06:12 PM   59    0.00    0.00    0.00    0.00    0.00    0.00    0.00    0.00    0.00  100.00
04:06:12 PM   60    0.00    0.00    0.00    0.00    0.00    0.00    0.00    0.00    0.00  100.00
04:06:12 PM   61    0.00    0.00    0.00    0.00    0.00    0.00    0.00    0.00    0.00  100.00
04:06:12 PM   62    0.00    0.00    0.00    0.00    0.00    0.00    0.00    0.00    0.00  100.00
04:06:12 PM   63    0.00    0.00    0.00    0.00    0.00    0.00    0.00    0.00    0.00  100.00
04:06:12 PM   64    0.00    0.00    0.00    0.00    0.00    0.00    0.00    0.00    0.00  100.00
04:06:12 PM   65    0.00    0.00    0.00    0.00    0.00    0.00    0.00    0.00    0.00  100.00
04:06:12 PM   66    0.00    0.00    0.00    0.00    0.00    0.00    0.00    0.00    0.00  100.00
04:06:12 PM   67    0.00    0.00    0.00    0.00    0.00    0.00    0.00    0.00    0.00  100.00
04:06:12 PM   68    0.00    0.00    0.00    0.00    0.00    0.00    0.00    0.00    0.00  100.00
04:06:12 PM   69    0.00    0.00    0.00    0.00    0.00    0.00    0.00    0.00    0.00  100.00
04:06:12 PM   70    0.00    0.00    0.00    0.00    0.00    0.00    0.00    0.00    0.00  100.00
04:06:12 PM   71    0.00    0.00    0.00    0.00    0.00    0.00    0.00    0.00    0.00  100.00
04:06:12 PM   72    0.00    0.00    0.00    0.00    0.00    0.00    0.00    0.00    0.00  100.00
04:06:12 PM   73    0.00    0.00    0.00    0.00    0.00    0.00    0.00    0.00    0.00  100.00
04:06:12 PM   74    0.00    0.00    0.00    0.00    0.00    0.00    0.00    0.00    0.00  100.00
04:06:12 PM   75    0.00    0.00    0.00    0.00    0.00    0.00    0.00    0.00    0.00  100.00
04:06:12 PM   76    0.00    0.00    0.00    0.00    0.00    0.00    0.00    0.00    0.00  100.00
04:06:12 PM   77    0.00    0.00    0.00    0.00    0.00    0.00    0.00    0.00    0.00  100.00
04:06:12 PM   78    0.00    0.00    0.00    0.00    0.00    0.00    0.00    0.00    0.00  100.00
04:06:12 PM   79    0.00    0.00    0.00    0.00    0.00    0.00    0.00    0.00    0.00  100.00
04:06:12 PM   80    0.00    0.00    0.00    0.00    0.00    0.00    0.00    0.00    0.00  100.00
04:06:12 PM   81    0.00    0.00    0.00    0.00    0.00    0.00    0.00    0.00    0.00  100.00
04:06:12 PM   82    0.00    0.00    0.00    0.00    0.00    0.00    0.00    0.00    0.00  100.00
04:06:12 PM   83    0.00    0.00    0.00    0.00    0.00    0.00    0.00    0.00    0.00  100.00
04:06:12 PM   84    0.00    0.00    0.00    0.00    0.00    0.00    0.00    0.00    0.00  100.00
04:06:12 PM   85    0.00    0.00    0.00    0.00    0.00    0.00    0.00    0.00    0.00  100.00
04:06:12 PM   86    0.00    0.00    0.00    0.00    0.00    0.00    0.00    0.00    0.00  100.00
04:06:12 PM   87    0.00    0.00    0.00    0.00    0.00    0.00    0.00    0.00    0.00  100.00
04:06:12 PM   88    0.00    0.00    0.00    0.00    0.00    0.00    0.00    0.00    0.00  100.00
04:06:12 PM   89    0.00    0.00    0.00    0.00    0.00    0.00    0.00    0.00    0.00  100.00
04:06:12 PM   90    0.00    0.00    0.00    0.00    0.00    0.00    0.00    0.00    0.00  100.00
04:06:12 PM   91    0.00    0.00    0.00    0.00    0.00    0.00    0.00    0.00    0.00  100.00
04:06:12 PM   92    0.00    0.00    0.00    0.00    0.00    0.00    0.00    0.00    0.00  100.00
04:06:12 PM   93    0.00    0.00    0.00    0.00    0.00    0.00    0.00    0.00    0.00  100.00
04:06:12 PM   94    0.00    0.00    0.00    0.00    0.00    0.00    0.00    0.00    0.00  100.00
04:06:12 PM   95    0.00    0.00    0.00    0.00    0.00    0.00    0.00    0.00    0.00  100.00
04:06:12 PM   96    0.00    0.00    0.00    0.00    0.00    0.00    0.00    0.00    0.00  100.00
04:06:12 PM   97    0.00    0.00    0.00    0.00    0.00    0.00    0.00    0.00    0.00  100.00
04:06:12 PM   98    0.00    0.00    0.00    0.00    0.00    0.00    0.00    0.00    0.00  100.00
04:06:12 PM   99    0.00    0.00    0.00    0.00    0.00    0.00    0.00    0.00    0.00  100.00
04:06:12 PM  100    0.00    0.00    0.00    0.00    0.00    0.00    0.00    0.00    0.00  100.00
04:06:12 PM  101    0.00    0.00    0.00    0.00    0.00    0.00    0.00    0.00    0.00  100.00
04:06:12 PM  102    0.00    0.00    0.00    0.00    0.00    0.00    0.00    0.00    0.00  100.00
04:06:12 PM  103    0.00    0.00    0.00    0.00    0.00    0.00    0.00    0.00    0.00  100.00
04:06:12 PM  104    0.00    0.00    0.00    0.00    0.00    0.00    0.00    0.00    0.00  100.00
04:06:12 PM  105    0.00    0.00    0.00    0.00    0.00    0.00    0.00    0.00    0.00  100.00
04:06:12 PM  106    0.00    0.00    0.00    0.00    0.00    0.00    0.00    0.00    0.00  100.00
04:06:12 PM  107    0.00    0.00    0.00    0.00    0.00    0.00    0.00    0.00    0.00  100.00
04:06:12 PM  108    0.00    0.00    0.00    0.00    0.00    0.00    0.00    0.00    0.00  100.00
04:06:12 PM  109    0.00    0.00    0.00    0.00    0.00    0.00    0.00    0.00    0.00  100.00
04:06:12 PM  110    0.00    0.00    0.00    0.00    0.00    0.00    0.00    0.00    0.00  100.00
04:06:12 PM  111    0.00    0.00    0.00    0.00    0.00    0.00    0.00    0.00    0.00  100.00
04:06:12 PM  112    0.00    0.00    0.00    0.00    0.00    0.00    0.00    0.00    0.00  100.00
04:06:12 PM  113    0.00    0.00    0.00    0.00    0.00    0.00    0.00    0.00    0.00  100.00
04:06:12 PM  114    0.00    0.00    0.00    0.00    0.00    0.00    0.00    0.00    0.00  100.00
04:06:12 PM  115    0.00    0.00    0.00    0.00    0.00    0.00    0.00    0.00    0.00  100.00
04:06:12 PM  116    0.00    0.00    0.00    0.00    0.00    0.00    0.00    0.00    0.00  100.00
04:06:12 PM  117    0.00    0.00    0.00    0.00    0.00    0.00    0.00    0.00    0.00  100.00
04:06:12 PM  118    0.00    0.00    0.00    0.00    0.00    0.00    0.00    0.00    0.00  100.00
04:06:12 PM  119    0.00    0.00    0.00    0.00    0.00    0.00    0.00    0.00    0.00  100.00
04:06:12 PM  120    0.99    0.00    0.00    0.00    0.00    0.00    0.00    0.00    0.00   99.01
04:06:12 PM  121    0.00    0.00    0.00    0.00    0.00    0.00    0.00    0.00    0.00  100.00
04:06:12 PM  122    0.00    0.00    0.00    0.00    0.00    0.00    0.00    0.00    0.00  100.00
04:06:12 PM  123    0.00    0.00    0.00    0.00    0.00    0.00    0.00    0.00    0.00  100.00
04:06:12 PM  124    0.00    0.00    0.00    0.00    0.00    0.00    0.00    0.00    0.00  100.00
04:06:12 PM  125    0.00    0.00    0.00    0.00    0.00    0.00    0.00    0.00    0.00  100.00
04:06:12 PM  126    0.00    0.00    0.00    0.00    0.00    0.00    0.00    0.00    0.00  100.00
04:06:12 PM  127    0.00    0.00    0.00    0.00    0.00    0.00    0.00    0.00    0.00  100.00
04:06:12 PM  128    0.00    0.00    0.00    0.00    0.00    0.00    0.00    0.00    0.00  100.00
04:06:12 PM  129    0.00    0.00    0.00    0.00    0.00    0.00    0.00    0.00    0.00  100.00
04:06:12 PM  130    0.00    0.00    0.00    0.00    0.00    0.00    0.00    0.00    0.00  100.00
04:06:12 PM  131    0.00    0.00    0.00    0.00    0.00    0.00    0.00    0.00    0.00  100.00
04:06:12 PM  132    0.00    0.00    0.00    0.00    0.00    0.00    0.00    0.00    0.00  100.00
04:06:12 PM  133    0.00    0.00    0.00    0.00    0.00    0.00    0.00    0.00    0.00  100.00
04:06:12 PM  134    0.00    0.00    0.00    0.00    0.00    0.00    0.00    0.00    0.00  100.00
04:06:12 PM  135    0.00    0.00    0.00    0.00    0.00    0.00    0.00    0.00    0.00  100.00
04:06:12 PM  136    0.00    0.00    0.00    0.00    0.00    0.00    0.00    0.00    0.00  100.00
04:06:12 PM  137    0.00    0.00    0.00    0.00    0.00    0.00    0.00    0.00    0.00  100.00
04:06:12 PM  138    0.00    0.00    0.00    0.00    0.00    0.00    0.00    0.00    0.00  100.00
04:06:12 PM  139    0.00    0.00    0.00    0.00    0.00    0.00    0.00    0.00    0.00  100.00
04:06:12 PM  140    0.00    0.00    0.00    0.00    0.00    0.00    0.00    0.00    0.00  100.00
04:06:12 PM  141    0.00    0.00    0.00    0.00    0.00    0.00    0.00    0.00    0.00  100.00
04:06:12 PM  142    0.00    0.00    0.00    0.00    0.00    0.00    0.00    0.00    0.00  100.00
04:06:12 PM  143    0.00    0.00    0.00    0.00    0.00    0.00    0.00    0.00    0.00  100.00
04:06:12 PM  144    0.00    0.00    0.00    0.00    0.00    0.00    0.00    0.00    0.00  100.00
04:06:12 PM  145    0.00    0.00    0.00    0.00    0.00    0.00    0.00    0.00    0.00  100.00
04:06:12 PM  146    0.00    0.00    0.00    0.00    0.00    0.00    0.00    0.00    0.00  100.00
04:06:12 PM  147    0.00    0.00    0.00    0.00    0.00    0.00    0.00    0.00    0.00  100.00
04:06:12 PM  148    0.00    0.00    0.00    0.00    0.00    0.00    0.00    0.00    0.00  100.00
04:06:12 PM  149    0.00    0.00    0.00    0.00    0.00    0.00    0.00    0.00    0.00  100.00
04:06:12 PM  150    0.00    0.00    0.00    0.00    0.00    0.00    0.00    0.00    0.00  100.00
04:06:12 PM  151    0.00    0.00    0.00    0.00    0.00    0.00    0.00    0.00    0.00  100.00
04:06:12 PM  152    0.00    0.00    0.00    0.00    0.00    0.00    0.00    0.00    0.00  100.00
04:06:12 PM  153    0.00    0.00    0.00    0.00    0.00    0.00    0.00    0.00    0.00  100.00
04:06:12 PM  154    0.00    0.00    0.00    0.00    0.00    0.00    0.00    0.00    0.00  100.00
04:06:12 PM  155    0.00    0.00    0.00    0.00    0.00    0.00    0.00    0.00    0.00  100.00
04:06:12 PM  156    0.00    0.00    0.00    0.00    0.00    0.00    0.00    0.00    0.00  100.00
04:06:12 PM  157    0.00    0.00    0.00    0.00    0.00    0.00    0.00    0.00    0.00  100.00
04:06:12 PM  158    0.00    0.00    0.00    0.00    0.00    0.00    0.00    0.00    0.00  100.00
04:06:12 PM  159    0.00    0.00    0.00    0.00    0.00    0.00    0.00    0.00    0.00  100.00
04:06:12 PM  160    0.00    0.00    0.00    0.00    0.00    0.00    0.00    0.00    0.00  100.00
04:06:12 PM  161    0.00    0.00    0.00    0.00    0.00    0.00    0.00    0.00    0.00  100.00
04:06:12 PM  162    0.00    0.00    0.00    0.00    0.00    0.00    0.00    0.00    0.00  100.00
04:06:12 PM  163    0.00    0.00    0.00    0.00    0.00    0.00    0.00    0.00    0.00  100.00
04:06:12 PM  164    0.00    0.00    0.00    0.00    0.00    0.00    0.00    0.00    0.00  100.00
04:06:12 PM  165    0.00    0.00    0.00    0.00    0.00    0.00    0.00    0.00    0.00  100.00
04:06:12 PM  166    0.00    0.00    0.00    0.00    0.00    0.00    0.00    0.00    0.00  100.00
04:06:12 PM  167    0.00    0.00    0.00    0.00    0.00    0.00    0.00    0.00    0.00  100.00
04:06:12 PM  168    0.00    0.00    0.00    0.00    0.00    0.00    0.00    0.00    0.00  100.00
04:06:12 PM  169    0.00    0.00    0.00    0.00    0.00    0.00    0.00    0.00    0.00  100.00
04:06:12 PM  170    0.00    0.00    0.00    0.00    0.00    0.00    0.00    0.00    0.00  100.00
04:06:12 PM  171    0.00    0.00    0.00    0.00    0.00    0.00    0.00    0.00    0.00  100.00
04:06:12 PM  172    0.00    0.00    0.00    0.00    0.00    0.00    0.00    0.00    0.00  100.00
04:06:12 PM  173    0.00    0.00    0.00    0.00    0.00    0.00    0.00    0.00    0.00  100.00
04:06:12 PM  174    0.00    0.00    0.00    0.00    0.00    0.00    0.00    0.00    0.00  100.00
04:06:12 PM  175    0.00    0.00    0.00    0.00    0.00    0.00    0.00    0.00    0.00  100.00
04:06:12 PM  176    0.00    0.00    0.00    0.00    0.00    0.00    0.00    0.00    0.00  100.00
04:06:12 PM  177    0.00    0.00    0.00    0.00    0.00    0.00    0.00    0.00    0.00  100.00
04:06:12 PM  178    0.00    0.00    0.00    0.00    0.00    0.00    0.00    0.00    0.00  100.00
04:06:12 PM  179    0.00    0.00    0.00    0.00    0.00    0.00    0.00    0.00    0.00  100.00
04:06:12 PM  180    0.00    0.00    0.00    0.00    0.00    0.00    0.00    0.00    0.00  100.00
04:06:12 PM  181    0.00    0.00    0.00    0.00    0.00    0.00    0.00    0.00    0.00  100.00
04:06:12 PM  182    0.00    0.00    0.00    0.00    0.00    0.00    0.00    0.00    0.00  100.00
04:06:12 PM  183    0.00    0.00    0.00    0.00    0.00    0.00    0.00    0.00    0.00  100.00
04:06:12 PM  184    0.00    0.00    0.00    0.00    0.00    0.00    0.00    0.00    0.00  100.00
04:06:12 PM  185    0.00    0.00    0.00    0.00    0.00    0.00    0.00    0.00    0.00  100.00
04:06:12 PM  186    0.00    0.00    0.00    0.00    0.00    0.00    0.00    0.00    0.00  100.00
04:06:12 PM  187    0.00    0.00    0.00    0.00    0.00    0.00    0.00    0.00    0.00  100.00
04:06:12 PM  188    0.00    0.00    0.00    0.00    0.00    0.00    0.00    0.00    0.00  100.00
04:06:12 PM  189    0.00    0.00    0.00    0.00    0.00    0.00    0.00    0.00    0.00  100.00
04:06:12 PM  190    0.00    0.00    0.00    0.00    0.00    0.00    0.00    0.00    0.00  100.00
04:06:12 PM  191    0.00    0.00    0.00    0.00    0.00    0.00    0.00    0.00    0.00  100.00
04:06:12 PM  192    0.00    0.00    0.00    0.00    0.00    0.00    0.00    0.00    0.00  100.00
04:06:12 PM  193    0.00    0.00    0.00    0.00    0.00    0.00    0.00    0.00    0.00  100.00
04:06:12 PM  194    0.00    0.00    0.00    0.00    0.00    0.00    0.00    0.00    0.00  100.00
04:06:12 PM  195    0.00    0.00    0.00    0.00    0.00    0.00    0.00    0.00    0.00  100.00
04:06:12 PM  196    0.00    0.00    0.00    0.00    0.00    0.00    0.00    0.00    0.00  100.00
04:06:12 PM  197    0.00    0.00    0.00    0.00    0.00    0.00    0.00    0.00    0.00  100.00
04:06:12 PM  198    0.00    0.00    0.00    0.00    0.00    0.00    0.00    0.00    0.00  100.00
04:06:12 PM  199    0.00    0.00    0.00    0.00    0.00    0.00    0.00    0.00    0.00  100.00
04:06:12 PM  200    0.00    0.00    0.00    0.00    0.00    0.00    0.00    0.00    0.00  100.00
04:06:12 PM  201    0.00    0.00    0.00    0.00    0.00    0.00    0.00    0.00    0.00  100.00
04:06:12 PM  202    0.00    0.00    0.00    0.00    0.00    0.00    0.00    0.00    0.00  100.00
04:06:12 PM  203    0.00    0.00    0.00    0.00    0.00    0.00    0.00    0.00    0.00  100.00
04:06:12 PM  204    0.00    0.00    0.00    0.00    0.00    0.00    0.00    0.00    0.00  100.00
04:06:12 PM  205    0.00    0.00    0.00    0.00    0.00    0.00    0.00    0.00    0.00  100.00
04:06:12 PM  206    0.00    0.00    0.00    0.00    0.00    0.00    0.00    0.00    0.00  100.00
04:06:12 PM  207    0.00    0.00    0.00    0.00    0.00    0.00    0.00    0.00    0.00  100.00
04:06:12 PM  208    0.00    0.00    0.00    0.00    0.00    0.00    0.00    0.00    0.00  100.00
04:06:12 PM  209    0.00    0.00    0.00    0.00    0.00    0.00    0.00    0.00    0.00  100.00
04:06:12 PM  210    0.00    0.00    0.00    0.00    0.00    0.00    0.00    0.00    0.00  100.00
04:06:12 PM  211    0.00    0.00    0.00    0.00    0.00    0.00    0.00    0.00    0.00  100.00
04:06:12 PM  212    0.00    0.00    0.00    0.00    0.00    0.00    0.00    0.00    0.00  100.00
04:06:12 PM  213    0.00    0.00    1.00    0.00    0.00    0.00    0.00    0.00    0.00   99.00
04:06:12 PM  214    0.00    0.00    0.00    0.00    0.00    0.00    0.00    0.00    0.00  100.00
04:06:12 PM  215    0.00    0.00    0.00    0.00    0.00    0.00    0.00    0.00    0.00  100.00
04:06:12 PM  216    0.00    0.00    0.00    0.00    0.00    0.00    0.00    0.00    0.00  100.00
04:06:12 PM  217    0.00    0.00    0.00    0.00    0.00    0.00    0.00    0.00    0.00  100.00
04:06:12 PM  218    0.00    0.00    0.00    0.00    0.00    0.00    0.00    0.00    0.00  100.00
04:06:12 PM  219    0.00    0.00    0.00    0.00    0.00    0.00    0.00    0.00    0.00  100.00
04:06:12 PM  220    0.00    0.00    0.00    0.00    0.00    0.00    0.00    0.00    0.00  100.00
04:06:12 PM  221    0.00    0.00    0.00    0.00    0.00    0.00    0.00    0.00    0.00  100.00
04:06:12 PM  222    0.99    0.00    0.00    0.00    0.00    0.00    0.00    0.00    0.00   99.01
04:06:12 PM  223    0.00    0.00    0.00    0.00    0.00    0.00    0.00    0.00    0.00  100.00
04:06:12 PM  224    0.00    0.00    0.00    0.00    0.00    0.00    0.00    0.00    0.00  100.00
04:06:12 PM  225    0.00    0.00    0.00    0.00    0.00    0.00    0.00    0.00    0.00  100.00
04:06:12 PM  226    0.00    0.00    0.00    0.00    0.00    0.00    0.00    0.00    0.00  100.00
04:06:12 PM  227    0.00    0.00    0.00    0.00    0.00    0.00    0.00    0.00    0.00  100.00
04:06:12 PM  228    0.00    0.00    0.00    0.00    0.00    0.00    0.00    0.00    0.00  100.00
04:06:12 PM  229    0.00    0.00    0.00    0.00    0.00    0.00    0.00    0.00    0.00  100.00
04:06:12 PM  230    0.00    0.00    0.00    0.00    0.00    0.00    0.00    0.00    0.00  100.00
04:06:12 PM  231    0.00    0.00    0.00    0.00    0.00    0.00    0.00    0.00    0.00  100.00
04:06:12 PM  232    0.00    0.00    0.00    0.00    0.00    0.00    0.00    0.00    0.00  100.00
04:06:12 PM  233    0.00    0.00    0.00    0.00    0.00    0.00    0.00    0.00    0.00  100.00
04:06:12 PM  234    0.00    0.00    0.00    0.00    0.00    0.00    0.00    0.00    0.00  100.00
04:06:12 PM  235    0.00    0.00    0.00    0.00    0.00    0.00    0.00    0.00    0.00  100.00
04:06:12 PM  236    0.00    0.00    0.00    0.00    0.00    0.00    0.00    0.00    0.00  100.00
04:06:12 PM  237    0.00    0.00    0.00    0.00    0.00    0.00    0.00    0.00    0.00  100.00
04:06:12 PM  238    0.00    0.00    0.00    0.00    0.00    0.00    0.00    0.00    0.00  100.00
04:06:12 PM  239    0.00    0.00    0.00    0.00    0.00    0.00    0.00    0.00    0.00  100.00
04:06:12 PM  240    0.00    0.00    0.00    0.00    0.00    0.00    0.00    0.00    0.00  100.00
04:06:12 PM  241    0.00    0.00    0.00    0.00    0.00    0.00    0.00    0.00    0.00  100.00
04:06:12 PM  242    0.00    0.00    0.00    0.00    0.00    0.00    0.00    0.00    0.00  100.00
04:06:12 PM  243    0.00    0.00    0.00    0.00    0.00    0.00    0.00    0.00    0.00  100.00
04:06:12 PM  244    0.00    0.00    0.00    0.00    0.00    0.00    0.00    0.00    0.00  100.00
04:06:12 PM  245    0.00    0.00    0.00    0.00    0.00    0.00    0.00    0.00    0.00  100.00
04:06:12 PM  246    0.00    0.00    0.00    0.00    0.00    0.00    0.00    0.00    0.00  100.00
04:06:12 PM  247    0.00    0.00    0.00    0.00    0.00    0.00    0.00    0.00    0.00  100.00
04:06:12 PM  248    0.00    0.00    0.00    0.00    0.00    0.00    0.00    0.00    0.00  100.00
04:06:12 PM  249    0.00    0.00    0.00    0.00    0.00    0.00    0.00    0.00    0.00  100.00
04:06:12 PM  250    0.00    0.00    0.00    0.00    0.00    0.00    0.00    0.00    0.00  100.00
04:06:12 PM  251    0.00    0.00    0.00    0.00    0.00    0.00    0.00    0.00    0.00  100.00
04:06:12 PM  252    0.00    0.00    0.00    0.00    0.00    0.00    0.00    0.00    0.00  100.00
04:06:12 PM  253    0.00    0.00    0.00    0.00    0.00    0.00    0.00    0.00    0.00  100.00
04:06:12 PM  254    0.00    0.00    0.00    0.00    0.00    0.00    0.00    0.00    0.00  100.00
04:06:12 PM  255    0.00    0.00    0.00    0.00    0.00    0.00    0.00    0.00    0.00  100.00

04:06:12 PM  CPU    %usr   %nice    %sys %iowait    %irq   %soft  %steal  %guest  %gnice   %idle
04:06:13 PM  all    0.00    0.00    0.40    0.00    0.00    0.00    0.00    0.00    0.00   99.60
04:06:13 PM    0    0.00    0.00    0.00    0.00    0.00    0.00    0.00    0.00    0.00  100.00
04:06:13 PM    1    0.00    0.00  100.00    0.00    0.00    0.00    0.00    0.00    0.00    0.00
04:06:13 PM    2    0.00    0.00    0.00    0.00    0.00    0.00    0.00    0.00    0.00  100.00
04:06:13 PM    3    0.00    0.00    0.00    0.00    0.00    0.00    0.00    0.00    0.00  100.00
04:06:13 PM    4    0.00    0.00    0.00    0.00    0.00    0.00    0.00    0.00    0.00  100.00
04:06:13 PM    5    0.00    0.00    0.00    0.00    0.00    0.00    0.00    0.00    0.00  100.00
04:06:13 PM    6    0.00    0.00    0.00    0.00    0.00    0.00    0.00    0.00    0.00  100.00
04:06:13 PM    7    0.00    0.00    0.00    0.00    0.00    0.00    0.00    0.00    0.00  100.00
04:06:13 PM    8    0.00    0.00    0.00    0.00    0.00    0.00    0.00    0.00    0.00  100.00
04:06:13 PM    9    0.00    0.00    0.00    0.00    0.00    0.00    0.00    0.00    0.00  100.00
04:06:13 PM   10    0.00    0.00    0.00    0.00    0.00    0.00    0.00    0.00    0.00  100.00
04:06:13 PM   11    0.00    0.00    0.00    0.00    0.00    0.00    0.00    0.00    0.00  100.00
04:06:13 PM   12    0.00    0.00    0.00    0.00    0.00    0.00    0.00    0.00    0.00  100.00
04:06:13 PM   13    0.00    0.00    0.00    0.00    0.00    0.00    0.00    0.00    0.00  100.00
04:06:13 PM   14    0.00    0.00    0.00    0.00    0.00    0.00    0.00    0.00    0.00  100.00
04:06:13 PM   15    0.00    0.00    0.00    0.00    0.00    0.00    0.00    0.00    0.00  100.00
04:06:13 PM   16    0.00    0.00    0.00    0.00    0.00    0.00    0.00    0.00    0.00  100.00
04:06:13 PM   17    0.00    0.00    0.00    0.00    0.00    0.00    0.00    0.00    0.00  100.00
04:06:13 PM   18    0.00    0.00    0.00    0.00    0.00    0.00    0.00    0.00    0.00  100.00
04:06:13 PM   19    0.00    0.00    0.00    0.00    0.00    0.00    0.00    0.00    0.00  100.00
04:06:13 PM   20    0.00    0.00    0.00    0.00    0.00    0.00    0.00    0.00    0.00  100.00
04:06:13 PM   21    0.00    0.00    0.00    0.00    0.00    0.00    0.00    0.00    0.00  100.00
04:06:13 PM   22    0.00    0.00    0.00    0.00    0.00    0.00    0.00    0.00    0.00  100.00
04:06:13 PM   23    0.00    0.00    0.00    0.00    0.00    0.00    0.00    0.00    0.00  100.00
04:06:13 PM   24    0.00    0.00    0.00    0.00    0.00    0.00    0.00    0.00    0.00  100.00
04:06:13 PM   25    0.00    0.00    0.00    0.00    0.00    0.00    0.00    0.00    0.00  100.00
04:06:13 PM   26    0.00    0.00    0.00    0.00    0.00    0.00    0.00    0.00    0.00  100.00
04:06:13 PM   27    0.00    0.00    0.00    0.00    0.00    0.00    0.00    0.00    0.00  100.00
04:06:13 PM   28    0.00    0.00    0.00    0.00    0.00    0.00    0.00    0.00    0.00  100.00
04:06:13 PM   29    0.00    0.00    0.00    0.00    0.00    0.00    0.00    0.00    0.00  100.00
04:06:13 PM   30    0.00    0.00    0.00    0.00    0.00    0.00    0.00    0.00    0.00  100.00
04:06:13 PM   31    0.00    0.00    0.00    0.00    0.00    0.00    0.00    0.00    0.00  100.00
04:06:13 PM   32    0.00    0.00    0.00    0.00    0.00    0.00    0.00    0.00    0.00  100.00
04:06:13 PM   33    0.00    0.00    0.00    0.00    0.00    0.00    0.00    0.00    0.00  100.00
04:06:13 PM   34    0.00    0.00    0.00    0.00    0.00    0.00    0.00    0.00    0.00  100.00
04:06:13 PM   35    0.00    0.00    0.00    0.00    0.00    0.00    0.00    0.00    0.00  100.00
04:06:13 PM   36    0.00    0.00    0.00    0.00    0.00    0.00    0.00    0.00    0.00  100.00
04:06:13 PM   37    0.00    0.00    0.00    0.00    0.00    0.00    0.00    0.00    0.00  100.00
04:06:13 PM   38    0.00    0.00    0.00    0.00    0.00    0.00    0.00    0.00    0.00  100.00
04:06:13 PM   39    0.00    0.00    0.00    0.00    0.00    0.00    0.00    0.00    0.00  100.00
04:06:13 PM   40    0.00    0.00    0.00    0.00    0.00    0.00    0.00    0.00    0.00  100.00
04:06:13 PM   41    0.00    0.00    0.00    0.00    0.00    0.00    0.00    0.00    0.00  100.00
04:06:13 PM   42    0.00    0.00    0.00    0.00    0.00    0.00    0.00    0.00    0.00  100.00
04:06:13 PM   43    0.00    0.00    0.00    0.00    0.00    0.00    0.00    0.00    0.00  100.00
04:06:13 PM   44    0.00    0.00    0.00    0.00    0.00    0.00    0.00    0.00    0.00  100.00
04:06:13 PM   45    0.00    0.00    0.00    0.00    0.00    0.00    0.00    0.00    0.00  100.00
04:06:13 PM   46    0.00    0.00    0.00    0.00    0.00    0.00    0.00    0.00    0.00  100.00
04:06:13 PM   47    0.00    0.00    0.00    0.00    0.00    0.00    0.00    0.00    0.00  100.00
04:06:13 PM   48    0.00    0.00    0.00    0.00    0.00    0.00    0.00    0.00    0.00  100.00
04:06:13 PM   49    0.00    0.00    0.00    0.00    0.00    0.00    0.00    0.00    0.00  100.00
04:06:13 PM   50    0.00    0.00    0.00    0.00    0.00    0.00    0.00    0.00    0.00  100.00
04:06:13 PM   51    0.00    0.00    0.00    0.00    0.00    0.00    0.00    0.00    0.00  100.00
04:06:13 PM   52    0.00    0.00    0.00    0.00    0.00    0.00    0.00    0.00    0.00  100.00
04:06:13 PM   53    0.00    0.00    0.00    0.00    0.00    0.00    0.00    0.00    0.00  100.00
04:06:13 PM   54    0.00    0.00    0.00    0.00    0.00    0.00    0.00    0.00    0.00  100.00
04:06:13 PM   55    0.00    0.00    0.00    0.00    0.00    0.00    0.00    0.00    0.00  100.00
04:06:13 PM   56    0.00    0.00    0.00    0.00    0.00    0.00    0.00    0.00    0.00  100.00
04:06:13 PM   57    0.00    0.00    0.00    0.00    0.00    0.00    0.00    0.00    0.00  100.00
04:06:13 PM   58    0.00    0.00    0.00    0.00    0.00    0.00    0.00    0.00    0.00  100.00
04:06:13 PM   59    0.00    0.00    0.00    0.00    0.00    0.00    0.00    0.00    0.00  100.00
04:06:13 PM   60    0.00    0.00    0.00    0.00    0.00    0.00    0.00    0.00    0.00  100.00
04:06:13 PM   61    0.00    0.00    0.00    0.00    0.00    0.00    0.00    0.00    0.00  100.00
04:06:13 PM   62    0.00    0.00    0.00    0.00    0.00    0.00    0.00    0.00    0.00  100.00
04:06:13 PM   63    0.00    0.00    0.00    0.00    0.00    0.00    0.00    0.00    0.00  100.00
04:06:13 PM   64    0.00    0.00    0.00    0.00    0.00    0.00    0.00    0.00    0.00  100.00
04:06:13 PM   65    0.00    0.00    0.00    0.00    0.00    0.00    0.00    0.00    0.00  100.00
04:06:13 PM   66    0.00    0.00    0.00    0.00    0.00    0.00    0.00    0.00    0.00  100.00
04:06:13 PM   67    0.00    0.00    0.00    0.00    0.00    0.00    0.00    0.00    0.00  100.00
04:06:13 PM   68    0.00    0.00    0.00    0.00    0.00    0.00    0.00    0.00    0.00  100.00
04:06:13 PM   69    0.00    0.00    0.00    0.00    0.00    0.00    0.00    0.00    0.00  100.00
04:06:13 PM   70    0.00    0.00    0.00    0.00    0.00    0.00    0.00    0.00    0.00  100.00
04:06:13 PM   71    0.00    0.00    0.00    0.00    0.00    0.00    0.00    0.00    0.00  100.00
04:06:13 PM   72    0.00    0.00    0.00    0.00    0.00    0.00    0.00    0.00    0.00  100.00
04:06:13 PM   73    0.00    0.00    0.00    0.00    0.00    0.00    0.00    0.00    0.00  100.00
04:06:13 PM   74    0.00    0.00    0.00    0.00    0.00    0.00    0.00    0.00    0.00  100.00
04:06:13 PM   75    0.00    0.00    0.00    0.00    0.00    0.00    0.00    0.00    0.00  100.00
04:06:13 PM   76    0.00    0.00    0.00    0.00    0.00    0.00    0.00    0.00    0.00  100.00
04:06:13 PM   77    0.00    0.00    0.00    0.00    0.00    0.00    0.00    0.00    0.00  100.00
04:06:13 PM   78    0.00    0.00    0.00    0.00    0.00    0.00    0.00    0.00    0.00  100.00
04:06:13 PM   79    0.00    0.00    0.00    0.00    0.00    0.00    0.00    0.00    0.00  100.00
04:06:13 PM   80    0.00    0.00    0.00    0.00    0.00    0.00    0.00    0.00    0.00  100.00
04:06:13 PM   81    0.00    0.00    0.00    0.00    0.00    0.00    0.00    0.00    0.00  100.00
04:06:13 PM   82    0.00    0.00    0.00    0.00    0.00    0.00    0.00    0.00    0.00  100.00
04:06:13 PM   83    0.00    0.00    0.00    0.00    0.00    0.00    0.00    0.00    0.00  100.00
04:06:13 PM   84    0.00    0.00    0.00    0.00    0.00    0.00    0.00    0.00    0.00  100.00
04:06:13 PM   85    0.00    0.00    0.00    0.00    0.00    0.00    0.00    0.00    0.00  100.00
04:06:13 PM   86    0.00    0.00    0.00    0.00    0.00    0.00    0.00    0.00    0.00  100.00
04:06:13 PM   87    0.00    0.00    0.00    0.00    0.00    0.00    0.00    0.00    0.00  100.00
04:06:13 PM   88    0.00    0.00    0.00    0.00    0.00    0.00    0.00    0.00    0.00  100.00
04:06:13 PM   89    0.00    0.00    0.00    0.00    0.00    0.00    0.00    0.00    0.00  100.00
04:06:13 PM   90    0.00    0.00    0.00    0.00    0.00    0.00    0.00    0.00    0.00  100.00
04:06:13 PM   91    0.00    0.00    0.00    0.00    0.00    0.00    0.00    0.00    0.00  100.00
04:06:13 PM   92    0.00    0.00    0.00    0.00    0.00    0.00    0.00    0.00    0.00  100.00
04:06:13 PM   93    0.00    0.00    0.00    0.00    0.00    0.00    0.00    0.00    0.00  100.00
04:06:13 PM   94    0.00    0.00    0.00    0.00    0.00    0.00    0.00    0.00    0.00  100.00
04:06:13 PM   95    0.00    0.00    0.00    0.00    0.00    0.00    0.00    0.00    0.00  100.00
04:06:13 PM   96    0.00    0.00    0.00    0.00    0.00    0.00    0.00    0.00    0.00  100.00
04:06:13 PM   97    0.00    0.00    0.00    0.00    0.00    0.00    0.00    0.00    0.00  100.00
04:06:13 PM   98    0.00    0.00    0.00    0.00    0.00    0.00    0.00    0.00    0.00  100.00
04:06:13 PM   99    0.00    0.00    0.00    0.00    0.00    0.00    0.00    0.00    0.00  100.00
04:06:13 PM  100    0.00    0.00    0.00    0.00    0.00    0.00    0.00    0.00    0.00  100.00
04:06:13 PM  101    0.00    0.00    0.00    0.00    0.00    0.00    0.00    0.00    0.00  100.00
04:06:13 PM  102    0.00    0.00    0.00    0.00    0.00    0.00    0.00    0.00    0.00  100.00
04:06:13 PM  103    0.00    0.00    0.00    0.00    0.00    0.00    0.00    0.00    0.00  100.00
04:06:13 PM  104    0.00    0.00    0.00    0.00    0.00    0.00    0.00    0.00    0.00  100.00
04:06:13 PM  105    0.00    0.00    0.00    0.00    0.00    0.00    0.00    0.00    0.00  100.00
04:06:13 PM  106    0.00    0.00    0.00    0.00    0.00    0.00    0.00    0.00    0.00  100.00
04:06:13 PM  107    0.00    0.00    0.00    0.00    0.00    0.00    0.00    0.00    0.00  100.00
04:06:13 PM  108    0.00    0.00    0.00    0.00    0.00    0.00    0.00    0.00    0.00  100.00
04:06:13 PM  109    0.00    0.00    0.00    0.00    0.00    0.00    0.00    0.00    0.00  100.00
04:06:13 PM  110    0.00    0.00    0.00    0.00    0.00    0.00    0.00    0.00    0.00  100.00
04:06:13 PM  111    0.00    0.00    0.00    0.00    0.00    0.00    0.00    0.00    0.00  100.00
04:06:13 PM  112    0.00    0.00    0.00    0.00    0.00    0.00    0.00    0.00    0.00  100.00
04:06:13 PM  113    0.00    0.00    0.00    0.00    0.00    0.00    0.00    0.00    0.00  100.00
04:06:13 PM  114    0.00    0.00    0.00    0.00    0.00    0.00    0.00    0.00    0.00  100.00
04:06:13 PM  115    0.00    0.00    0.00    0.00    0.00    0.00    0.00    0.00    0.00  100.00
04:06:13 PM  116    0.00    0.00    0.00    0.00    0.00    0.00    0.00    0.00    0.00  100.00
04:06:13 PM  117    0.00    0.00    0.00    0.00    0.00    0.00    0.00    0.00    0.00  100.00
04:06:13 PM  118    0.00    0.00    0.00    0.00    0.00    0.00    0.00    0.00    0.00  100.00
04:06:13 PM  119    0.00    0.00    0.00    0.00    0.00    0.00    0.00    0.00    0.00  100.00
04:06:13 PM  120    0.00    0.00    0.00    0.00    0.00    0.00    0.00    0.00    0.00  100.00
04:06:13 PM  121    0.00    0.00    0.00    0.00    0.00    0.00    0.00    0.00    0.00  100.00
04:06:13 PM  122    0.00    0.00    0.00    0.00    0.00    0.00    0.00    0.00    0.00  100.00
04:06:13 PM  123    0.00    0.00    0.00    0.00    0.00    0.00    0.00    0.00    0.00  100.00
04:06:13 PM  124    0.00    0.00    0.00    0.00    0.00    0.00    0.00    0.00    0.00  100.00
04:06:13 PM  125    0.00    0.00    0.00    0.00    0.00    0.00    0.00    0.00    0.00  100.00
04:06:13 PM  126    0.00    0.00    0.00    0.00    0.00    0.00    0.00    0.00    0.00  100.00
04:06:13 PM  127    0.00    0.00    0.00    0.00    0.00    0.00    0.00    0.00    0.00  100.00
04:06:13 PM  128    0.00    0.00    0.00    0.00    0.00    0.00    0.00    0.00    0.00  100.00
04:06:13 PM  129    0.00    0.00    0.00    0.00    0.00    0.00    0.00    0.00    0.00  100.00
04:06:13 PM  130    0.00    0.00    0.00    0.00    0.00    0.00    0.00    0.00    0.00  100.00
04:06:13 PM  131    0.00    0.00    0.00    0.00    0.00    0.00    0.00    0.00    0.00  100.00
04:06:13 PM  132    0.00    0.00    0.00    0.00    0.00    0.00    0.00    0.00    0.00  100.00
04:06:13 PM  133    0.00    0.00    0.00    0.00    0.00    0.00    0.00    0.00    0.00  100.00
04:06:13 PM  134    0.00    0.00    0.00    0.00    0.00    0.00    0.00    0.00    0.00  100.00
04:06:13 PM  135    0.00    0.00    0.00    0.00    0.00    0.00    0.00    0.00    0.00  100.00
04:06:13 PM  136    0.00    0.00    0.00    0.00    0.00    0.00    0.00    0.00    0.00  100.00
04:06:13 PM  137    0.00    0.00    0.00    0.00    0.00    0.00    0.00    0.00    0.00  100.00
04:06:13 PM  138    0.00    0.00    0.00    0.00    0.00    0.00    0.00    0.00    0.00  100.00
04:06:13 PM  139    0.00    0.00    0.00    0.00    0.00    0.00    0.00    0.00    0.00  100.00
04:06:13 PM  140    0.00    0.00    0.00    0.00    0.00    0.00    0.00    0.00    0.00  100.00
04:06:13 PM  141    0.00    0.00    0.00    0.00    0.00    0.00    0.00    0.00    0.00  100.00
04:06:13 PM  142    0.00    0.00    0.00    0.00    0.00    0.00    0.00    0.00    0.00  100.00
04:06:13 PM  143    0.00    0.00    0.00    0.00    0.00    0.00    0.00    0.00    0.00  100.00
04:06:13 PM  144    0.00    0.00    0.00    0.00    0.00    0.00    0.00    0.00    0.00  100.00
04:06:13 PM  145    0.00    0.00    0.00    0.00    0.00    0.00    0.00    0.00    0.00  100.00
04:06:13 PM  146    0.00    0.00    0.00    0.00    0.00    0.00    0.00    0.00    0.00  100.00
04:06:13 PM  147    0.00    0.00    0.00    0.00    0.00    0.00    0.00    0.00    0.00  100.00
04:06:13 PM  148    0.00    0.00    0.00    0.00    0.00    0.00    0.00    0.00    0.00  100.00
04:06:13 PM  149    0.00    0.00    0.00    0.00    0.00    0.00    0.00    0.00    0.00  100.00
04:06:13 PM  150    0.00    0.00    0.00    0.00    0.00    0.00    0.00    0.00    0.00  100.00
04:06:13 PM  151    0.00    0.00    0.00    0.00    0.00    0.00    0.00    0.00    0.00  100.00
04:06:13 PM  152    0.00    0.00    0.00    0.00    0.00    0.00    0.00    0.00    0.00  100.00
04:06:13 PM  153    0.00    0.00    0.00    0.00    0.00    0.00    0.00    0.00    0.00  100.00
04:06:13 PM  154    0.00    0.00    0.00    0.00    0.00    0.00    0.00    0.00    0.00  100.00
04:06:13 PM  155    0.00    0.00    0.00    0.00    0.00    0.00    0.00    0.00    0.00  100.00
04:06:13 PM  156    0.00    0.00    0.00    0.00    0.00    0.00    0.00    0.00    0.00  100.00
04:06:13 PM  157    0.00    0.00    0.00    0.00    0.00    0.00    0.00    0.00    0.00  100.00
04:06:13 PM  158    0.00    0.00    0.00    0.00    0.00    0.00    0.00    0.00    0.00  100.00
04:06:13 PM  159    0.00    0.00    0.00    0.00    0.00    0.00    0.00    0.00    0.00  100.00
04:06:13 PM  160    0.00    0.00    0.00    0.00    0.00    0.00    0.00    0.00    0.00  100.00
04:06:13 PM  161    0.00    0.00    0.00    0.00    0.00    0.00    0.00    0.00    0.00  100.00
04:06:13 PM  162    0.00    0.00    0.00    0.00    0.00    0.00    0.00    0.00    0.00  100.00
04:06:13 PM  163    0.00    0.00    0.00    0.00    0.00    0.00    0.00    0.00    0.00  100.00
04:06:13 PM  164    0.00    0.00    0.00    0.00    0.00    0.00    0.00    0.00    0.00  100.00
04:06:13 PM  165    0.00    0.00    0.00    0.00    0.00    0.00    0.00    0.00    0.00  100.00
04:06:13 PM  166    0.00    0.00    0.00    0.00    0.00    0.00    0.00    0.00    0.00  100.00
04:06:13 PM  167    0.00    0.00    0.00    0.00    0.00    0.00    0.00    0.00    0.00  100.00
04:06:13 PM  168    0.00    0.00    0.00    0.00    0.00    0.00    0.00    0.00    0.00  100.00
04:06:13 PM  169    0.00    0.00    0.00    0.00    0.00    0.00    0.00    0.00    0.00  100.00
04:06:13 PM  170    0.00    0.00    0.00    0.00    0.00    0.00    0.00    0.00    0.00  100.00
04:06:13 PM  171    0.00    0.00    0.00    0.00    0.00    0.00    0.00    0.00    0.00  100.00
04:06:13 PM  172    0.00    0.00    0.00    0.00    0.00    0.00    0.00    0.00    0.00  100.00
04:06:13 PM  173    0.00    0.00    0.00    0.00    0.00    0.00    0.00    0.00    0.00  100.00
04:06:13 PM  174    0.00    0.00    0.00    0.00    0.00    0.00    0.00    0.00    0.00  100.00
04:06:13 PM  175    0.00    0.00    0.00    0.00    0.00    0.00    0.00    0.00    0.00  100.00
04:06:13 PM  176    0.00    0.00    0.00    0.00    0.00    0.00    0.00    0.00    0.00  100.00
04:06:13 PM  177    0.00    0.00    0.00    0.00    0.00    0.00    0.00    0.00    0.00  100.00
04:06:13 PM  178    0.00    0.00    0.00    0.00    0.00    0.00    0.00    0.00    0.00  100.00
04:06:13 PM  179    0.00    0.00    0.00    0.00    0.00    0.00    0.00    0.00    0.00  100.00
04:06:13 PM  180    0.00    0.00    0.00    0.00    0.00    0.00    0.00    0.00    0.00  100.00
04:06:13 PM  181    0.00    0.00    0.00    0.00    0.00    0.00    0.00    0.00    0.00  100.00
04:06:13 PM  182    0.00    0.00    0.00    0.00    0.00    0.00    0.00    0.00    0.00  100.00
04:06:13 PM  183    0.00    0.00    0.00    0.00    0.00    0.00    0.00    0.00    0.00  100.00
04:06:13 PM  184    0.00    0.00    0.00    0.00    0.00    0.00    0.00    0.00    0.00  100.00
04:06:13 PM  185    0.00    0.00    0.00    0.00    0.00    0.00    0.00    0.00    0.00  100.00
04:06:13 PM  186    0.00    0.00    0.00    0.00    0.00    0.00    0.00    0.00    0.00  100.00
04:06:13 PM  187    0.00    0.00    0.00    0.00    0.00    0.00    0.00    0.00    0.00  100.00
04:06:13 PM  188    0.00    0.00    0.00    0.00    0.00    0.00    0.00    0.00    0.00  100.00
04:06:13 PM  189    0.00    0.00    0.00    0.00    0.00    0.00    0.00    0.00    0.00  100.00
04:06:13 PM  190    0.00    0.00    0.00    0.00    0.00    0.00    0.00    0.00    0.00  100.00
04:06:13 PM  191    0.00    0.00    0.00    0.00    0.00    0.00    0.00    0.00    0.00  100.00
04:06:13 PM  192    0.00    0.00    0.00    0.00    0.00    0.00    0.00    0.00    0.00  100.00
04:06:13 PM  193    0.00    0.00    0.00    0.00    0.00    0.00    0.00    0.00    0.00  100.00
04:06:13 PM  194    0.00    0.00    0.00    0.00    0.00    0.00    0.00    0.00    0.00  100.00
04:06:13 PM  195    0.00    0.00    0.00    0.00    0.00    0.00    0.00    0.00    0.00  100.00
04:06:13 PM  196    0.00    0.00    0.00    0.00    0.00    0.00    0.00    0.00    0.00  100.00
04:06:13 PM  197    0.00    0.00    0.00    0.00    0.00    0.00    0.00    0.00    0.00  100.00
04:06:13 PM  198    0.00    0.00    0.00    0.00    0.00    0.00    0.00    0.00    0.00  100.00
04:06:13 PM  199    0.00    0.00    0.00    0.00    0.00    0.00    0.00    0.00    0.00  100.00
04:06:13 PM  200    0.00    0.00    0.99    0.00    0.00    0.00    0.00    0.00    0.00   99.01
04:06:13 PM  201    0.00    0.00    0.00    0.00    0.00    0.00    0.00    0.00    0.00  100.00
04:06:13 PM  202    0.00    0.00    0.00    0.00    0.00    0.00    0.00    0.00    0.00  100.00
04:06:13 PM  203    0.00    0.00    0.00    0.00    0.00    0.00    0.00    0.00    0.00  100.00
04:06:13 PM  204    0.00    0.00    0.00    0.00    0.00    0.00    0.00    0.00    0.00  100.00
04:06:13 PM  205    0.00    0.00    0.00    0.00    0.00    0.00    0.00    0.00    0.00  100.00
04:06:13 PM  206    0.00    0.00    0.00    0.00    0.00    0.00    0.00    0.00    0.00  100.00
04:06:13 PM  207    0.00    0.00    0.00    0.00    0.00    0.00    0.00    0.00    0.00  100.00
04:06:13 PM  208    0.00    0.00    0.00    0.00    0.00    0.00    0.00    0.00    0.00  100.00
04:06:13 PM  209    0.00    0.00    0.00    0.00    0.00    0.00    0.00    0.00    0.00  100.00
04:06:13 PM  210    0.00    0.00    0.00    0.00    0.00    0.00    0.00    0.00    0.00  100.00
04:06:13 PM  211    0.00    0.00    0.00    0.00    0.00    0.00    0.00    0.00    0.00  100.00
04:06:13 PM  212    0.00    0.00    0.00    0.00    0.00    0.00    0.00    0.00    0.00  100.00
04:06:13 PM  213    0.00    0.00    1.00    0.00    0.00    0.00    0.00    0.00    0.00   99.00
04:06:13 PM  214    0.00    0.00    0.00    0.00    0.00    0.00    0.00    0.00    0.00  100.00
04:06:13 PM  215    0.00    0.00    0.00    0.00    0.00    0.00    0.00    0.00    0.00  100.00
04:06:13 PM  216    0.00    0.00    0.00    0.00    0.00    0.00    0.00    0.00    0.00  100.00
04:06:13 PM  217    0.00    0.00    0.00    0.00    0.00    0.00    0.00    0.00    0.00  100.00
04:06:13 PM  218    0.00    0.00    0.00    0.00    0.00    0.00    0.00    0.00    0.00  100.00
04:06:13 PM  219    0.00    0.00    0.00    0.00    0.00    0.00    0.00    0.00    0.00  100.00
04:06:13 PM  220    0.00    0.00    0.00    0.00    0.00    0.00    0.00    0.00    0.00  100.00
04:06:13 PM  221    0.00    0.00    0.00    0.00    0.00    0.00    0.00    0.00    0.00  100.00
04:06:13 PM  222    0.00    0.00    0.00    0.00    0.00    0.00    0.00    0.00    0.00  100.00
04:06:13 PM  223    0.00    0.00    0.00    0.00    0.00    0.00    0.00    0.00    0.00  100.00
04:06:13 PM  224    0.00    0.00    0.00    0.00    0.00    0.00    0.00    0.00    0.00  100.00
04:06:13 PM  225    0.00    0.00    0.00    0.00    0.00    0.00    0.00    0.00    0.00  100.00
04:06:13 PM  226    0.00    0.00    0.00    0.00    0.00    0.00    0.00    0.00    0.00  100.00
04:06:13 PM  227    0.00    0.00    0.00    0.00    0.00    0.00    0.00    0.00    0.00  100.00
04:06:13 PM  228    0.00    0.00    0.00    0.00    0.00    0.00    0.00    0.00    0.00  100.00
04:06:13 PM  229    0.00    0.00    0.00    0.00    0.00    0.00    0.00    0.00    0.00  100.00
04:06:13 PM  230    0.00    0.00    0.00    0.00    0.00    0.00    0.00    0.00    0.00  100.00
04:06:13 PM  231    0.00    0.00    0.00    0.00    0.00    0.00    0.00    0.00    0.00  100.00
04:06:13 PM  232    0.00    0.00    0.00    0.00    0.00    0.00    0.00    0.00    0.00  100.00
04:06:13 PM  233    0.00    0.00    0.00    0.00    0.00    0.00    0.00    0.00    0.00  100.00
04:06:13 PM  234    0.00    0.00    0.00    0.00    0.00    0.00    0.00    0.00    0.00  100.00
04:06:13 PM  235    0.00    0.00    0.00    0.00    0.00    0.00    0.00    0.00    0.00  100.00
04:06:13 PM  236    0.00    0.00    0.00    0.00    0.00    0.00    0.00    0.00    0.00  100.00
04:06:13 PM  237    0.00    0.00    0.00    0.00    0.00    0.00    0.00    0.00    0.00  100.00
04:06:13 PM  238    0.00    0.00    0.00    0.00    0.00    0.00    0.00    0.00    0.00  100.00
04:06:13 PM  239    0.00    0.00    0.00    0.00    0.00    0.00    0.00    0.00    0.00  100.00
04:06:13 PM  240    0.00    0.00    0.00    0.00    0.00    0.00    0.00    0.00    0.00  100.00
04:06:13 PM  241    0.00    0.00    0.00    0.00    0.00    0.00    0.00    0.00    0.00  100.00
04:06:13 PM  242    0.00    0.00    0.00    0.00    0.00    0.00    0.00    0.00    0.00  100.00
04:06:13 PM  243    0.00    0.00    0.00    0.00    0.00    0.00    0.00    0.00    0.00  100.00
04:06:13 PM  244    0.00    0.00    0.00    0.00    0.00    0.00    0.00    0.00    0.00  100.00
04:06:13 PM  245    0.00    0.00    0.00    0.00    0.00    0.00    0.00    0.00    0.00  100.00
04:06:13 PM  246    0.00    0.00    0.00    0.00    0.00    0.00    0.00    0.00    0.00  100.00
04:06:13 PM  247    0.00    0.00    0.00    0.00    0.00    0.00    0.00    0.00    0.00  100.00
04:06:13 PM  248    0.00    0.00    0.00    0.00    0.00    0.00    0.00    0.00    0.00  100.00
04:06:13 PM  249    0.00    0.00    0.00    0.00    0.00    0.00    0.00    0.00    0.00  100.00
04:06:13 PM  250    0.00    0.00    0.00    0.00    0.00    0.00    0.00    0.00    0.00  100.00
04:06:13 PM  251    0.00    0.00    0.00    0.00    0.00    0.00    0.00    0.00    0.00  100.00
04:06:13 PM  252    0.00    0.00    0.00    0.00    0.00    0.00    0.00    0.00    0.00  100.00
04:06:13 PM  253    0.00    0.00    0.00    0.00    0.00    0.00    0.00    0.00    0.00  100.00
04:06:13 PM  254    0.00    0.00    0.00    0.00    0.00    0.00    0.00    0.00    0.00  100.00
04:06:13 PM  255    0.00    0.00    0.00    0.00    0.00    0.00    0.00    0.00    0.00  100.00

04:06:13 PM  CPU    %usr   %nice    %sys %iowait    %irq   %soft  %steal  %guest  %gnice   %idle
04:06:14 PM  all    5.25    0.00   18.09    0.13    0.00    0.00    0.00    0.00    0.00   76.53
04:06:14 PM    0    6.12    0.00   14.29    0.00    0.00    0.00    0.00    0.00    0.00   79.59
04:06:14 PM    1    4.12    0.00   75.26    0.00    0.00    0.00    0.00    0.00    0.00   20.62
04:06:14 PM    2    2.04    0.00   15.31    0.00    0.00    0.00    0.00    0.00    0.00   82.65
04:06:14 PM    3    4.12    0.00   14.43    0.00    0.00    0.00    0.00    0.00    0.00   81.44
04:06:14 PM    4    5.10    0.00   17.35    0.00    0.00    0.00    0.00    0.00    0.00   77.55
04:06:14 PM    5    4.12    0.00   14.43    0.00    0.00    0.00    0.00    0.00    0.00   81.44
04:06:14 PM    6    3.09    0.00   14.43    0.00    0.00    0.00    0.00    0.00    0.00   82.47
04:06:14 PM    7    6.12    0.00   14.29    0.00    0.00    0.00    0.00    0.00    0.00   79.59
04:06:14 PM    8    2.06    0.00   15.46    0.00    0.00    0.00    0.00    0.00    0.00   82.47
04:06:14 PM    9    5.21    0.00   13.54    0.00    0.00    0.00    0.00    0.00    0.00   81.25
04:06:14 PM   10    1.02    0.00   15.31    0.00    0.00    0.00    0.00    0.00    0.00   83.67
04:06:14 PM   11    7.07    0.00   13.13    1.01    0.00    0.00    0.00    0.00    0.00   78.79
04:06:14 PM   12    4.04    0.00   19.19    0.00    0.00    0.00    0.00    0.00    0.00   76.77
04:06:14 PM   13    1.02    0.00   15.31    0.00    0.00    0.00    0.00    0.00    0.00   83.67
04:06:14 PM   14    7.07    0.00   15.15    0.00    0.00    0.00    0.00    0.00    0.00   77.78
04:06:14 PM   15    6.12    0.00   14.29    1.02    0.00    0.00    0.00    0.00    0.00   78.57
04:06:14 PM   16    4.04    0.00   13.13    1.01    0.00    0.00    0.00    0.00    0.00   81.82
04:06:14 PM   17    7.14    0.00   13.27    0.00    0.00    0.00    0.00    0.00    0.00   79.59
04:06:14 PM   18    4.04    0.00   16.16    0.00    0.00    0.00    0.00    0.00    0.00   79.80
04:06:14 PM   19    8.91    0.00   13.86    0.00    0.00    0.00    0.00    0.00    0.00   77.23
04:06:14 PM   20    4.08    0.00   17.35    0.00    0.00    0.00    0.00    0.00    0.00   78.57
04:06:14 PM   21    7.14    0.00   15.31    0.00    0.00    0.00    0.00    0.00    0.00   77.55
04:06:14 PM   22    8.91    0.00   14.85    0.00    0.00    0.00    0.00    0.00    0.00   76.24
04:06:14 PM   23    4.12    0.00   12.37    0.00    0.00    0.00    0.00    0.00    0.00   83.51
04:06:14 PM   24    4.04    0.00   16.16    0.00    0.00    0.00    0.00    0.00    0.00   79.80
04:06:14 PM   25    5.10    0.00   13.27    1.02    0.00    0.00    0.00    0.00    0.00   80.61
04:06:14 PM   26    3.09    0.00   13.40    0.00    0.00    0.00    0.00    0.00    0.00   83.51
04:06:14 PM   27    8.08    0.00   15.15    0.00    0.00    0.00    0.00    0.00    0.00   76.77
04:06:14 PM   28    2.08    0.00   14.58    0.00    0.00    0.00    0.00    0.00    0.00   83.33
04:06:14 PM   29    4.17    0.00   11.46    0.00    0.00    0.00    0.00    0.00    0.00   84.38
04:06:14 PM   30    1.02    0.00   14.29    0.00    0.00    0.00    0.00    0.00    0.00   84.69
04:06:14 PM   31    4.00    0.00   21.00    0.00    0.00    0.00    0.00    0.00    0.00   75.00
04:06:14 PM   32    5.05    0.00   16.16    0.00    0.00    0.00    0.00    0.00    0.00   78.79
04:06:14 PM   33    7.14    0.00   14.29    0.00    0.00    0.00    0.00    0.00    0.00   78.57
04:06:14 PM   34    4.04    0.00   17.17    1.01    0.00    0.00    0.00    0.00    0.00   77.78
04:06:14 PM   35    6.32    0.00   11.58    1.05    0.00    0.00    0.00    0.00    0.00   81.05
04:06:14 PM   36    8.16    0.00   13.27    0.00    0.00    0.00    0.00    0.00    0.00   78.57
04:06:14 PM   37    6.25    0.00   11.46    0.00    0.00    0.00    0.00    0.00    0.00   82.29
04:06:14 PM   38    4.12    0.00   15.46    0.00    0.00    0.00    0.00    0.00    0.00   80.41
04:06:14 PM   39    6.12    0.00   15.31    0.00    0.00    0.00    0.00    0.00    0.00   78.57
04:06:14 PM   40    9.90    0.00   14.85    0.00    0.00    0.00    0.00    0.00    0.00   75.25
04:06:14 PM   41    4.00    0.00   21.00    0.00    0.00    0.00    0.00    0.00    0.00   75.00
04:06:14 PM   42    5.94    0.00   18.81    0.00    0.00    0.00    0.00    0.00    0.00   75.25
04:06:14 PM   43    7.07    0.00   17.17    0.00    0.00    0.00    0.00    0.00    0.00   75.76
04:06:14 PM   44    4.95    0.00   20.79    0.00    0.00    0.00    0.00    0.00    0.00   74.26
04:06:14 PM   45    2.97    0.00   21.78    0.00    0.00    0.00    0.00    0.00    0.00   75.25
04:06:14 PM   46    3.96    0.00   21.78    0.00    0.00    0.00    0.00    0.00    0.00   74.26
04:06:14 PM   47    4.95    0.00   20.79    0.00    0.00    0.00    0.00    0.00    0.00   74.26
04:06:14 PM   48   11.00    0.00   13.00    0.00    0.00    0.00    0.00    0.00    0.00   76.00
04:06:14 PM   49    4.08    0.00   16.33    0.00    0.00    0.00    0.00    0.00    0.00   79.59
04:06:14 PM   50   11.00    0.00   13.00    0.00    0.00    0.00    0.00    0.00    0.00   76.00
04:06:14 PM   51    6.00    0.00   19.00    0.00    0.00    0.00    0.00    0.00    0.00   75.00
04:06:14 PM   52    5.05    0.00   15.15    2.02    0.00    0.00    0.00    0.00    0.00   77.78
04:06:14 PM   53    6.00    0.00   19.00    0.00    0.00    0.00    0.00    0.00    0.00   75.00
04:06:14 PM   54    2.02    0.00   20.20    1.01    0.00    0.00    0.00    0.00    0.00   76.77
04:06:14 PM   55    5.05    0.00   18.18    0.00    0.00    0.00    0.00    0.00    0.00   76.77
04:06:14 PM   56    4.95    0.00   20.79    0.00    0.00    0.00    0.00    0.00    0.00   74.26
04:06:14 PM   57    7.14    0.00   13.27    1.02    0.00    0.00    0.00    0.00    0.00   78.57
04:06:14 PM   58    4.00    0.00   20.00    0.00    0.00    0.00    0.00    0.00    0.00   76.00
04:06:14 PM   59    5.10    0.00   16.33    0.00    0.00    0.00    0.00    0.00    0.00   78.57
04:06:14 PM   60    1.00    0.00   24.00    0.00    0.00    0.00    0.00    0.00    0.00   75.00
04:06:14 PM   61    3.06    0.00   19.39    0.00    0.00    0.00    0.00    0.00    0.00   77.55
04:06:14 PM   62    7.92    0.00   16.83    0.00    0.00    0.00    0.00    0.00    0.00   75.25
04:06:14 PM   63    3.00    0.00   21.00    0.00    0.00    0.00    0.00    0.00    0.00   76.00
04:06:14 PM   64    4.95    0.00   20.79    0.00    0.00    0.00    0.00    0.00    0.00   74.26
04:06:14 PM   65    3.03    0.00   22.22    0.00    0.00    0.00    0.00    0.00    0.00   74.75
04:06:14 PM   66    3.96    0.00   21.78    0.00    0.00    0.00    0.00    0.00    0.00   74.26
04:06:14 PM   67    9.00    0.00   16.00    0.00    0.00    0.00    0.00    0.00    0.00   75.00
04:06:14 PM   68    7.00    0.00   19.00    0.00    0.00    0.00    0.00    0.00    0.00   74.00
04:06:14 PM   69    5.00    0.00   21.00    0.00    0.00    0.00    0.00    0.00    0.00   74.00
04:06:14 PM   70    4.04    0.00   21.21    0.00    0.00    0.00    0.00    0.00    0.00   74.75
04:06:14 PM   71    2.94    0.00   23.53    0.00    0.00    0.00    0.00    0.00    0.00   73.53
04:06:14 PM   72    6.00    0.00   19.00    0.00    0.00    0.00    0.00    0.00    0.00   75.00
04:06:14 PM   73    4.00    0.00   21.00    0.00    0.00    0.00    0.00    0.00    0.00   75.00
04:06:14 PM   74    5.10    0.00   17.35    0.00    0.00    0.00    0.00    0.00    0.00   77.55
04:06:14 PM   75    5.05    0.00   18.18    0.00    0.00    0.00    0.00    0.00    0.00   76.77
04:06:14 PM   76    3.00    0.00   22.00    0.00    0.00    0.00    0.00    0.00    0.00   75.00
04:06:14 PM   77    4.00    0.00   20.00    0.00    0.00    0.00    0.00    0.00    0.00   76.00
04:06:14 PM   78    2.97    0.00   21.78    0.00    0.00    0.00    0.00    0.00    0.00   75.25
04:06:14 PM   79    5.94    0.00   18.81    0.00    0.00    0.00    0.00    0.00    0.00   75.25
04:06:14 PM   80    7.00    0.00   18.00    0.00    0.00    0.00    0.00    0.00    0.00   75.00
04:06:14 PM   81    4.00    0.00   21.00    0.00    0.00    0.00    0.00    0.00    0.00   75.00
04:06:14 PM   82    4.04    0.00   20.20    0.00    0.00    0.00    0.00    0.00    0.00   75.76
04:06:14 PM   83   10.00    0.00   15.00    0.00    0.00    0.00    0.00    0.00    0.00   75.00
04:06:14 PM   84    6.86    0.00   18.63    0.00    0.00    0.00    0.00    0.00    0.00   74.51
04:06:14 PM   85    5.94    0.00   19.80    0.00    0.00    0.00    0.00    0.00    0.00   74.26
04:06:14 PM   86    4.90    0.00   20.59    0.00    0.00    0.00    0.00    0.00    0.00   74.51
04:06:14 PM   87    3.92    0.00   21.57    0.00    0.00    0.00    0.00    0.00    0.00   74.51
04:06:14 PM   88    6.93    0.00   18.81    0.00    0.00    0.00    0.00    0.00    0.00   74.26
04:06:14 PM   89    5.94    0.00   19.80    0.00    0.00    0.00    0.00    0.00    0.00   74.26
04:06:14 PM   90    4.00    0.00   22.00    0.00    0.00    0.00    0.00    0.00    0.00   74.00
04:06:14 PM   91    2.97    0.00   22.77    0.00    0.00    0.00    0.00    0.00    0.00   74.26
04:06:14 PM   92    3.96    0.00   21.78    0.00    0.00    0.00    0.00    0.00    0.00   74.26
04:06:14 PM   93    4.04    0.00   21.21    0.00    0.00    0.00    0.00    0.00    0.00   74.75
04:06:14 PM   94    5.00    0.00   20.00    0.00    0.00    0.00    0.00    0.00    0.00   75.00
04:06:14 PM   95    5.94    0.00   19.80    0.00    0.00    0.00    0.00    0.00    0.00   74.26
04:06:14 PM   96    3.03    0.00   21.21    0.00    0.00    0.00    0.00    0.00    0.00   75.76
04:06:14 PM   97    7.84    0.00   18.63    0.00    0.00    0.00    0.00    0.00    0.00   73.53
04:06:14 PM   98    5.94    0.00   19.80    0.00    0.00    0.00    0.00    0.00    0.00   74.26
04:06:14 PM   99    5.00    0.00   20.00    0.00    0.00    0.00    0.00    0.00    0.00   75.00
04:06:14 PM  100    5.94    0.00   19.80    0.00    0.00    0.00    0.00    0.00    0.00   74.26
04:06:14 PM  101    4.00    0.00   20.00    1.00    0.00    0.00    0.00    0.00    0.00   75.00
04:06:14 PM  102    5.94    0.00   19.80    0.00    0.00    0.00    0.00    0.00    0.00   74.26
04:06:14 PM  103    5.00    0.00   20.00    0.00    0.00    0.00    0.00    0.00    0.00   75.00
04:06:14 PM  104    5.94    0.00   19.80    0.00    0.00    0.00    0.00    0.00    0.00   74.26
04:06:14 PM  105    6.06    0.00   18.18    0.00    0.00    0.00    0.00    0.00    0.00   75.76
04:06:14 PM  106    8.00    0.00   17.00    0.00    0.00    0.00    0.00    0.00    0.00   75.00
04:06:14 PM  107    3.96    0.00   20.79    0.00    0.00    0.00    0.00    0.00    0.00   75.25
04:06:14 PM  108   12.87    0.00   11.88    0.00    0.00    0.00    0.00    0.00    0.00   75.25
04:06:14 PM  109    5.00    0.00   20.00    0.00    0.00    0.00    0.00    0.00    0.00   75.00
04:06:14 PM  110    2.97    0.00   21.78    0.00    0.00    0.00    0.00    0.00    0.00   75.25
04:06:14 PM  111    2.97    0.00   21.78    0.00    0.00    0.00    0.00    0.00    0.00   75.25
04:06:14 PM  112    2.00    0.00   23.00    0.00    0.00    0.00    0.00    0.00    0.00   75.00
04:06:14 PM  113    6.93    0.00   17.82    0.00    0.00    0.00    0.00    0.00    0.00   75.25
04:06:14 PM  114    1.98    0.00   23.76    0.00    0.00    0.00    0.00    0.00    0.00   74.26
04:06:14 PM  115    4.95    0.00   19.80    0.00    0.00    0.00    0.00    0.00    0.00   75.25
04:06:14 PM  116    9.18    0.00   14.29    0.00    0.00    0.00    0.00    0.00    0.00   76.53
04:06:14 PM  117   12.12    0.00   12.12    0.00    0.00    0.00    0.00    0.00    0.00   75.76
04:06:14 PM  118    4.95    0.00   20.79    0.00    0.00    0.00    0.00    0.00    0.00   74.26
04:06:14 PM  119    8.00    0.00   16.00    0.00    0.00    0.00    0.00    0.00    0.00   76.00
04:06:14 PM  120    4.95    0.00   20.79    0.00    0.00    0.00    0.00    0.00    0.00   74.26
04:06:14 PM  121    4.00    0.00   20.00    0.00    0.00    0.00    0.00    0.00    0.00   76.00
04:06:14 PM  122    5.94    0.00   19.80    0.00    0.00    0.00    0.00    0.00    0.00   74.26
04:06:14 PM  123   12.00    0.00   13.00    0.00    0.00    0.00    0.00    0.00    0.00   75.00
04:06:14 PM  124    6.00    0.00   19.00    0.00    0.00    0.00    0.00    0.00    0.00   75.00
04:06:14 PM  125   13.86    0.00   11.88    0.00    0.00    0.00    0.00    0.00    0.00   74.26
04:06:14 PM  126    1.96    0.00   23.53    0.00    0.00    0.00    0.00    0.00    0.00   74.51
04:06:14 PM  127    3.00    0.00   22.00    0.00    0.00    0.00    0.00    0.00    0.00   75.00
04:06:14 PM  128    2.08    0.00   15.62    0.00    0.00    0.00    0.00    0.00    0.00   82.29
04:06:14 PM  129    3.06    0.00   15.31    0.00    0.00    0.00    0.00    0.00    0.00   81.63
04:06:14 PM  130    2.04    0.00   14.29    1.02    0.00    0.00    0.00    0.00    0.00   82.65
04:06:14 PM  131    1.03    0.00   14.43    0.00    0.00    0.00    0.00    0.00    0.00   84.54
04:06:14 PM  132    2.02    0.00   19.19    0.00    0.00    0.00    0.00    0.00    0.00   78.79
04:06:14 PM  133    3.12    0.00   16.67    0.00    0.00    0.00    0.00    0.00    0.00   80.21
04:06:14 PM  134    1.04    0.00   12.50    0.00    0.00    0.00    0.00    0.00    0.00   86.46
04:06:14 PM  135    7.22    0.00   13.40    0.00    0.00    0.00    0.00    0.00    0.00   79.38
04:06:14 PM  136    7.00    0.00   17.00    0.00    0.00    0.00    0.00    0.00    0.00   76.00
04:06:14 PM  137    5.05    0.00   13.13    1.01    0.00    0.00    0.00    0.00    0.00   80.81
04:06:14 PM  138    0.00    0.00   15.46    0.00    0.00    0.00    0.00    0.00    0.00   84.54
04:06:14 PM  139    4.08    0.00   15.31    0.00    0.00    0.00    0.00    0.00    0.00   80.61
04:06:14 PM  140    5.10    0.00   15.31    1.02    0.00    0.00    0.00    0.00    0.00   78.57
04:06:14 PM  141    0.00    0.00   15.62    0.00    0.00    0.00    0.00    0.00    0.00   84.38
04:06:14 PM  142    1.02    0.00   14.29    1.02    0.00    0.00    0.00    0.00    0.00   83.67
04:06:14 PM  143    6.06    0.00   14.14    1.01    0.00    0.00    0.00    0.00    0.00   78.79
04:06:14 PM  144    4.17    0.00   13.54    0.00    0.00    0.00    0.00    0.00    0.00   82.29
04:06:14 PM  145   10.00    0.00   15.00    0.00    0.00    0.00    0.00    0.00    0.00   75.00
04:06:14 PM  146    5.15    0.00   13.40    0.00    0.00    0.00    0.00    0.00    0.00   81.44
04:06:14 PM  147    7.14    0.00   12.24    0.00    0.00    0.00    0.00    0.00    0.00   80.61
04:06:14 PM  148    6.06    0.00   15.15    0.00    0.00    0.00    0.00    0.00    0.00   78.79
04:06:14 PM  149    6.12    0.00   13.27    0.00    0.00    0.00    0.00    0.00    0.00   80.61
04:06:14 PM  150    8.08    0.00   14.14    0.00    0.00    0.00    0.00    0.00    0.00   77.78
04:06:14 PM  151    7.22    0.00   11.34    0.00    0.00    0.00    0.00    0.00    0.00   81.44
04:06:14 PM  152    6.12    0.00   13.27    0.00    0.00    0.00    0.00    0.00    0.00   80.61
04:06:14 PM  153    4.04    0.00   11.11    1.01    0.00    0.00    0.00    0.00    0.00   83.84
04:06:14 PM  154    3.12    0.00   13.54    0.00    0.00    0.00    0.00    0.00    0.00   83.33
04:06:14 PM  155    6.93    0.00   16.83    0.00    0.00    0.00    0.00    0.00    0.00   76.24
04:06:14 PM  156    4.04    0.00   15.15    0.00    0.00    0.00    0.00    0.00    0.00   80.81
04:06:14 PM  157    9.18    0.00   13.27    0.00    0.00    0.00    0.00    0.00    0.00   77.55
04:06:14 PM  158    5.10    0.00   13.27    0.00    0.00    0.00    0.00    0.00    0.00   81.63
04:06:14 PM  159    7.92    0.00   16.83    0.00    0.00    0.00    0.00    0.00    0.00   75.25
04:06:14 PM  160    6.06    0.00   18.18    0.00    0.00    0.00    0.00    0.00    0.00   75.76
04:06:14 PM  161    2.04    0.00   18.37    1.02    0.00    0.00    0.00    0.00    0.00   78.57
04:06:14 PM  162    5.15    0.00   15.46    0.00    0.00    0.00    0.00    0.00    0.00   79.38
04:06:14 PM  163    5.15    0.00   13.40    1.03    0.00    0.00    0.00    0.00    0.00   80.41
04:06:14 PM  164    5.15    0.00   13.40    1.03    0.00    0.00    0.00    0.00    0.00   80.41
04:06:14 PM  165    5.05    0.00   14.14    1.01    0.00    0.00    0.00    0.00    0.00   79.80
04:06:14 PM  166    6.25    0.00   11.46    1.04    0.00    0.00    0.00    0.00    0.00   81.25
04:06:14 PM  167    4.17    0.00   14.58    0.00    0.00    0.00    0.00    0.00    0.00   81.25
04:06:14 PM  168    2.00    0.00   22.00    0.00    0.00    0.00    0.00    0.00    0.00   76.00
04:06:14 PM  169    5.94    0.00   19.80    0.00    0.00    0.00    0.00    0.00    0.00   74.26
04:06:14 PM  170    4.08    0.00   18.37    1.02    0.00    0.00    0.00    0.00    0.00   76.53
04:06:14 PM  171    7.00    0.00   17.00    0.00    0.00    0.00    0.00    0.00    0.00   76.00
04:06:14 PM  172    4.00    0.00   21.00    0.00    0.00    0.00    0.00    0.00    0.00   75.00
04:06:14 PM  173    2.00    0.00   23.00    0.00    0.00    0.00    0.00    0.00    0.00   75.00
04:06:14 PM  174    4.00    0.00   21.00    0.00    0.00    0.00    0.00    0.00    0.00   75.00
04:06:14 PM  175    5.00    0.00   20.00    0.00    0.00    0.00    0.00    0.00    0.00   75.00
04:06:14 PM  176    4.95    0.00   20.79    0.00    0.00    0.00    0.00    0.00    0.00   74.26
04:06:14 PM  177    3.00    0.00   17.00    1.00    0.00    0.00    0.00    0.00    0.00   79.00
04:06:14 PM  178    8.00    0.00   16.00    0.00    0.00    0.00    0.00    0.00    0.00   76.00
04:06:14 PM  179    3.96    0.00   20.79    0.00    0.00    0.00    0.00    0.00    0.00   75.25
04:06:14 PM  180    7.07    0.00   15.15    1.01    0.00    0.00    0.00    0.00    0.00   76.77
04:06:14 PM  181    5.00    0.00   19.00    0.00    0.00    0.00    0.00    0.00    0.00   76.00
04:06:14 PM  182    4.00    0.00   20.00    0.00    0.00    0.00    0.00    0.00    0.00   76.00
04:06:14 PM  183    7.14    0.00   13.27    0.00    0.00    0.00    0.00    0.00    0.00   79.59
04:06:14 PM  184    4.00    0.00   21.00    0.00    0.00    0.00    0.00    0.00    0.00   75.00
04:06:14 PM  185    5.10    0.00   16.33    1.02    0.00    0.00    0.00    0.00    0.00   77.55
04:06:14 PM  186    5.94    0.00   19.80    0.00    0.00    0.00    0.00    0.00    0.00   74.26
04:06:14 PM  187    5.32    0.00   10.64    2.13    0.00    0.00    0.00    0.00    0.00   81.91
04:06:14 PM  188    2.06    0.00   20.62    0.00    0.00    0.00    0.00    0.00    0.00   77.32
04:06:14 PM  189    7.07    0.00   16.16    1.01    0.00    0.00    0.00    0.00    0.00   75.76
04:06:14 PM  190    4.95    0.00   19.80    0.00    0.00    0.00    0.00    0.00    0.00   75.25
04:06:14 PM  191    4.04    0.00   19.19    0.00    0.00    0.00    0.00    0.00    0.00   76.77
04:06:14 PM  192    4.00    0.00   22.00    0.00    0.00    0.00    0.00    0.00    0.00   74.00
04:06:14 PM  193    3.03    0.00   22.22    0.00    0.00    0.00    0.00    0.00    0.00   74.75
04:06:14 PM  194    6.93    0.00   18.81    0.00    0.00    0.00    0.00    0.00    0.00   74.26
04:06:14 PM  195    9.00    0.00   17.00    0.00    0.00    0.00    0.00    0.00    0.00   74.00
04:06:14 PM  196    5.00    0.00   21.00    0.00    0.00    0.00    0.00    0.00    0.00   74.00
04:06:14 PM  197    3.96    0.00   21.78    0.00    0.00    0.00    0.00    0.00    0.00   74.26
04:06:14 PM  198    5.00    0.00   21.00    0.00    0.00    0.00    0.00    0.00    0.00   74.00
04:06:14 PM  199    1.98    0.00   23.76    0.00    0.00    0.00    0.00    0.00    0.00   74.26
04:06:14 PM  200    5.00    0.00   20.00    0.00    0.00    0.00    0.00    0.00    0.00   75.00
04:06:14 PM  201    6.00    0.00   19.00    0.00    0.00    0.00    0.00    0.00    0.00   75.00
04:06:14 PM  202    4.00    0.00   21.00    0.00    0.00    0.00    0.00    0.00    0.00   75.00
04:06:14 PM  203    8.91    0.00   13.86    0.99    0.00    0.00    0.00    0.00    0.00   76.24
04:06:14 PM  204    2.97    0.00   22.77    0.00    0.00    0.00    0.00    0.00    0.00   74.26
04:06:14 PM  205    5.94    0.00   18.81    0.00    0.00    0.00    0.00    0.00    0.00   75.25
04:06:14 PM  206    4.95    0.00   20.79    0.00    0.00    0.00    0.00    0.00    0.00   74.26
04:06:14 PM  207    2.97    0.00   22.77    0.00    0.00    0.00    0.00    0.00    0.00   74.26
04:06:14 PM  208    7.07    0.00   17.17    0.00    0.00    0.00    0.00    0.00    0.00   75.76
04:06:14 PM  209    4.04    0.00   20.20    0.00    0.00    0.00    0.00    0.00    0.00   75.76
04:06:14 PM  210    4.00    0.00   21.00    0.00    0.00    0.00    0.00    0.00    0.00   75.00
04:06:14 PM  211    8.91    0.00   15.84    0.00    0.00    0.00    0.00    0.00    0.00   75.25
04:06:14 PM  212    7.00    0.00   18.00    0.00    0.00    0.00    0.00    0.00    0.00   75.00
04:06:14 PM  213    4.04    0.00   21.21    0.00    0.00    0.00    0.00    0.00    0.00   74.75
04:06:14 PM  214    4.00    0.00   20.00    0.00    0.00    0.00    0.00    0.00    0.00   76.00
04:06:14 PM  215    6.00    0.00   18.00    0.00    0.00    0.00    0.00    0.00    0.00   76.00
04:06:14 PM  216    3.96    0.00   21.78    0.00    0.00    0.00    0.00    0.00    0.00   74.26
04:06:14 PM  217    5.94    0.00   19.80    0.00    0.00    0.00    0.00    0.00    0.00   74.26
04:06:14 PM  218    4.95    0.00   20.79    0.00    0.00    0.00    0.00    0.00    0.00   74.26
04:06:14 PM  219    1.98    0.00   23.76    0.00    0.00    0.00    0.00    0.00    0.00   74.26
04:06:14 PM  220    6.93    0.00   18.81    0.00    0.00    0.00    0.00    0.00    0.00   74.26
04:06:14 PM  221    3.96    0.00   21.78    0.00    0.00    0.00    0.00    0.00    0.00   74.26
04:06:14 PM  222    4.00    0.00   22.00    0.00    0.00    0.00    0.00    0.00    0.00   74.00
04:06:14 PM  223    7.00    0.00   18.00    0.00    0.00    0.00    0.00    0.00    0.00   75.00
04:06:14 PM  224    4.04    0.00   20.20    0.00    0.00    0.00    0.00    0.00    0.00   75.76
04:06:14 PM  225    2.00    0.00   23.00    0.00    0.00    0.00    0.00    0.00    0.00   75.00
04:06:14 PM  226    9.00    0.00   16.00    0.00    0.00    0.00    0.00    0.00    0.00   75.00
04:06:14 PM  227    9.00    0.00   16.00    0.00    0.00    0.00    0.00    0.00    0.00   75.00
04:06:14 PM  228    4.95    0.00   20.79    0.00    0.00    0.00    0.00    0.00    0.00   74.26
04:06:14 PM  229   10.00    0.00   15.00    0.00    0.00    0.00    0.00    0.00    0.00   75.00
04:06:14 PM  230    4.00    0.00   21.00    0.00    0.00    0.00    0.00    0.00    0.00   75.00
04:06:14 PM  231    4.00    0.00   21.00    0.00    0.00    0.00    0.00    0.00    0.00   75.00
04:06:14 PM  232    8.00    0.00   16.00    0.00    0.00    0.00    0.00    0.00    0.00   76.00
04:06:14 PM  233    6.00    0.00   19.00    0.00    0.00    0.00    0.00    0.00    0.00   75.00
04:06:14 PM  234    9.00    0.00   16.00    0.00    0.00    0.00    0.00    0.00    0.00   75.00
04:06:14 PM  235    7.14    0.00   14.29    2.04    0.00    0.00    0.00    0.00    0.00   76.53
04:06:14 PM  236    3.96    0.00   20.79    0.00    0.00    0.00    0.00    0.00    0.00   75.25
04:06:14 PM  237    3.96    0.00   21.78    0.00    0.00    0.00    0.00    0.00    0.00   74.26
04:06:14 PM  238    2.97    0.00   21.78    0.00    0.00    0.00    0.00    0.00    0.00   75.25
04:06:14 PM  239    6.00    0.00   19.00    0.00    0.00    0.00    0.00    0.00    0.00   75.00
04:06:14 PM  240    3.00    0.00   22.00    0.00    0.00    0.00    0.00    0.00    0.00   75.00
04:06:14 PM  241    5.00    0.00   20.00    0.00    0.00    0.00    0.00    0.00    0.00   75.00
04:06:14 PM  242    4.95    0.00   20.79    0.00    0.00    0.00    0.00    0.00    0.00   74.26
04:06:14 PM  243    9.90    0.00   15.84    0.00    0.00    0.00    0.00    0.00    0.00   74.26
04:06:14 PM  244    4.90    0.00   20.59    0.00    0.00    0.00    0.00    0.00    0.00   74.51
04:06:14 PM  245    4.95    0.00   20.79    0.00    0.00    0.00    0.00    0.00    0.00   74.26
04:06:14 PM  246    2.00    0.00   23.00    0.00    0.00    0.00    0.00    0.00    0.00   75.00
04:06:14 PM  247    3.96    0.00   21.78    0.00    0.00    0.00    0.00    0.00    0.00   74.26
04:06:14 PM  248    2.97    0.00   21.78    0.00    0.00    0.00    0.00    0.00    0.00   75.25
04:06:14 PM  249    3.96    0.00   21.78    0.00    0.00    0.00    0.00    0.00    0.00   74.26
04:06:14 PM  250   14.00    0.00   10.00    0.00    0.00    0.00    0.00    0.00    0.00   76.00
04:06:14 PM  251   12.12    0.00   12.12    0.00    0.00    0.00    0.00    0.00    0.00   75.76
04:06:14 PM  252    7.00    0.00   18.00    0.00    0.00    0.00    0.00    0.00    0.00   75.00
04:06:14 PM  253   13.86    0.00   10.89    0.00    0.00    0.00    0.00    0.00    0.00   75.25
04:06:14 PM  254    6.00    0.00   19.00    0.00    0.00    0.00    0.00    0.00    0.00   75.00
04:06:14 PM  255    0.99    0.00   23.76    0.00    0.00    0.00    0.00    0.00    0.00   75.25

04:06:14 PM  CPU    %usr   %nice    %sys %iowait    %irq   %soft  %steal  %guest  %gnice   %idle
04:06:15 PM  all    9.45    0.00   38.68    0.69    0.00    0.00    0.00    0.00    0.00   51.19
04:06:15 PM    0    6.45    0.00   24.73    1.08    0.00    0.00    0.00    0.00    0.00   67.74
04:06:15 PM    1    1.12    0.00   23.60    2.25    0.00    0.00    0.00    0.00    0.00   73.03
04:06:15 PM    2    7.61    0.00   20.65    1.09    0.00    0.00    0.00    0.00    0.00   70.65
04:06:15 PM    3    5.43    0.00   23.91    2.17    0.00    0.00    0.00    0.00    0.00   68.48
04:06:15 PM    4    5.49    0.00   24.18    1.10    0.00    0.00    0.00    0.00    0.00   69.23
04:06:15 PM    5   10.87    0.00   22.83    2.17    0.00    0.00    0.00    0.00    0.00   64.13
04:06:15 PM    6    7.53    0.00   23.66    1.08    0.00    0.00    0.00    0.00    0.00   67.74
04:06:15 PM    7    5.49    0.00   23.08    1.10    0.00    0.00    0.00    0.00    0.00   70.33
04:06:15 PM    8   10.99    0.00   23.08    1.10    0.00    0.00    0.00    0.00    0.00   64.84
04:06:15 PM    9    4.30    0.00   21.51    2.15    0.00    0.00    0.00    0.00    0.00   72.04
04:06:15 PM   10    9.47    0.00   24.21    2.11    0.00    0.00    0.00    0.00    0.00   64.21
04:06:15 PM   11    3.33    0.00   22.22    1.11    0.00    0.00    0.00    0.00    0.00   73.33
04:06:15 PM   12    8.60    0.00   22.58    2.15    0.00    0.00    0.00    0.00    0.00   66.67
04:06:15 PM   13    4.40    0.00   17.58    1.10    0.00    0.00    0.00    0.00    0.00   76.92
04:06:15 PM   14   11.83    0.00   24.73    0.00    0.00    0.00    0.00    0.00    0.00   63.44
04:06:15 PM   15    5.43    0.00   20.65    0.00    0.00    0.00    0.00    0.00    0.00   73.91
04:06:15 PM   16    6.52    0.00   22.83    1.09    0.00    0.00    0.00    0.00    0.00   69.57
04:06:15 PM   17    7.53    0.00   23.66    2.15    0.00    0.00    0.00    0.00    0.00   66.67
04:06:15 PM   18    2.22    0.00   23.33    3.33    0.00    0.00    0.00    0.00    0.00   71.11
04:06:15 PM   19    5.62    0.00   25.84    2.25    0.00    0.00    0.00    0.00    0.00   66.29
04:06:15 PM   20    6.45    0.00   25.81    1.08    0.00    0.00    0.00    0.00    0.00   66.67
04:06:15 PM   21    9.57    0.00   22.34    1.06    0.00    0.00    0.00    0.00    0.00   67.02
04:06:15 PM   22   12.90    0.00   25.81    1.08    0.00    0.00    0.00    0.00    0.00   60.22
04:06:15 PM   23    5.56    0.00   24.44    2.22    0.00    0.00    0.00    0.00    0.00   67.78
04:06:15 PM   24    3.30    0.00   21.98    1.10    0.00    0.00    0.00    0.00    0.00   73.63
04:06:15 PM   25    6.52    0.00   20.65    2.17    0.00    0.00    0.00    0.00    0.00   70.65
04:06:15 PM   26    9.57    0.00   23.40    2.13    0.00    0.00    0.00    0.00    0.00   64.89
04:06:15 PM   27    7.53    0.00   24.73    1.08    0.00    0.00    0.00    0.00    0.00   66.67
04:06:15 PM   28    5.32    0.00   24.47    3.19    0.00    0.00    0.00    0.00    0.00   67.02
04:06:15 PM   29   11.70    0.00   26.60    1.06    0.00    0.00    0.00    0.00    0.00   60.64
04:06:15 PM   30    1.10    0.00   21.98    1.10    0.00    0.00    0.00    0.00    0.00   75.82
04:06:15 PM   31    3.33    0.00   21.11    3.33    0.00    0.00    0.00    0.00    0.00   72.22
04:06:15 PM   32    5.43    0.00   21.74    1.09    0.00    0.00    0.00    0.00    0.00   71.74
04:06:15 PM   33    8.60    0.00   24.73    1.08    0.00    0.00    0.00    0.00    0.00   65.59
04:06:15 PM   34    5.43    0.00   20.65    0.00    0.00    0.00    0.00    0.00    0.00   73.91
04:06:15 PM   35    7.37    0.00   25.26    0.00    0.00    0.00    0.00    0.00    0.00   67.37
04:06:15 PM   36    8.33    0.00   23.96    0.00    0.00    0.00    0.00    0.00    0.00   67.71
04:06:15 PM   37   11.96    0.00   25.00    1.09    0.00    0.00    0.00    0.00    0.00   61.96
04:06:15 PM   38   11.58    0.00   27.37    1.05    0.00    0.00    0.00    0.00    0.00   60.00
04:06:15 PM   39    7.53    0.00   19.35    1.08    0.00    0.00    0.00    0.00    0.00   72.04
04:06:15 PM   40   14.58    0.00   33.33    1.04    0.00    0.00    0.00    0.00    0.00   51.04
04:06:15 PM   41    8.60    0.00   26.88    1.08    0.00    0.00    0.00    0.00    0.00   63.44
04:06:15 PM   42    9.57    0.00   32.98    0.00    0.00    0.00    0.00    0.00    0.00   57.45
04:06:15 PM   43    9.78    0.00   28.26    0.00    0.00    0.00    0.00    0.00    0.00   61.96
04:06:15 PM   44    9.57    0.00   29.79    1.06    0.00    0.00    0.00    0.00    0.00   59.57
04:06:15 PM   45    5.38    0.00   29.03    1.08    0.00    0.00    0.00    0.00    0.00   64.52
04:06:15 PM   46    6.45    0.00   27.96    1.08    0.00    0.00    0.00    0.00    0.00   64.52
04:06:15 PM   47   10.53    0.00   31.58    1.05    0.00    0.00    0.00    0.00    0.00   56.84
04:06:15 PM   48    2.13    0.00   30.85    1.06    0.00    0.00    0.00    0.00    0.00   65.96
04:06:15 PM   49    8.89    0.00   24.44    2.22    0.00    0.00    0.00    0.00    0.00   64.44
04:06:15 PM   50    9.57    0.00   27.66    0.00    0.00    0.00    0.00    0.00    0.00   62.77
04:06:15 PM   51   11.58    0.00   30.53    0.00    0.00    0.00    0.00    0.00    0.00   57.89
04:06:15 PM   52    7.53    0.00   29.03    1.08    0.00    0.00    0.00    0.00    0.00   62.37
04:06:15 PM   53    7.45    0.00   29.79    0.00    0.00    0.00    0.00    0.00    0.00   62.77
04:06:15 PM   54    5.49    0.00   26.37    0.00    0.00    0.00    0.00    0.00    0.00   68.13
04:06:15 PM   55    6.45    0.00   25.81    0.00    0.00    0.00    0.00    0.00    0.00   67.74
04:06:15 PM   56    8.70    0.00   29.35    1.09    0.00    0.00    0.00    0.00    0.00   60.87
04:06:15 PM   57   15.05    0.00   21.51    1.08    0.00    0.00    0.00    0.00    0.00   62.37
04:06:15 PM   58   14.13    0.00   30.43    0.00    0.00    0.00    0.00    0.00    0.00   55.43
04:06:15 PM   59    5.38    0.00   24.73    1.08    0.00    0.00    0.00    0.00    0.00   68.82
04:06:15 PM   60   12.77    0.00   32.98    1.06    0.00    0.00    0.00    0.00    0.00   53.19
04:06:15 PM   61    9.68    0.00   24.73    1.08    0.00    0.00    0.00    0.00    0.00   64.52
04:06:15 PM   62    8.70    0.00   29.35    2.17    0.00    0.00    0.00    0.00    0.00   59.78
04:06:15 PM   63   13.98    0.00   29.03    1.08    0.00    0.00    0.00    0.00    0.00   55.91
04:06:15 PM   64    7.07    0.00   55.56    0.00    0.00    0.00    0.00    0.00    0.00   37.37
04:06:15 PM   65   16.16    0.00   47.47    0.00    0.00    0.00    0.00    0.00    0.00   36.36
04:06:15 PM   66   10.20    0.00   55.10    0.00    0.00    0.00    0.00    0.00    0.00   34.69
04:06:15 PM   67    6.25    0.00   56.25    0.00    0.00    0.00    0.00    0.00    0.00   37.50
04:06:15 PM   68    9.18    0.00   57.14    0.00    0.00    0.00    0.00    0.00    0.00   33.67
04:06:15 PM   69   14.29    0.00   47.96    0.00    0.00    0.00    0.00    0.00    0.00   37.76
04:06:15 PM   70    9.28    0.00   51.55    0.00    0.00    0.00    0.00    0.00    0.00   39.18
04:06:15 PM   71    8.33    0.00   53.12    0.00    0.00    0.00    0.00    0.00    0.00   38.54
04:06:15 PM   72    9.18    0.00   54.08    0.00    0.00    0.00    0.00    0.00    0.00   36.73
04:06:15 PM   73   10.20    0.00   54.08    0.00    0.00    0.00    0.00    0.00    0.00   35.71
04:06:15 PM   74   11.83    0.00   43.01    2.15    0.00    0.00    0.00    0.00    0.00   43.01
04:06:15 PM   75    8.16    0.00   54.08    0.00    0.00    0.00    0.00    0.00    0.00   37.76
04:06:15 PM   76   10.31    0.00   53.61    0.00    0.00    0.00    0.00    0.00    0.00   36.08
04:06:15 PM   77    8.25    0.00   51.55    0.00    0.00    0.00    0.00    0.00    0.00   40.21
04:06:15 PM   78    5.10    0.00   58.16    0.00    0.00    0.00    0.00    0.00    0.00   36.73
04:06:15 PM   79    6.12    0.00   57.14    0.00    0.00    0.00    0.00    0.00    0.00   36.73
04:06:15 PM   80   12.24    0.00   52.04    0.00    0.00    0.00    0.00    0.00    0.00   35.71
04:06:15 PM   81    8.25    0.00   56.70    0.00    0.00    0.00    0.00    0.00    0.00   35.05
04:06:15 PM   82    9.09    0.00   54.55    0.00    0.00    0.00    0.00    0.00    0.00   36.36
04:06:15 PM   83   19.39    0.00   44.90    0.00    0.00    0.00    0.00    0.00    0.00   35.71
04:06:15 PM   84   17.53    0.00   45.36    1.03    0.00    0.00    0.00    0.00    0.00   36.08
04:06:15 PM   85    7.14    0.00   56.12    0.00    0.00    0.00    0.00    0.00    0.00   36.73
04:06:15 PM   86    7.14    0.00   55.10    0.00    0.00    0.00    0.00    0.00    0.00   37.76
04:06:15 PM   87    7.14    0.00   56.12    0.00    0.00    0.00    0.00    0.00    0.00   36.73
04:06:15 PM   88   12.24    0.00   53.06    0.00    0.00    0.00    0.00    0.00    0.00   34.69
04:06:15 PM   89   11.22    0.00   53.06    0.00    0.00    0.00    0.00    0.00    0.00   35.71
04:06:15 PM   90   12.00    0.00   54.00    0.00    0.00    0.00    0.00    0.00    0.00   34.00
04:06:15 PM   91    7.22    0.00   54.64    0.00    0.00    0.00    0.00    0.00    0.00   38.14
04:06:15 PM   92   17.53    0.00   46.39    0.00    0.00    0.00    0.00    0.00    0.00   36.08
04:06:15 PM   93   14.85    0.00   50.50    0.00    0.00    0.00    0.00    0.00    0.00   34.65
04:06:15 PM   94   25.00    0.00   44.00    0.00    0.00    0.00    0.00    0.00    0.00   31.00
04:06:15 PM   95   23.23    0.00   46.46    0.00    0.00    0.00    0.00    0.00    0.00   30.30
04:06:15 PM   96    3.06    0.00   59.18    0.00    0.00    0.00    0.00    0.00    0.00   37.76
04:06:15 PM   97    7.14    0.00   56.12    0.00    0.00    0.00    0.00    0.00    0.00   36.73
04:06:15 PM   98    6.06    0.00   57.58    0.00    0.00    0.00    0.00    0.00    0.00   36.36
04:06:15 PM   99    7.22    0.00   55.67    0.00    0.00    0.00    0.00    0.00    0.00   37.11
04:06:15 PM  100    9.09    0.00   53.54    0.00    0.00    0.00    0.00    0.00    0.00   37.37
04:06:15 PM  101    4.21    0.00   56.84    0.00    0.00    0.00    0.00    0.00    0.00   38.95
04:06:15 PM  102   13.00    0.00   52.00    1.00    0.00    0.00    0.00    0.00    0.00   34.00
04:06:15 PM  103   18.37    0.00   43.88    0.00    0.00    0.00    0.00    0.00    0.00   37.76
04:06:15 PM  104   12.63    0.00   48.42    0.00    0.00    0.00    0.00    0.00    0.00   38.95
04:06:15 PM  105   11.34    0.00   50.52    1.03    0.00    0.00    0.00    0.00    0.00   37.11
04:06:15 PM  106    7.22    0.00   51.55    0.00    0.00    0.00    0.00    0.00    0.00   41.24
04:06:15 PM  107   18.95    0.00   41.05    0.00    0.00    0.00    0.00    0.00    0.00   40.00
04:06:15 PM  108   14.58    0.00   43.75    0.00    0.00    0.00    0.00    0.00    0.00   41.67
04:06:15 PM  109    8.33    0.00   51.04    0.00    0.00    0.00    0.00    0.00    0.00   40.62
04:06:15 PM  110    6.25    0.00   53.12    0.00    0.00    0.00    0.00    0.00    0.00   40.62
04:06:15 PM  111   10.31    0.00   48.45    0.00    0.00    0.00    0.00    0.00    0.00   41.24
04:06:15 PM  112    9.00    0.00   57.00    0.00    0.00    0.00    0.00    0.00    0.00   34.00
04:06:15 PM  113    8.25    0.00   54.64    0.00    0.00    0.00    0.00    0.00    0.00   37.11
04:06:15 PM  114   14.58    0.00   50.00    0.00    0.00    0.00    0.00    0.00    0.00   35.42
04:06:15 PM  115   11.34    0.00   52.58    1.03    0.00    0.00    0.00    0.00    0.00   35.05
04:06:15 PM  116   11.58    0.00   48.42    1.05    0.00    0.00    0.00    0.00    0.00   38.95
04:06:15 PM  117   12.50    0.00   46.88    1.04    0.00    0.00    0.00    0.00    0.00   39.58
04:06:15 PM  118    3.09    0.00   60.82    0.00    0.00    0.00    0.00    0.00    0.00   36.08
04:06:15 PM  119    6.19    0.00   56.70    0.00    0.00    0.00    0.00    0.00    0.00   37.11
04:06:15 PM  120   14.89    0.00   44.68    0.00    0.00    0.00    0.00    0.00    0.00   40.43
04:06:15 PM  121   25.53    0.00   36.17    0.00    0.00    0.00    0.00    0.00    0.00   38.30
04:06:15 PM  122   13.68    0.00   43.16    0.00    0.00    0.00    0.00    0.00    0.00   43.16
04:06:15 PM  123   10.20    0.00   47.96    0.00    0.00    0.00    0.00    0.00    0.00   41.84
04:06:15 PM  124   13.68    0.00   41.05    0.00    0.00    0.00    0.00    0.00    0.00   45.26
04:06:15 PM  125    7.53    0.00   46.24    1.08    0.00    0.00    0.00    0.00    0.00   45.16
04:06:15 PM  126   14.58    0.00   45.83    0.00    0.00    0.00    0.00    0.00    0.00   39.58
04:06:15 PM  127   13.54    0.00   47.92    0.00    0.00    0.00    0.00    0.00    0.00   38.54
04:06:15 PM  128    4.40    0.00   23.08    2.20    0.00    0.00    0.00    0.00    0.00   70.33
04:06:15 PM  129    2.20    0.00   20.88    0.00    0.00    0.00    0.00    0.00    0.00   76.92
04:06:15 PM  130    7.61    0.00   26.09    1.09    0.00    0.00    0.00    0.00    0.00   65.22
04:06:15 PM  131   10.87    0.00   28.26    2.17    0.00    0.00    0.00    0.00    0.00   58.70
04:06:15 PM  132    4.44    0.00   23.33    1.11    0.00    0.00    0.00    0.00    0.00   71.11
04:06:15 PM  133    6.59    0.00   23.08    2.20    0.00    0.00    0.00    0.00    0.00   68.13
04:06:15 PM  134    2.22    0.00   23.33    1.11    0.00    0.00    0.00    0.00    0.00   73.33
04:06:15 PM  135    9.89    0.00   24.18    2.20    0.00    0.00    0.00    0.00    0.00   63.74
04:06:15 PM  136    5.43    0.00   20.65    1.09    0.00    0.00    0.00    0.00    0.00   72.83
04:06:15 PM  137    2.22    0.00   21.11    1.11    0.00    0.00    0.00    0.00    0.00   75.56
04:06:15 PM  138    4.26    0.00   24.47    2.13    0.00    0.00    0.00    0.00    0.00   69.15
04:06:15 PM  139    2.13    0.00   23.40    2.13    0.00    0.00    0.00    0.00    0.00   72.34
04:06:15 PM  140    7.69    0.00   26.37    1.10    0.00    0.00    0.00    0.00    0.00   64.84
04:06:15 PM  141    2.17    0.00   20.65    1.09    0.00    0.00    0.00    0.00    0.00   76.09
04:06:15 PM  142    2.17    0.00   17.39    1.09    0.00    0.00    0.00    0.00    0.00   79.35
04:06:15 PM  143    4.35    0.00   27.17    0.00    0.00    0.00    0.00    0.00    0.00   68.48
04:06:15 PM  144    3.26    0.00   20.65    2.17    0.00    0.00    0.00    0.00    0.00   73.91
04:06:15 PM  145    4.44    0.00   25.56    2.22    0.00    0.00    0.00    0.00    0.00   67.78
04:06:15 PM  146    9.89    0.00   27.47    1.10    0.00    0.00    0.00    0.00    0.00   61.54
04:06:15 PM  147    7.61    0.00   22.83    3.26    0.00    0.00    0.00    0.00    0.00   66.30
04:06:15 PM  148    6.59    0.00   24.18    1.10    0.00    0.00    0.00    0.00    0.00   68.13
04:06:15 PM  149   19.15    0.00   24.47    1.06    0.00    0.00    0.00    0.00    0.00   55.32
04:06:15 PM  150    8.70    0.00   26.09    1.09    0.00    0.00    0.00    0.00    0.00   64.13
04:06:15 PM  151    4.30    0.00   20.43    2.15    0.00    0.00    0.00    0.00    0.00   73.12
04:06:15 PM  152    5.43    0.00   27.17    1.09    0.00    0.00    0.00    0.00    0.00   66.30
04:06:15 PM  153    5.49    0.00   23.08    0.00    0.00    0.00    0.00    0.00    0.00   71.43
04:06:15 PM  154    3.30    0.00   21.98    3.30    0.00    0.00    0.00    0.00    0.00   71.43
04:06:15 PM  155    5.43    0.00   22.83    1.09    0.00    0.00    0.00    0.00    0.00   70.65
04:06:15 PM  156    9.57    0.00   25.53    1.06    0.00    0.00    0.00    0.00    0.00   63.83
04:06:15 PM  157    5.43    0.00   26.09    4.35    0.00    0.00    0.00    0.00    0.00   64.13
04:06:15 PM  158    1.12    0.00   22.47    1.12    0.00    0.00    0.00    0.00    0.00   75.28
04:06:15 PM  159    3.33    0.00   23.33    2.22    0.00    0.00    0.00    0.00    0.00   71.11
04:06:15 PM  160    9.57    0.00   23.40    0.00    0.00    0.00    0.00    0.00    0.00   67.02
04:06:15 PM  161    5.49    0.00   25.27    1.10    0.00    0.00    0.00    0.00    0.00   68.13
04:06:15 PM  162    1.10    0.00   23.08    0.00    0.00    0.00    0.00    0.00    0.00   75.82
04:06:15 PM  163    5.32    0.00   23.40    1.06    0.00    0.00    0.00    0.00    0.00   70.21
04:06:15 PM  164    9.38    0.00   25.00    0.00    0.00    0.00    0.00    0.00    0.00   65.62
04:06:15 PM  165   13.68    0.00   30.53    1.05    0.00    0.00    0.00    0.00    0.00   54.74
04:06:15 PM  166   12.77    0.00   24.47    1.06    0.00    0.00    0.00    0.00    0.00   61.70
04:06:15 PM  167    5.38    0.00   26.88    1.08    0.00    0.00    0.00    0.00    0.00   66.67
04:06:15 PM  168   10.75    0.00   33.33    1.08    0.00    0.00    0.00    0.00    0.00   54.84
04:06:15 PM  169   13.83    0.00   31.91    1.06    0.00    0.00    0.00    0.00    0.00   53.19
04:06:15 PM  170    8.33    0.00   37.50    0.00    0.00    0.00    0.00    0.00    0.00   54.17
04:06:15 PM  171   11.83    0.00   30.11    1.08    0.00    0.00    0.00    0.00    0.00   56.99
04:06:15 PM  172   10.42    0.00   32.29    2.08    0.00    0.00    0.00    0.00    0.00   55.21
04:06:15 PM  173    6.52    0.00   33.70    1.09    0.00    0.00    0.00    0.00    0.00   58.70
04:06:15 PM  174    8.51    0.00   29.79    1.06    0.00    0.00    0.00    0.00    0.00   60.64
04:06:15 PM  175    7.29    0.00   29.17    2.08    0.00    0.00    0.00    0.00    0.00   61.46
04:06:15 PM  176    4.30    0.00   29.03    1.08    0.00    0.00    0.00    0.00    0.00   65.59
04:06:15 PM  177   10.64    0.00   31.91    0.00    0.00    0.00    0.00    0.00    0.00   57.45
04:06:15 PM  178    5.49    0.00   23.08    1.10    0.00    0.00    0.00    0.00    0.00   70.33
04:06:15 PM  179    4.35    0.00   29.35    1.09    0.00    0.00    0.00    0.00    0.00   65.22
04:06:15 PM  180    5.43    0.00   27.17    1.09    0.00    0.00    0.00    0.00    0.00   66.30
04:06:15 PM  181   10.64    0.00   29.79    0.00    0.00    0.00    0.00    0.00    0.00   59.57
04:06:15 PM  182    5.43    0.00   27.17    0.00    0.00    0.00    0.00    0.00    0.00   67.39
04:06:15 PM  183    6.45    0.00   25.81    1.08    0.00    0.00    0.00    0.00    0.00   66.67
04:06:15 PM  184   11.70    0.00   26.60    0.00    0.00    0.00    0.00    0.00    0.00   61.70
04:06:15 PM  185   16.84    0.00   28.42    0.00    0.00    0.00    0.00    0.00    0.00   54.74
04:06:15 PM  186   15.05    0.00   30.11    1.08    0.00    0.00    0.00    0.00    0.00   53.76
04:06:15 PM  187    4.49    0.00   22.47    1.12    0.00    0.00    0.00    0.00    0.00   71.91
04:06:15 PM  188    9.68    0.00   27.96    0.00    0.00    0.00    0.00    0.00    0.00   62.37
04:06:15 PM  189   11.83    0.00   27.96    0.00    0.00    0.00    0.00    0.00    0.00   60.22
04:06:15 PM  190    5.43    0.00   26.09    0.00    0.00    0.00    0.00    0.00    0.00   68.48
04:06:15 PM  191    9.68    0.00   22.58    1.08    0.00    0.00    0.00    0.00    0.00   66.67
04:06:15 PM  192    6.25    0.00   55.21    0.00    0.00    0.00    0.00    0.00    0.00   38.54
04:06:15 PM  193   11.00    0.00   54.00    0.00    0.00    0.00    0.00    0.00    0.00   35.00
04:06:15 PM  194    9.18    0.00   54.08    0.00    0.00    0.00    0.00    0.00    0.00   36.73
04:06:15 PM  195   10.20    0.00   51.02    0.00    0.00    0.00    0.00    0.00    0.00   38.78
04:06:15 PM  196    7.07    0.00   54.55    0.00    0.00    0.00    0.00    0.00    0.00   38.38
04:06:15 PM  197   10.31    0.00   50.52    0.00    0.00    0.00    0.00    0.00    0.00   39.18
04:06:15 PM  198   10.42    0.00   70.83    0.00    0.00    0.00    0.00    0.00    0.00   18.75
04:06:15 PM  199    9.38    0.00   52.08    1.04    0.00    0.00    0.00    0.00    0.00   37.50
04:06:15 PM  200    8.25    0.00   52.58    0.00    0.00    0.00    0.00    0.00    0.00   39.18
04:06:15 PM  201    9.18    0.00   52.04    0.00    0.00    0.00    0.00    0.00    0.00   38.78
04:06:15 PM  202    9.57    0.00   47.87    1.06    0.00    0.00    0.00    0.00    0.00   41.49
04:06:15 PM  203    7.14    0.00   56.12    0.00    0.00    0.00    0.00    0.00    0.00   36.73
04:06:15 PM  204   11.46    0.00   50.00    0.00    0.00    0.00    0.00    0.00    0.00   38.54
04:06:15 PM  205    7.29    0.00   54.17    1.04    0.00    0.00    0.00    0.00    0.00   37.50
04:06:15 PM  206   12.50    0.00   50.00    0.00    0.00    0.00    0.00    0.00    0.00   37.50
04:06:15 PM  207   10.31    0.00   52.58    0.00    0.00    0.00    0.00    0.00    0.00   37.11
04:06:15 PM  208   16.16    0.00   47.47    0.00    0.00    0.00    0.00    0.00    0.00   36.36
04:06:15 PM  209    9.09    0.00   55.56    0.00    0.00    0.00    0.00    0.00    0.00   35.35
04:06:15 PM  210    8.08    0.00   55.56    0.00    0.00    0.00    0.00    0.00    0.00   36.36
04:06:15 PM  211   26.00    0.00   43.00    0.00    0.00    0.00    0.00    0.00    0.00   31.00
04:06:15 PM  212   21.43    0.00   45.92    0.00    0.00    0.00    0.00    0.00    0.00   32.65
04:06:15 PM  213   10.20    0.00   52.04    0.00    0.00    0.00    0.00    0.00    0.00   37.76
04:06:15 PM  214   10.20    0.00   53.06    0.00    0.00    0.00    0.00    0.00    0.00   36.73
04:06:15 PM  215    9.18    0.00   54.08    0.00    0.00    0.00    0.00    0.00    0.00   36.73
04:06:15 PM  216   15.15    0.00   55.56    0.00    0.00    0.00    0.00    0.00    0.00   29.29
04:06:15 PM  217   12.24    0.00   55.10    0.00    0.00    0.00    0.00    0.00    0.00   32.65
04:06:15 PM  218    7.14    0.00   56.12    0.00    0.00    0.00    0.00    0.00    0.00   36.73
04:06:15 PM  219    9.09    0.00   55.56    0.00    0.00    0.00    0.00    0.00    0.00   35.35
04:06:15 PM  220   19.39    0.00   46.94    0.00    0.00    0.00    0.00    0.00    0.00   33.67
04:06:15 PM  221   18.18    0.00   51.52    0.00    0.00    0.00    0.00    0.00    0.00   30.30
04:06:15 PM  222   12.37    0.00   53.61    0.00    0.00    0.00    0.00    0.00    0.00   34.02
04:06:15 PM  223   23.23    0.00   42.42    0.00    0.00    0.00    0.00    0.00    0.00   34.34
04:06:15 PM  224    6.12    0.00   51.02    1.02    0.00    0.00    0.00    0.00    0.00   41.84
04:06:15 PM  225    9.18    0.00   57.14    0.00    0.00    0.00    0.00    0.00    0.00   33.67
04:06:15 PM  226    8.16    0.00   55.10    0.00    0.00    0.00    0.00    0.00    0.00   36.73
04:06:15 PM  227   13.27    0.00   50.00    0.00    0.00    0.00    0.00    0.00    0.00   36.73
04:06:15 PM  228    8.33    0.00   54.17    0.00    0.00    0.00    0.00    0.00    0.00   37.50
04:06:15 PM  229   23.40    0.00   36.17    0.00    0.00    0.00    0.00    0.00    0.00   40.43
04:06:15 PM  230    8.08    0.00   54.55    0.00    0.00    0.00    0.00    0.00    0.00   37.37
04:06:15 PM  231   11.34    0.00   51.55    0.00    0.00    0.00    0.00    0.00    0.00   37.11
04:06:15 PM  232   14.29    0.00   46.94    0.00    0.00    0.00    0.00    0.00    0.00   38.78
04:06:15 PM  233    9.28    0.00   48.45    1.03    0.00    0.00    0.00    0.00    0.00   41.24
04:06:15 PM  234   19.39    0.00   45.92    1.02    0.00    0.00    0.00    0.00    0.00   33.67
04:06:15 PM  235   16.67    0.00   50.00    0.00    0.00    0.00    0.00    0.00    0.00   33.33
04:06:15 PM  236   13.40    0.00   49.48    0.00    0.00    0.00    0.00    0.00    0.00   37.11
04:06:15 PM  237    7.53    0.00   49.46    0.00    0.00    0.00    0.00    0.00    0.00   43.01
04:06:15 PM  238   13.13    0.00   47.47    0.00    0.00    0.00    0.00    0.00    0.00   39.39
04:06:15 PM  239   14.74    0.00   47.37    0.00    0.00    0.00    0.00    0.00    0.00   37.89
04:06:15 PM  240    7.07    0.00   54.55    0.00    0.00    0.00    0.00    0.00    0.00   38.38
04:06:15 PM  241   10.00    0.00   53.00    0.00    0.00    0.00    0.00    0.00    0.00   37.00
04:06:15 PM  242    8.33    0.00   51.04    0.00    0.00    0.00    0.00    0.00    0.00   40.62
04:06:15 PM  243   14.43    0.00   43.30    1.03    0.00    0.00    0.00    0.00    0.00   41.24
04:06:15 PM  244    9.28    0.00   50.52    0.00    0.00    0.00    0.00    0.00    0.00   40.21
04:06:15 PM  245    6.25    0.00   50.00    1.04    0.00    0.00    0.00    0.00    0.00   42.71
04:06:15 PM  246   16.49    0.00   46.39    0.00    0.00    0.00    0.00    0.00    0.00   37.11
04:06:15 PM  247    8.25    0.00   51.55    1.03    0.00    0.00    0.00    0.00    0.00   39.18
04:06:15 PM  248   13.83    0.00   47.87    1.06    0.00    0.00    0.00    0.00    0.00   37.23
04:06:15 PM  249    1.05    0.00   61.05    0.00    0.00    0.00    0.00    0.00    0.00   37.89
04:06:15 PM  250   11.70    0.00   45.74    8.51    0.00    0.00    0.00    0.00    0.00   34.04
04:06:15 PM  251    6.19    0.00   53.61    0.00    0.00    0.00    0.00    0.00    0.00   40.21
04:06:15 PM  252   14.58    0.00   42.71    1.04    0.00    0.00    0.00    0.00    0.00   41.67
04:06:15 PM  253    9.57    0.00   46.81    0.00    0.00    0.00    0.00    0.00    0.00   43.62
04:06:15 PM  254   12.37    0.00   44.33    1.03    0.00    0.00    0.00    0.00    0.00   42.27
04:06:15 PM  255    9.47    0.00   49.47    0.00    0.00    0.00    0.00    0.00    0.00   41.05
